<?xml version="1.0" encoding="utf-8"?>
<COLLADA xmlns="http://www.collada.org/2005/11/COLLADASchema" version="1.4.1" xmlns:xsi="http://www.w3.org/2001/XMLSchema-instance">
  <asset>
    <contributor>
      <author>Blender User</author>
      <authoring_tool>Blender 2.80.75 commit date:2019-07-29, commit time:14:47, hash:f6cb5f54494e</authoring_tool>
    </contributor>
    <created>2019-08-20T11:00:15</created>
    <modified>2019-08-20T11:00:15</modified>
    <unit name="meter" meter="1"/>
    <up_axis>Z_UP</up_axis>
  </asset>
  <library_cameras>
    <camera id="Camera-camera" name="Camera">
      <optics>
        <technique_common>
          <perspective>
            <xfov sid="xfov">39.59775</xfov>
            <aspect_ratio>1.777778</aspect_ratio>
            <znear sid="znear">0.1</znear>
            <zfar sid="zfar">100</zfar>
          </perspective>
        </technique_common>
      </optics>
      <extra>
        <technique profile="blender">
          <shiftx sid="shiftx" type="float">0</shiftx>
          <shifty sid="shifty" type="float">0</shifty>
          <dof_distance sid="dof_distance" type="float">10</dof_distance>
        </technique>
      </extra>
    </camera>
  </library_cameras>
  <library_lights>
    <light id="Light-light" name="Light">
      <technique_common>
        <point>
          <color sid="color">1000 1000 1000</color>
          <constant_attenuation>1</constant_attenuation>
          <linear_attenuation>0</linear_attenuation>
          <quadratic_attenuation>0.00111109</quadratic_attenuation>
        </point>
      </technique_common>
      <extra>
        <technique profile="blender">
          <type sid="type" type="int">0</type>
          <flag sid="flag" type="int">0</flag>
          <mode sid="mode" type="int">1</mode>
          <gamma sid="blender_gamma" type="float">1</gamma>
          <red sid="red" type="float">1</red>
          <green sid="green" type="float">1</green>
          <blue sid="blue" type="float">1</blue>
          <shadow_r sid="blender_shadow_r" type="float">0</shadow_r>
          <shadow_g sid="blender_shadow_g" type="float">0</shadow_g>
          <shadow_b sid="blender_shadow_b" type="float">0</shadow_b>
          <energy sid="blender_energy" type="float">1000</energy>
          <dist sid="blender_dist" type="float">29.99998</dist>
          <spotsize sid="spotsize" type="float">75</spotsize>
          <spotblend sid="spotblend" type="float">0.15</spotblend>
          <att1 sid="att1" type="float">0</att1>
          <att2 sid="att2" type="float">1</att2>
          <falloff_type sid="falloff_type" type="int">2</falloff_type>
          <clipsta sid="clipsta" type="float">0.04999995</clipsta>
          <clipend sid="clipend" type="float">30.002</clipend>
          <bias sid="bias" type="float">1</bias>
          <soft sid="soft" type="float">3</soft>
          <bufsize sid="bufsize" type="int">2880</bufsize>
          <samp sid="samp" type="int">3</samp>
          <buffers sid="buffers" type="int">1</buffers>
          <area_shape sid="area_shape" type="int">1</area_shape>
          <area_size sid="area_size" type="float">0.1</area_size>
          <area_sizey sid="area_sizey" type="float">0.1</area_sizey>
          <area_sizez sid="area_sizez" type="float">1</area_sizez>
        </technique>
      </extra>
    </light>
  </library_lights>
  <library_images/>
  <library_geometries>
    <geometry id="M-CAISSE-mesh" name="M-CAISSE">
      <mesh>
        <source id="M-CAISSE-mesh-positions">
          <float_array id="M-CAISSE-mesh-positions-array" count="4521">1079.764 55.85909 156.5 1083.079 48.75 156.5 389.3757 0 156.5 1087.578 42.32456 156.5 1093.125 36.77799 156.5 1099.55 32.27886 156.5 307.1033 142.5 156.5 509.85 71.25 156.5 510.5337 63.43583 156.5 512.5639 55.85909 156.5 1106.659 28.96383 156.5 1114.236 26.93365 156.5 1289.478 0 156.5 515.8789 48.75 156.5 520.378 42.32456 156.5 525.9246 36.77799 156.5 547.0358 26.93365 156.5 554.85 26.25 156.5 562.6642 26.93365 156.5 532.35 32.27886 156.5 539.4591 28.96383 156.5 1077.734 63.43583 156.5 1289.478 0 916.5 389.3757 0 916.5 1166.366 63.43583 156.5 1371.75 142.5 156.5 1122.05 26.25 156.5 1129.864 26.93365 156.5 1137.441 28.96383 156.5 1144.55 32.27886 156.5 1150.975 36.77799 156.5 1156.522 42.32456 156.5 1161.021 48.75 156.5 1164.336 55.85909 156.5 1371.75 142.5 916.5 539.4591 28.96383 916.5 532.35 32.27886 916.5 562.6642 26.93365 916.5 525.9246 36.77799 916.5 520.378 42.32456 916.5 515.8789 48.75 916.5 554.85 26.25 916.5 547.0358 26.93365 916.5 512.5639 55.85909 916.5 510.5337 63.43583 916.5 307.1033 142.5 916.5 1161.021 48.75 916.5 1156.522 42.32456 916.5 1164.336 55.85909 916.5 1167.05 71.25 916.5 1166.366 63.43583 916.5 1150.975 36.77799 916.5 1144.55 32.27886 916.5 1137.441 28.96383 916.5 1129.864 26.93365 916.5 1122.05 26.25 916.5 1114.236 26.93365 916.5 597.1362 55.85909 916.5 593.8212 48.75 916.5 589.322 42.32456 916.5 583.7755 36.77799 916.5 599.1663 63.43583 916.5 577.35 32.27886 916.5 570.2409 28.96383 916.5 547.0358 26.93365 94.5 554.85 26.25 94.5 562.6642 26.93365 94.5 554.85 71.25 94.5 1114.236 26.93365 94.5 1122.05 26.25 94.5 1129.864 26.93365 94.5 1122.05 71.25 94.5 554.85 26.25 978.5 547.0358 26.93365 978.5 1122.05 26.25 978.5 1114.236 26.93365 978.5 562.6642 26.93365 978.5 554.85 71.25 978.5 1129.864 26.93365 978.5 1122.05 71.25 978.5 539.4591 28.96383 94.5 570.2409 28.96383 94.5 1106.659 28.96383 94.5 1137.441 28.96383 94.5 1077.05 71.25 156.5 570.2409 28.96383 156.5 539.4591 28.96383 978.5 599.85 71.25 916.5 1106.659 28.96383 916.5 1106.659 28.96383 978.5 570.2409 28.96383 978.5 1137.441 28.96383 978.5 532.35 32.27886 94.5 577.35 32.27886 94.5 1099.55 32.27886 94.5 1144.55 32.27886 94.5 577.35 32.27886 156.5 532.35 32.27886 978.5 1099.55 32.27886 916.5 1099.55 32.27886 978.5 577.35 32.27886 978.5 1144.55 32.27886 978.5 525.9246 36.77799 94.5 583.7755 36.77799 94.5 1093.125 36.77799 94.5 1150.975 36.77799 94.5 583.7755 36.77799 156.5 525.9246 36.77799 978.5 1093.125 36.77799 916.5 1093.125 36.77799 978.5 583.7755 36.77799 978.5 1150.975 36.77799 978.5 520.378 42.32456 94.5 589.322 42.32456 94.5 1087.578 42.32456 94.5 1156.522 42.32456 94.5 589.322 42.32456 156.5 520.378 42.32456 978.5 1087.578 42.32456 916.5 1087.578 42.32456 978.5 589.322 42.32456 978.5 1156.522 42.32456 978.5 515.8789 48.75 94.5 593.8212 48.75 94.5 1083.079 48.75 94.5 1161.021 48.75 94.5 593.8212 48.75 156.5 1077.734 79.06417 156.5 515.8789 48.75 978.5 1083.079 48.75 916.5 1083.079 48.75 978.5 593.8212 48.75 978.5 1161.021 48.75 978.5 512.5639 55.85909 94.5 597.1362 55.85909 94.5 1079.764 55.85909 94.5 1164.336 55.85909 94.5 1106.659 113.5362 156.5 1099.55 110.2211 156.5 1093.125 105.722 156.5 1087.578 100.1754 156.5 1083.079 93.75 156.5 1114.236 115.5663 156.5 597.1362 55.85909 156.5 1079.764 86.64091 156.5 512.5639 55.85909 978.5 1079.764 55.85909 916.5 1079.764 55.85909 978.5 597.1362 55.85909 978.5 1164.336 55.85909 978.5 510.5337 63.43583 94.5 599.1663 63.43583 94.5 1077.734 63.43583 94.5 1166.366 63.43583 94.5 599.1663 63.43583 156.5 510.5337 63.43583 978.5 1077.734 63.43583 916.5 1077.734 63.43583 978.5 599.1663 63.43583 978.5 1166.366 63.43583 978.5 509.85 71.25 94.5 599.85 71.25 94.5 1077.05 71.25 94.5 1167.05 71.25 94.5 599.85 71.25 156.5 1167.05 71.25 156.5 509.85 71.25 916.5 509.85 71.25 978.5 1077.05 71.25 916.5 599.1663 79.06417 916.5 1077.05 71.25 978.5 599.85 71.25 978.5 1167.05 71.25 978.5 510.5337 79.06417 156.5 510.5337 79.06417 94.5 597.1362 86.64091 94.5 599.1663 79.06417 94.5 583.7755 105.722 94.5 589.322 100.1754 94.5 593.8212 93.75 94.5 562.6642 115.5663 94.5 570.2409 113.5362 94.5 577.35 110.2211 94.5 539.4591 113.5362 94.5 547.0358 115.5663 94.5 554.85 116.25 94.5 520.378 100.1754 94.5 525.9246 105.722 94.5 532.35 110.2211 94.5 512.5639 86.64091 94.5 515.8789 93.75 94.5 1077.734 79.06417 94.5 1164.336 86.64091 94.5 1166.366 79.06417 94.5 1150.975 105.722 94.5 1156.522 100.1754 94.5 1161.021 93.75 94.5 1129.864 115.5663 94.5 1137.441 113.5362 94.5 1144.55 110.2211 94.5 1106.659 113.5362 94.5 1114.236 115.5663 94.5 1122.05 116.25 94.5 1087.578 100.1754 94.5 1093.125 105.722 94.5 1099.55 110.2211 94.5 1079.764 86.64091 94.5 1083.079 93.75 94.5 599.1663 79.06417 156.5 1166.366 79.06417 156.5 510.5337 79.06417 916.5 510.5337 79.06417 978.5 577.35 110.2211 916.5 583.7755 105.722 916.5 589.322 100.1754 916.5 593.8212 93.75 916.5 597.1362 86.64091 916.5 1077.734 79.06417 916.5 562.6642 115.5663 916.5 570.2409 113.5362 916.5 1077.734 79.06417 978.5 1166.366 79.06417 916.5 599.1663 79.06417 978.5 512.5639 86.64091 978.5 525.9246 105.722 978.5 520.378 100.1754 978.5 515.8789 93.75 978.5 547.0358 115.5663 978.5 539.4591 113.5362 978.5 532.35 110.2211 978.5 570.2409 113.5362 978.5 562.6642 115.5663 978.5 554.85 116.25 978.5 589.322 100.1754 978.5 583.7755 105.722 978.5 577.35 110.2211 978.5 597.1362 86.64091 978.5 593.8212 93.75 978.5 1166.366 79.06417 978.5 1079.764 86.64091 978.5 1093.125 105.722 978.5 1087.578 100.1754 978.5 1083.079 93.75 978.5 1114.236 115.5663 978.5 1106.659 113.5362 978.5 1099.55 110.2211 978.5 1137.441 113.5362 978.5 1129.864 115.5663 978.5 1122.05 116.25 978.5 1156.522 100.1754 978.5 1150.975 105.722 978.5 1144.55 110.2211 978.5 1164.336 86.64091 978.5 1161.021 93.75 978.5 512.5639 86.64091 156.5 597.1362 86.64091 156.5 1164.336 86.64091 156.5 512.5639 86.64091 916.5 1079.764 86.64091 916.5 1164.336 86.64091 916.5 515.8789 93.75 156.5 593.8212 93.75 156.5 1161.021 93.75 156.5 515.8789 93.75 916.5 1083.079 93.75 916.5 1161.021 93.75 916.5 520.378 100.1754 156.5 589.322 100.1754 156.5 1156.522 100.1754 156.5 520.378 100.1754 916.5 1087.578 100.1754 916.5 1156.522 100.1754 916.5 525.9246 105.722 156.5 583.7755 105.722 156.5 1150.975 105.722 156.5 525.9246 105.722 916.5 1093.125 105.722 916.5 1150.975 105.722 916.5 532.35 110.2211 156.5 577.35 110.2211 156.5 1144.55 110.2211 156.5 532.35 110.2211 916.5 1099.55 110.2211 916.5 1144.55 110.2211 916.5 539.4591 113.5362 156.5 570.2409 113.5362 156.5 1137.441 113.5362 156.5 539.4591 113.5362 916.5 1106.659 113.5362 916.5 1137.441 113.5362 916.5 547.0358 115.5663 156.5 562.6642 115.5663 156.5 1129.864 115.5663 156.5 547.0358 115.5663 916.5 1114.236 115.5663 916.5 1129.864 115.5663 916.5 554.85 116.25 156.5 1122.05 116.25 156.5 554.85 116.25 916.5 1122.05 116.25 916.5 1437.75 142.5 153 1437.75 142.5 920 241.1033 142.5 153 925.408 214.5573 153 1293.29 214.4392 153 1294.29 215.5573 153 1437.75 720.5 153 734.4293 223.9393 920 241.1033 142.5 920 925.408 214.5573 920 1437.75 720.5 920 1294.29 215.5573 920 1293.29 214.4392 920 1437.75 373.447 186.8038 1437.75 370.0796 187.7061 1437.75 366.92 189.1795 1437.75 364.0643 191.1791 1437.75 361.5991 193.6442 1437.75 359.5995 196.5 1437.75 366.92 849.1795 1437.75 364.0643 851.1791 1437.75 370.0796 847.7061 1437.75 361.5991 853.6442 1437.75 359.5995 856.5 1437.75 380.393 186.8038 1437.75 376.92 186.5 1437.75 358.1262 199.6596 1437.75 357.2239 203.027 1437.75 356.92 206.5 1437.75 373.447 846.8038 1437.75 376.92 886.5 1437.75 373.447 886.1962 1437.75 358.1262 859.6596 1437.75 357.2239 863.027 1437.75 356.92 866.5 1437.75 357.2239 869.973 1437.75 358.1262 873.3405 1437.75 359.5995 876.5 1437.75 361.5991 879.3557 1437.75 364.0643 881.8209 1437.75 366.92 883.8206 1437.75 370.0796 885.2938 80.74999 235.08 920 80.74999 235.08 153 924.29 215.5573 153 366.5507 203.9393 153 365.49 205 153 366.5507 203.9393 920 365.49 205 0 366.5507 203.9393 0 466.1113 303.5 0 466.1113 303.5 153 654.8687 303.5 153 734.4293 223.9393 153 365.49 205 920 466.1113 303.5 920 366.5507 203.9393 1073 365.49 205 1073 466.1113 303.5 1073 465.49 305 1073 465.49 305 153 465.49 305 0 83.02325 359.0036 153 82.37345 357.3396 153 80.74999 354.4671 153 81.63202 355.8775 153 465.49 305 920 83.77302 362.4369 920 1294.29 215.5573 0 1293.29 214.4392 0 1193.717 303.5 153 1193.717 303.5 0 1194.29 305 0 1193.717 303.5 920 1004.961 303.5 920 1293.29 214.4392 1073 1193.717 303.5 1073 1294.29 215.5573 1073 924.29 215.5573 0 925.408 214.5573 0 1004.961 303.5 0 1004.961 303.5 153 924.29 215.5573 920 655.49 305 920 735.49 225 920 925.408 214.5573 1073 924.29 215.5573 1073 1004.961 303.5 1073 1004.29 305 1073 1004.29 305 153 1004.29 305 0 1194.29 305 153 1004.29 305 920 1194.29 305 920 1194.29 305 1073 735.49 225 0 734.4293 223.9393 0 654.8687 303.5 0 655.49 305 0 735.49 225 153 654.8687 303.5 920 734.4293 223.9393 1073 654.8687 303.5 1073 735.49 225 1073 655.49 305 153 655.49 305 1073 80.74999 344.4838 209.973 80.74999 344.18 206.5 80.74999 345.3861 213.3404 80.74999 344.4838 203.027 80.74999 345.3861 199.6596 80.74999 346.8595 196.5 80.74999 351.3243 191.1791 80.74999 348.8591 193.6442 80.74999 348.8591 219.3557 80.74999 346.8595 216.5 80.74999 360.707 226.1961 80.74999 357.3396 225.2938 80.74999 354.18 223.8205 80.74999 351.3243 221.8209 80.74999 348.8591 879.3557 80.74999 346.8595 876.5 80.74999 345.3861 873.3405 80.74999 344.4838 869.973 80.74999 354.4671 920 80.74999 354.18 883.8206 80.74999 351.3243 881.8209 80.74999 370 343 80.74999 344.18 866.5 83.49097 360.707 920 83.02325 359.0036 920 82.37345 357.3396 920 81.63202 355.8775 920 83.49097 360.707 153 83.77302 362.4369 153 83.86731 364.18 153 83.77302 365.9231 153 215.85 720.5 153 83.49097 367.653 920 83.77302 365.9231 920 83.02325 369.3564 920 83.86731 364.18 920 80.74999 373.8929 920 81.63202 372.4826 920 82.37345 371.0204 920 215.85 720.5 920 80.74999 642.5 920 116.7635 344.4838 79.97296 19.99998 344.18 206.5 115 344.18 76.5 16.52706 344.4838 205.3663 113.2365 344.4838 73.02704 165 344.18 76.5 165 344.4838 79.97296 165 364.18 76.5 165 344.4838 73.02704 23.47297 344.4838 209.973 26.73549 344.7831 203.0798 19.99998 344.18 866.5 16.52706 344.4838 867.6338 26.73549 344.7831 869.9202 23.47297 344.4838 863.027 115 344.18 996.5 113.2365 344.4838 999.973 80.74999 344.4838 863.027 116.7635 344.4838 993.027 165 344.4838 999.973 165 344.18 996.5 165 364.18 996.5 165 344.4838 993.027 13.15957 345.3861 204.267 111.5266 345.3861 69.65959 165 345.3861 69.65959 118.4735 345.3861 83.3404 165 345.3861 83.3404 33.47099 345.3861 199.6596 13.15957 345.3861 868.733 26.84039 345.3861 213.3404 26.84039 345.3861 859.6596 80.74999 345.3861 859.6596 111.5266 345.3861 1003.34 33.47099 345.3861 873.3405 118.4735 345.3861 989.6596 165 345.3861 989.6596 165 345.3861 1003.34 9.999991 346.8595 203.2355 109.9221 346.8595 66.5 165 346.8595 66.5 120.0779 346.8595 86.5 165 346.8595 86.5 39.69329 346.8595 196.5 9.999991 346.8595 869.7645 30.00003 346.8595 216.5 30.00003 346.8595 856.5 80.74999 346.8595 856.5 109.9221 346.8595 1006.5 39.69329 346.8595 876.5 120.0779 346.8595 986.5 165 346.8595 986.5 165 346.8595 1006.5 7.144272 348.8591 202.3033 108.472 348.8591 63.64424 165 348.8591 63.64424 121.528 348.8591 89.35575 165 348.8591 89.35575 45.31717 348.8591 193.6442 7.144272 348.8591 870.6967 32.85575 348.8591 219.3557 32.85575 348.8591 853.6442 80.74999 348.8591 853.6442 108.472 348.8591 1009.356 45.31717 348.8591 879.3557 121.528 348.8591 983.6442 165 348.8591 983.6442 165 348.8591 1009.356 4.679143 351.3243 201.4985 107.2202 351.3243 61.17911 165 351.3243 61.17911 122.7798 351.3243 91.82089 165 351.3243 91.82089 50.17185 351.3243 191.1791 4.679143 351.3243 871.5015 35.32088 351.3243 221.8209 35.32088 351.3243 851.1791 80.74999 351.3243 851.1791 107.2202 351.3243 1011.821 50.17185 351.3243 881.8209 122.7798 351.3243 981.1791 165 351.3243 981.1791 165 351.3243 1011.821 106.6809 352.7085 60.11695 165 354.18 59.17949 123.3191 352.7085 92.88304 165 354.18 93.82051 123.7952 354.18 93.82051 54.10975 354.18 189.1795 80.74999 354.18 189.1795 3.616989 352.7085 201.1518 3.616989 352.7085 871.8482 36.38303 352.7085 222.883 37.32049 354.18 849.1795 36.38303 352.7085 850.117 37.32049 354.18 223.8205 80.74999 354.18 849.1795 106.6809 352.7085 1012.883 54.10975 354.18 883.8206 123.7952 354.18 979.1795 123.3191 352.7085 980.117 165 354.18 979.1795 165 354.18 1013.821 106.2049 354.18 59.17949 2.679467 354.18 200.8458 2.679467 354.18 872.1542 106.2049 354.18 1013.821 105.7957 355.7276 58.37384 165 357.3396 57.70615 124.2042 355.7276 94.62615 165 357.3396 95.29385 124.5433 357.3396 95.29385 55.69631 355.7276 188.3738 80.74999 357.3396 187.7061 1.873851 355.7276 200.5828 1.873851 355.7276 872.4172 38.12617 355.7276 224.6262 38.12617 355.7276 848.3739 38.79386 357.3396 847.7061 38.79386 357.3396 225.2938 80.74999 357.3396 847.7061 105.7957 355.7276 1014.626 55.69631 355.7276 884.6262 80.74999 357.3396 885.2938 57.01124 357.3396 885.2938 124.2042 355.7276 978.3739 165 357.3396 977.7061 165 357.3396 1015.294 80.74999 360.707 186.8038 80.74999 355.8775 154.207 80.74999 360.707 886.1962 80.74999 355.8775 918.793 124.5433 357.3396 977.7061 105.4567 357.3396 57.70615 57.01124 357.3396 187.7061 1.20616 357.3396 200.3648 1.20616 357.3396 872.6352 105.4567 357.3396 1015.294 80.74999 357.3396 917.7785 80.74999 357.3396 155.2215 1344.65 376.92 71.47884 1344.65 357.2239 68.00588 1344.65 356.92 71.47884 1344.65 357.2239 74.95181 1444.65 356.92 71.47884 1442.041 357.2239 74.95181 1447.259 357.2239 68.00588 1492.95 356.92 238.1465 1489.477 357.2239 238.6396 1472.95 356.92 206.5 1472.95 357.2239 209.973 1437.75 357.2239 209.973 1437.75 376.92 846.5 1472.95 357.2239 203.027 1472.95 359.7551 204.7182 1489.477 357.2239 834.3604 1492.95 356.92 834.8535 1496.423 357.2239 237.6535 1442.041 357.2239 998.0482 1444.65 356.92 1001.521 1496.423 357.2239 835.3465 1472.95 356.92 866.5 1472.95 357.2239 869.973 1472.95 357.2239 863.027 1472.95 359.5995 867.9404 1344.65 376.92 1001.521 1344.65 357.2239 998.0482 1344.65 356.92 1001.521 1344.65 357.2239 1004.994 1447.259 357.2239 1004.994 1344.65 358.1262 64.63844 1449.79 358.1262 64.63844 1344.65 358.1262 78.31925 1439.51 358.1262 78.31925 1486.11 358.1262 239.1177 1472.95 358.1262 199.6596 1472.95 358.1262 213.3404 1437.75 358.1262 213.3404 1499.79 358.1262 237.1753 1486.11 358.1262 833.8823 1439.51 358.1262 994.6808 1499.79 358.1262 835.8246 1472.95 358.1262 859.6596 1472.95 361.7442 858.0971 1472.95 358.1262 873.3405 1344.65 358.1262 994.6808 1344.65 358.1262 1008.362 1449.79 358.1262 1008.362 105.1903 359.0036 57.18148 165 360.707 56.80384 124.8097 359.0036 95.81851 165 360.707 96.19615 125.0015 360.707 96.19615 80.74999 359.0036 156.1107 58.04449 359.0036 187.1815 0.6814599 359.0036 200.1935 39.3185 359.0036 225.8185 39.3185 359.0036 847.1815 39.69615 360.707 846.8038 39.69615 360.707 226.1961 80.74999 370 730 80.74999 370 843 80.74999 360.707 846.8038 0.6814599 359.0036 872.8065 105.1903 359.0036 1015.819 58.04449 359.0036 885.8186 58.78818 360.707 886.1962 80.74999 359.0036 916.8892 124.8097 359.0036 977.1815 165 360.707 976.8038 165 360.707 1016.196 1344.65 359.5995 61.47884 1452.163 359.5995 61.47884 1344.65 359.5995 81.47885 1437.136 359.5995 81.47885 1472.95 358.6498 198.3638 1470.469 359.5995 196.5 1472.95 359.5995 216.5 1437.75 359.5995 216.5 1472.95 361.5991 215.3193 1502.95 359.5995 236.7268 1482.95 359.5995 833.4337 1482.95 359.5995 239.5663 1472.95 358.6498 874.6362 1502.95 359.5995 836.2733 1472.95 359.5995 856.5 1470.469 359.5995 876.5 1344.65 359.5995 991.5212 1437.136 359.5995 991.5212 1344.65 359.5995 1011.521 1452.163 359.5995 1011.521 104.9985 360.707 56.80384 80.74999 360.707 156.7508 58.78818 360.707 186.8038 0.3038645 360.707 200.0702 0.3038645 360.707 872.9298 104.9985 360.707 1016.196 80.74999 360.707 916.2492 125.0015 360.707 976.8038 1344.65 361.5991 58.62308 1454.309 361.5991 58.62308 1344.65 361.5991 84.33459 1434.991 361.5991 84.33459 1466.669 361.5991 193.6442 1472.95 361.5991 219.3557 1437.75 361.5991 219.3557 1505.806 361.5991 236.3213 1480.094 361.5991 833.0282 1480.094 361.5991 239.9718 1505.806 361.5991 836.6787 1472.95 361.5991 853.6442 1466.669 361.5991 879.3557 1434.991 361.5991 988.6654 1344.65 361.5991 988.6654 1344.65 361.5991 1014.377 1454.309 361.5991 1014.377 104.8829 362.4369 56.5761 165 364.18 56.5 125.1171 362.4369 96.42389 165 364.18 96.5 125.1557 364.18 96.5 80.74999 362.4369 157.1368 59.04954 361.5695 186.6711 80.74999 364.18 157.2658 80.74999 364.18 186.5 59.23664 362.4369 186.5761 59.34906 363.3076 186.519 0.07611513 362.4369 199.9959 39.9239 362.4369 226.4239 39.9239 362.4369 846.5761 40.00002 364.18 846.5 80.74999 370 230 80.74999 364.18 226.5 40.00002 364.18 226.5 80.74999 364.18 846.5 0.07611513 362.4369 873.0041 104.8829 362.4369 1016.424 59.04954 361.5695 886.3289 80.74999 362.4369 915.8632 80.74999 364.18 886.5 59.23664 362.4369 886.4239 59.38655 364.18 886.5 59.34906 363.3076 886.481 125.1171 362.4369 976.5761 165 364.18 976.5 165 364.18 1016.5 1344.65 364.0643 56.15795 1456.161 364.0643 56.15795 1344.65 364.0643 86.79973 1433.139 364.0643 86.79973 1463.388 364.0643 191.1791 1472.95 363.0537 220.9126 1437.75 364.0643 221.8209 1508.271 364.0643 235.9713 1477.629 364.0643 832.6782 1477.629 364.0643 240.3218 1472.302 364.1019 221.7751 1472.95 363.0537 852.0874 1508.271 364.0643 837.0287 1463.388 364.0643 881.8209 1433.139 364.0643 986.2003 1344.65 364.0643 986.2003 1344.65 364.0643 1016.842 1456.161 364.0643 1016.842 104.8443 364.18 56.5 59.38655 364.18 186.5 0 364.18 199.9711 0 364.18 873.0289 104.8443 364.18 1016.5 80.74999 364.18 915.7343 125.1557 364.18 976.5 1472.268 364.0643 851.1791 1344.65 366.92 54.15833 1456.959 365.4485 55.0958 1344.65 366.92 88.79935 1432.341 365.4485 87.86188 1461.974 365.4485 190.117 1460.726 366.92 189.1795 1471.469 365.4485 222.883 1437.75 366.92 223.8205 1509.333 365.4485 235.8205 1476.567 365.4485 240.4726 1471.469 365.4485 850.117 1476.567 365.4485 832.5274 1475.63 366.92 240.6057 1456.959 365.4485 1017.904 1509.333 365.4485 837.1795 1470.765 366.92 849.1795 1461.974 365.4485 882.883 1344.65 366.92 984.2007 1431.636 366.92 984.2007 1432.341 365.4485 985.1381 1344.65 366.92 1018.842 0.07611513 365.9231 199.9959 104.8829 365.9231 56.5761 165 367.653 56.80384 165 371.0204 95.29385 165 367.653 96.19615 165 379.5009 89.35575 165 377.0358 91.82089 165 374.18 93.82051 165 383.8762 79.97296 165 382.9739 83.3404 165 381.5005 86.5 165 382.9739 69.65959 165 383.8762 73.02704 165 384.18 76.5 165 377.0358 61.17911 165 379.5009 63.64424 165 381.5005 66.5 165 371.0204 57.70615 165 374.18 59.17949 125.1171 365.9231 96.42389 80.74999 365.9231 157.1368 59.34906 365.0524 186.519 80.74999 367.653 186.8038 0.07611513 365.9231 873.0041 39.9239 365.9231 226.4239 39.69615 367.653 846.8038 39.9239 365.9231 846.5761 80.74999 367.653 226.1961 80.74999 367.653 846.8038 59.34906 365.0524 886.481 80.74999 365.9231 915.8632 80.74999 367.653 886.1962 125.1171 365.9231 976.5761 165 367.653 976.8038 165 371.0204 1015.294 165 367.653 1016.196 165 379.5009 1009.356 165 377.0358 1011.821 165 374.18 1013.821 165 383.8762 999.973 165 382.9739 1003.34 165 381.5005 1006.5 165 382.9739 989.6596 165 383.8762 993.027 165 384.18 996.5 165 377.0358 981.1791 165 379.5009 983.6442 165 381.5005 986.5 165 371.0204 977.7061 165 374.18 979.1795 104.8829 365.9231 1016.424 59.23664 365.9231 186.5761 59.23664 365.9231 886.4239 1457.664 366.92 54.15833 1431.636 366.92 88.79935 1470.765 366.92 223.8205 1510.27 366.92 235.6874 1475.63 366.92 832.3943 1457.664 366.92 1018.842 1510.27 366.92 837.3126 1460.726 366.92 883.8206 0.3038645 367.653 200.0702 104.9985 367.653 56.80384 125.0015 367.653 96.19615 80.74999 642.5 153 83.49097 367.653 153 80.74999 367.653 156.7508 58.78818 367.653 186.8038 59.04954 366.7905 186.6711 0.3038645 367.653 872.9298 39.69615 367.653 226.1961 59.04954 366.7905 886.3289 80.74999 367.653 916.2492 58.78818 367.653 886.1962 125.0015 367.653 976.8038 104.9985 367.653 1016.196 1344.65 370.0796 52.68498 1458.269 368.4676 53.35268 1344.65 370.0796 90.27269 1431.031 368.4676 89.605 1459.654 368.4676 188.3738 1458.765 370.0796 187.7061 1470.16 368.4676 224.6262 1437.75 370.0796 225.2938 1511.076 368.4676 235.573 1474.824 368.4676 240.7201 1470.16 368.4676 848.3739 1474.824 368.4676 832.2799 1474.156 370.0796 240.8149 1458.269 368.4676 1019.647 1511.076 368.4676 837.427 1469.658 370.0796 847.7061 1459.654 368.4676 884.6262 1344.65 370.0796 982.7273 1430.529 370.0796 982.7273 1431.031 368.4676 983.395 1344.65 370.0796 1020.315 0.6814599 369.3564 200.1935 105.1903 369.3564 57.18148 83.02325 369.3564 153 124.8097 369.3564 95.81851 80.74999 369.3564 156.1107 58.04449 369.3564 187.1815 80.74999 371.0204 187.7061 80.74999 371.0204 155.2215 80.74999 373.8929 153 80.74999 372.4826 154.207 0.6814599 369.3564 872.8065 39.3185 369.3564 225.8185 38.79386 371.0204 847.7061 39.3185 369.3564 847.1815 80.74999 371.0204 225.2938 80.74999 371.0204 847.7061 58.04449 369.3564 885.8186 80.74999 369.3564 916.8892 80.74999 371.0204 917.7785 80.74999 371.0204 885.2938 80.74999 372.4826 918.793 124.8097 369.3564 977.1815 105.1903 369.3564 1015.819 1458.771 370.0796 52.68498 1430.529 370.0796 90.27269 1469.658 370.0796 225.2938 1511.744 370.0796 235.4782 1474.156 370.0796 832.1851 1458.771 370.0796 1020.315 1511.744 370.0796 837.5218 1458.765 370.0796 885.2938 1.20616 371.0204 200.3648 105.4567 371.0204 57.70615 124.5433 371.0204 95.29385 82.37345 371.0204 153 57.01124 371.0204 187.7061 1.20616 371.0204 872.6352 38.79386 371.0204 225.2938 57.01124 371.0204 885.2938 124.5433 371.0204 977.7061 105.4567 371.0204 1015.294 75.75 487 230 80.74999 487 230 75.75 370 230 75.75 370 343 74.87846 486.962 230.038 74.87846 370.0381 230.038 74.87846 370.0381 342.962 80.74999 374.18 223.8205 80.74999 379.5009 219.3557 80.74999 377.0358 221.8209 75.75 487 343 74.87846 486.962 342.962 80.74999 487 343 75.75 487 730 80.74999 487 730 75.75 370 730 75.75 370 843 74.87846 486.962 730.038 74.87846 370.0381 730.038 75.75 487 843 74.87846 486.962 842.962 74.87846 370.0381 842.962 80.74999 487 843 74.01354 486.8481 230.1519 74.01354 370.1519 230.1519 74.01354 370.1519 342.8481 74.01354 486.8481 342.8481 74.01354 486.8481 730.1519 74.01354 370.1519 730.1519 74.01354 486.8481 842.8481 74.01354 370.1519 842.8481 1344.65 373.447 51.78268 1459.165 371.7436 52.16032 1344.65 373.447 91.175 1430.135 371.7436 90.79736 1458.067 371.7436 187.1815 1457.564 373.447 186.8038 1469.264 371.7436 225.8185 1437.75 373.447 226.1961 1512.269 371.7436 837.5963 1512.269 371.7436 235.4037 1473.631 371.7436 240.8894 1469.264 371.7436 847.1815 1473.631 371.7436 832.1107 1473.254 373.447 240.943 1459.165 371.7436 1020.84 1468.98 373.447 846.8038 1458.067 371.7436 885.8186 1344.65 373.447 981.825 1429.851 373.447 981.825 1430.135 371.7436 982.2026 1344.65 373.447 1021.217 73.16184 486.6593 230.3407 73.16184 370.3407 230.3407 73.16184 370.3407 342.6593 73.16184 486.6593 730.3407 73.16184 370.3407 730.3407 73.16184 486.6593 842.6593 73.16184 370.3407 842.6593 72.32982 486.3969 230.6031 72.32982 370.6031 230.6031 73.16184 486.6593 342.6593 72.32982 370.6031 342.397 72.32982 486.3969 730.6031 72.32982 370.6031 730.6031 72.32982 486.3969 842.3969 72.32982 370.6031 842.3969 71.52384 486.0631 230.9369 71.52384 370.9369 230.9369 72.32982 486.3969 342.397 71.52384 486.0631 342.0631 71.52384 370.9369 342.0631 71.52384 486.0631 730.937 71.52384 370.9369 730.937 71.52384 486.0631 842.0631 71.52384 370.9369 842.0631 70.75 485.6603 231.3397 70.75 371.3398 231.3397 70.75 485.6603 341.6603 70.75 371.3398 341.6603 70.75 485.6603 731.3398 70.75 371.3398 731.3398 70.75 485.6603 841.6603 70.75 371.3398 841.6603 1.873851 372.6324 200.5828 105.7957 372.6324 58.37384 124.2042 372.6324 94.62615 81.63202 372.4826 153 55.69631 372.6324 188.3738 80.74999 374.18 189.1795 1.873851 372.6324 872.4172 38.12617 372.6324 224.6262 38.12617 372.6324 848.3739 37.32049 374.18 849.1795 80.74999 374.18 849.1795 55.69631 372.6324 884.6262 80.74999 374.18 883.8206 124.2042 372.6324 978.3739 105.7957 372.6324 1014.626 70.01424 485.1915 231.8085 70.01424 371.8085 231.8085 70.01424 371.8085 341.1915 70.01424 485.1915 731.8085 70.01424 371.8085 731.8085 70.01424 485.1915 841.1915 70.01424 371.8085 841.1915 1459.449 373.447 51.78268 1429.851 373.447 91.175 1468.98 373.447 226.1961 1512.646 373.447 837.6499 1512.646 373.447 235.3501 1473.254 373.447 832.057 1459.449 373.447 1021.217 1457.564 373.447 886.1962 69.32212 484.6604 232.3395 69.32212 372.3395 232.3395 70.01424 485.1915 341.1915 69.32212 372.3395 340.6604 69.32212 484.6604 732.3395 69.32212 372.3395 732.3395 69.32212 372.3395 840.6605 68.08955 373.5721 233.5721 68.08955 373.5721 339.4279 69.32212 484.6604 340.6604 68.08955 483.4279 339.4279 68.08955 373.5721 733.5722 68.08955 373.5721 839.4279 69.32212 484.6604 840.6605 68.08955 483.4279 839.4279 123.7952 374.18 979.1795 2.679467 374.18 200.8458 106.2049 374.18 59.17949 123.7952 374.18 93.82051 54.10975 374.18 189.1795 2.679467 374.18 872.1542 37.32049 374.18 223.8205 54.10975 374.18 883.8206 106.2049 374.18 1013.821 1344.65 376.92 51.47884 1459.62 375.1769 51.55495 1344.65 376.92 91.47884 1429.68 375.1769 91.40274 1457.261 375.1769 186.5761 1457.16 376.92 186.5 1468.809 375.1769 226.4239 1437.75 376.92 226.5 1437.75 380.393 846.8038 1512.874 375.1769 235.3178 1473.026 375.1769 240.9753 1468.809 375.1769 846.5761 1473.026 375.1769 832.0247 1472.95 376.92 240.9861 1459.62 375.1769 1021.445 1512.874 375.1769 837.6822 1468.752 376.92 846.5 1457.261 375.1769 886.4239 1344.65 376.92 981.5211 1429.623 376.92 981.5211 1429.68 375.1769 981.5972 1344.65 376.92 1021.521 68.08955 483.4279 233.5721 67.08974 375 235 67.08974 375 338 67.08974 482 338 68.08955 483.4279 733.5722 67.08974 375 735 67.08974 375 838 67.08974 482 838 80.74999 377.0358 881.8209 3.616989 375.6515 201.1518 106.6809 375.6515 60.11695 50.17185 377.0358 191.1791 123.3191 375.6515 92.88304 80.74999 377.0358 191.1791 3.616989 375.6515 871.8482 36.38303 375.6515 222.883 35.32088 377.0358 851.1791 36.38303 375.6515 850.117 80.74999 377.0358 851.1791 50.17185 377.0358 881.8209 123.3191 375.6515 980.117 106.6809 375.6515 1012.883 67.08974 482 235 66.35308 376.5798 236.5798 66.35308 376.5798 336.4202 66.35308 480.4202 336.4202 67.08974 482 735 66.35308 376.5798 736.5798 66.35308 376.5798 836.4202 66.35308 480.4202 836.4202 1459.677 376.92 51.47884 1429.623 376.92 91.47884 1468.752 376.92 226.5 1512.95 376.92 235.307 1472.95 376.92 832.0139 1459.677 376.92 1021.521 1512.95 376.92 837.6931 1457.16 376.92 886.5 4.679143 377.0358 201.4985 107.2202 377.0358 61.17911 122.7798 377.0358 91.82089 4.679143 377.0358 871.5015 35.32088 377.0358 221.8209 122.7798 377.0358 981.1791 107.2202 377.0358 1011.821 66.35308 480.4202 236.5798 65.90193 378.2635 238.2635 65.90193 378.2635 334.7365 65.90193 478.7365 334.7365 66.35308 480.4202 736.5798 65.90193 378.2635 738.2635 65.90193 378.2635 834.7365 65.90193 478.7365 834.7365 1344.65 380.393 51.78268 1459.62 378.6631 51.55495 1512.874 378.6631 235.3178 1344.65 380.393 91.175 1344.65 383.7604 52.68498 1344.65 392.2409 58.62308 1344.65 389.7758 56.15795 1344.65 386.92 54.15833 1344.65 396.6162 68.00588 1344.65 395.7138 64.63844 1344.65 394.2405 61.47884 1344.65 395.7138 78.31925 1344.65 396.6162 74.95181 1344.65 396.92 71.47884 1344.65 389.7758 86.79973 1344.65 392.2409 84.33459 1344.65 394.2405 81.47885 1344.65 383.7604 90.27269 1344.65 386.92 88.79935 1429.68 378.6631 91.40274 1457.261 378.6631 186.5761 1437.75 380.393 226.1961 1437.75 396.92 866.5 1437.75 396.6162 863.027 1437.75 389.7758 851.1791 1437.75 386.92 849.1795 1437.75 392.2409 853.6442 1437.75 395.7138 859.6596 1437.75 394.2405 856.5 1437.75 383.7604 847.7061 1468.809 378.6631 226.4239 1512.874 378.6631 837.6822 1473.026 378.6631 240.9753 1473.026 378.6631 832.0247 1473.254 380.393 240.943 1468.809 378.6631 846.5761 1437.75 380.393 886.1962 1457.261 378.6631 886.4239 1344.65 380.393 981.825 1429.68 378.6631 981.5972 1344.65 383.7604 982.7273 1344.65 392.2409 988.6654 1344.65 389.7758 986.2003 1344.65 386.92 984.2007 1344.65 396.6162 998.0482 1344.65 395.7138 994.6808 1344.65 394.2405 991.5212 1344.65 395.7138 1008.362 1344.65 396.6162 1004.994 1344.65 396.92 1001.521 1344.65 389.7758 1016.842 1344.65 392.2409 1014.377 1344.65 394.2405 1011.521 1344.65 380.393 1021.217 1344.65 383.7604 1020.315 1344.65 386.92 1018.842 1459.62 378.6631 1021.445 7.144272 379.5009 202.3033 108.472 379.5009 63.64424 121.528 379.5009 89.35575 45.31717 379.5009 193.6442 80.74999 379.5009 193.6442 7.144272 379.5009 870.6967 32.85575 379.5009 219.3557 32.85575 379.5009 853.6442 80.74999 379.5009 853.6442 108.472 379.5009 1009.356 80.74999 379.5009 879.3557 45.31717 379.5009 879.3557 121.528 379.5009 983.6442 65.90193 478.7365 238.2635 65.75 380 240 65.75 380 333 65.75 477 333 65.90193 478.7365 738.2635 65.75 380 740 65.75 380 833 65.75 477 833 1512.646 380.393 235.3501 1459.449 380.393 51.78268 1429.851 380.393 91.175 1457.564 380.393 186.8038 1468.98 380.393 226.1961 1512.646 380.393 837.6499 1473.254 380.393 832.057 1468.98 380.393 846.8038 1457.564 380.393 886.1962 1429.851 380.393 981.825 1459.449 380.393 1021.217 9.999991 381.5005 203.2355 109.9221 381.5005 66.5 120.0779 381.5005 86.5 39.69329 381.5005 196.5 80.74999 381.5005 196.5 9.999991 381.5005 869.7645 80.74999 381.5005 216.5 30.00003 381.5005 216.5 30.00003 381.5005 856.5 80.74999 381.5005 856.5 109.9221 381.5005 1006.5 80.74999 381.5005 876.5 39.69329 381.5005 876.5 120.0779 381.5005 986.5 65.75 477 240 65.75 477 740 1459.165 382.0964 52.16032 1512.269 382.0964 235.4037 1430.135 382.0964 90.79736 1437.75 383.7604 187.7061 1458.067 382.0964 187.1815 1437.75 383.7604 225.2938 1469.264 382.0964 225.8185 1473.631 382.0964 240.8894 1473.631 382.0964 832.1107 1474.156 383.7604 240.8149 1512.269 382.0964 837.5963 1469.264 382.0964 847.1815 1437.75 383.7604 885.2938 1458.067 382.0964 885.8186 1430.135 382.0964 982.2026 1459.165 382.0964 1020.84 13.15957 382.9739 204.267 111.5266 382.9739 69.65959 118.4735 382.9739 83.3404 33.47099 382.9739 199.6596 80.74999 382.9739 199.6596 13.15957 382.9739 868.733 80.74999 382.9739 213.3404 26.84039 382.9739 213.3404 26.84039 382.9739 859.6596 80.74999 382.9739 859.6596 111.5266 382.9739 1003.34 80.74999 382.9739 873.3405 33.47099 382.9739 873.3405 118.4735 382.9739 989.6596 1511.744 383.7604 235.4782 1458.771 383.7604 52.68498 1430.529 383.7604 90.27269 1458.765 383.7604 187.7061 1469.658 383.7604 225.2938 1474.156 383.7604 832.1851 1511.744 383.7604 837.5218 1469.658 383.7604 847.7061 1458.765 383.7604 885.2938 1430.529 383.7604 982.7273 1458.771 383.7604 1020.315 16.52706 383.8762 205.3663 113.2365 383.8762 73.02704 116.7635 383.8762 79.97296 26.73549 383.5769 203.0798 80.74999 383.8762 203.027 16.52706 383.8762 867.6338 80.74999 383.8762 209.973 23.47297 383.8762 209.973 23.47297 383.8762 863.027 80.74999 383.8762 863.027 113.2365 383.8762 999.973 80.74999 383.8762 869.973 26.73549 383.5769 869.9202 116.7635 383.8762 993.027 19.99998 384.18 206.5 115 384.18 76.5 80.74999 384.18 866.5 19.99998 384.18 866.5 1458.269 385.3724 53.35268 1511.076 385.3724 235.573 1431.031 385.3724 89.605 1437.75 386.92 189.1795 1459.654 385.3724 188.3738 1437.75 386.92 223.8205 1470.16 385.3724 224.6262 1474.824 385.3724 240.7201 1474.824 385.3724 832.2799 1475.63 386.92 240.6057 1511.076 385.3724 837.427 1470.16 385.3724 848.3739 1437.75 386.92 883.8206 1459.654 385.3724 884.6262 1431.031 385.3724 983.395 1458.269 385.3724 1019.647 80.74999 384.18 206.5 115 384.18 996.5 1510.27 386.92 235.6874 1457.664 386.92 54.15833 1431.636 386.92 88.79935 1460.726 386.92 189.1795 1470.765 386.92 223.8205 1475.63 386.92 832.3943 1510.27 386.92 837.3126 1470.765 386.92 849.1795 1460.726 386.92 883.8206 1431.636 386.92 984.2007 1457.664 386.92 1018.842 1456.959 388.3915 55.0958 1509.333 388.3915 235.8205 1432.341 388.3915 87.86188 1437.75 389.7758 191.1791 1461.974 388.3915 190.117 1437.75 389.7758 221.8209 1471.469 388.3915 222.883 1509.333 388.3915 837.1795 1476.567 388.3915 240.4726 1476.567 388.3915 832.5274 1477.629 389.7758 240.3218 1471.469 388.3915 850.117 1437.75 389.7758 881.8209 1461.974 388.3915 882.883 1432.341 388.3915 985.1381 1456.959 388.3915 1017.904 1508.271 389.7758 235.9713 1456.161 389.7758 56.15795 1433.139 389.7758 86.79973 1463.388 389.7758 191.1791 1472.268 389.7758 221.8209 1508.271 389.7758 837.0287 1477.629 389.7758 832.6782 1472.302 389.7381 851.2249 1463.388 389.7758 881.8209 1433.139 389.7758 986.2003 1456.161 389.7758 1016.842 1472.95 390.7864 852.0874 1480.094 392.2409 833.0282 1454.309 392.2409 58.62308 1434.991 392.2409 84.33459 1466.669 392.2409 193.6442 1437.75 392.2409 193.6442 1472.95 390.7864 220.9126 1437.75 392.2409 219.3557 1505.806 392.2409 236.3213 1480.094 392.2409 239.9718 1505.806 392.2409 836.6787 1466.669 392.2409 879.3557 1437.75 392.2409 879.3557 1434.991 392.2409 988.6654 1454.309 392.2409 1014.377 1472.95 392.2409 219.3557 1472.95 392.0958 214.9028 1472.95 392.2409 853.6442 1472.95 392.2409 857.6807 1472.95 394.2405 216.5 1472.95 394.2405 205.0596 1472.95 396.6162 209.973 1472.95 395.7138 213.3404 1482.95 394.2405 239.5663 1452.163 394.2405 61.47884 1437.136 394.2405 81.47885 1470.469 394.2405 196.5 1437.75 394.2405 196.5 1437.75 394.2405 216.5 1502.95 394.2405 236.7268 1482.95 394.2405 833.4337 1472.95 394.0849 868.2817 1502.95 394.2405 836.2733 1472.95 394.2405 856.5 1472.95 395.7138 859.6596 1470.469 394.2405 876.5 1437.75 394.2405 876.5 1437.136 394.2405 991.5212 1452.163 394.2405 1011.521 1472.95 396.92 866.5 1472.95 396.6162 869.973 1472.95 395.7138 873.3405 1472.95 395.1902 874.6362 1472.95 396.6162 863.027 1486.11 395.7138 833.8823 1449.79 395.7138 64.63844 1439.51 395.7138 78.31925 1437.75 395.7138 199.6596 1472.95 395.7138 199.6596 1472.95 395.1902 198.3638 1472.95 396.6162 203.027 1472.95 396.92 206.5 1437.75 395.7138 213.3404 1499.79 395.7138 237.1753 1486.11 395.7138 239.1177 1499.79 395.7138 835.8246 1437.75 395.7138 873.3405 1439.51 395.7138 994.6808 1449.79 395.7138 1008.362 1447.259 396.6162 68.00588 1442.041 396.6162 74.95181 1489.477 396.6162 238.6396 1437.75 396.6162 203.027 1437.75 396.6162 209.973 1496.423 396.6162 237.6535 1489.477 396.6162 834.3604 1442.041 396.6162 998.0482 1496.423 396.6162 835.3465 1437.75 396.6162 869.973 1447.259 396.6162 1004.994 1444.65 396.92 71.47884 1492.95 396.92 238.1465 1437.75 396.92 206.5 1492.95 396.92 834.8535 1444.65 396.92 1001.521 1148.75 720.5 916.5 1148.75 718.5 916.5 1148.75 718.5 156.5 1148.75 720.5 156.5 1374.75 718.5 156.5 1374.75 720.5 156.5 1374.75 718.5 916.5 868.4373 718.5 388.7789 868.4373 720.5 388.7789 842.39 718.5 386.5 842.39 720.5 386.5 816.3428 718.5 388.7789 842.39 718.5 536.5 816.3428 720.5 388.7789 791.087 718.5 395.5461 893.6931 718.5 395.5461 893.6931 720.5 395.5461 791.087 720.5 395.5461 767.39 718.5 406.5962 917.39 718.5 406.5962 917.39 720.5 406.5962 767.39 720.5 406.5962 745.9719 718.5 421.5934 938.8082 718.5 421.5934 938.8082 720.5 421.5934 745.9719 720.5 421.5934 727.4833 718.5 440.0819 957.2967 718.5 440.0819 957.2967 720.5 440.0819 727.4833 720.5 440.0819 712.4862 718.5 461.5 972.2938 718.5 461.5 972.2938 720.5 461.5 712.4862 720.5 461.5 701.4361 718.5 485.197 983.3439 718.5 485.197 983.3439 720.5 485.197 701.4361 720.5 485.197 694.6688 718.5 510.4528 990.1112 718.5 510.4528 990.1112 720.5 510.4528 694.6688 720.5 510.4528 692.39 718.5 536.5 992.39 718.5 536.5 992.39 720.5 536.5 692.39 720.5 536.5 694.6688 718.5 562.5473 983.3439 718.5 587.803 990.1112 718.5 562.5473 938.8082 718.5 651.4067 957.2967 718.5 632.9182 972.2938 718.5 611.5 868.4373 718.5 684.2211 893.6931 718.5 677.4539 917.39 718.5 666.4038 791.087 718.5 677.4539 816.3428 718.5 684.2211 842.39 718.5 686.5 727.4833 718.5 632.9182 745.9719 718.5 651.4067 767.39 718.5 666.4038 701.4361 718.5 587.803 712.4862 718.5 611.5 990.1112 720.5 562.5473 694.6688 720.5 562.5473 983.3439 720.5 587.803 701.4361 720.5 587.803 972.2938 720.5 611.5 712.4862 720.5 611.5 957.2967 720.5 632.9182 727.4833 720.5 632.9182 938.8082 720.5 651.4067 745.9719 720.5 651.4067 917.39 720.5 666.4038 767.39 720.5 666.4038 893.6931 720.5 677.4539 791.087 720.5 677.4539 868.4373 720.5 684.2211 816.3428 720.5 684.2211 842.39 720.5 686.5 1374.75 720.5 916.5</float_array>
          <technique_common>
            <accessor source="#M-CAISSE-mesh-positions-array" count="1507" stride="3">
              <param name="X" type="float"/>
              <param name="Y" type="float"/>
              <param name="Z" type="float"/>
            </accessor>
          </technique_common>
        </source>
        <source id="M-CAISSE-mesh-normals">
          <float_array id="M-CAISSE-mesh-normals-array" count="6705">0 0 -1 0 -1 0 -0.8660255 -0.4999998 0 0.8660255 -0.4999998 0 0.8660251 -0.5000005 0 0 0 1 -8.12644e-6 0 1 -0.8660254 -0.5 0 8.0359e-6 0 1 1.89706e-6 0 1 -0.08715581 -0.9961947 0 -0.08715438 -0.9961949 0 0.08715718 -0.9961947 0 1.95271e-6 0 -1 -2.77717e-6 0 -1 -0.08715718 -0.9961947 0 1.95273e-6 0 -1 0.08715438 -0.9961949 0 0.08715718 -0.9961947 0 -0.08715438 -0.9961949 0 -0.08715575 -0.9961947 0 -0.08715718 -0.9961947 0 0.08715438 -0.9961949 0 7.98436e-6 0 1 -0.2588229 -0.9659248 0 -0.2588149 -0.965927 0 2.77719e-6 0 -1 0.2588229 -0.9659248 0 -1.64896e-6 0 -1 -0.2588149 -0.965927 0 2.77717e-6 0 -1 0.2588149 -0.965927 0 -1.64895e-6 0 -1 -2.41139e-7 0 -1 1.37831e-6 0 -1 0.2588149 -0.965927 0 0.258823 -0.9659248 0 -0.2588148 -0.9659271 0 -0.2588233 -0.9659248 0 0.2588233 -0.9659248 0 -0.2588152 -0.9659268 0 0.2588152 -0.9659268 0 -6.94297e-7 0 1 0.2588148 -0.9659271 0 -6.94292e-7 0 1 0.2588228 -0.9659249 0 -0.4226174 -0.9063082 0 -1.38859e-6 0 -1 0.4226236 -0.9063054 0 1.04145e-6 0 -1 -0.4226298 -0.9063025 0 -1.38861e-6 0 -1 0.4226174 -0.9063082 0 1.04144e-6 0 -1 -7.07926e-7 0 -1 -0.4226172 -0.9063084 0 0.4226233 -0.9063054 0 -0.4226295 -0.9063026 0 0.4226172 -0.9063084 0 -0.5735746 -0.8191534 0 -0.5735783 -0.8191508 0 0.5735708 -0.8191561 0 3.47147e-7 0 -1 -0.5735632 -0.8191614 0 0.5735783 -0.8191508 0 3.47149e-7 0 -1 -0.573578 -0.8191511 0 -0.5735743 -0.8191537 0 0.5735704 -0.8191562 0 -0.5735629 -0.8191615 0 0.573578 -0.8191511 0 -0.707111 -0.7071027 0 -0.7071029 -0.7071107 0 0.707111 -0.7071027 0 -0.707119 -0.7070947 0 0.7071029 -0.7071107 0 0.707119 -0.7070947 0 -0.7071028 -0.7071108 0 -0.7071108 -0.7071028 0 0.7071108 -0.7071028 0 -0.7071189 -0.7070947 0 0.7071028 -0.7071108 0 2.77718e-6 0 1 2.77719e-6 0 1 0.7071189 -0.7070947 0 -0.8191537 -0.5735743 0 -0.8191498 -0.5735798 0 1.38859e-6 0 -1 0.8191537 -0.5735743 0 -6.94296e-7 0 -1 -0.8191612 -0.5735635 0 -0.819146 -0.5735852 0 0.8191612 -0.5735635 0 -6.94297e-7 0 -1 -2.57572e-7 0 -1 0.819146 -0.5735852 0 0.8191308 -0.5736067 0 -0.8191502 -0.5735793 0 -0.8191533 -0.5735748 0 0.8191533 -0.5735748 0 -0.8191464 -0.5735846 0 -0.8191608 -0.573564 0 0.8191608 -0.573564 0 0.8191464 -0.5735846 0 0.8191313 -0.5736061 0 -0.9063141 -0.4226048 0 -0.9063049 -0.4226247 0 0.9063141 -0.4226048 0 -3.47149e-7 0 -1 -0.9062956 -0.4226443 0 -0.9063079 -0.4226181 0 0.9063079 -0.4226179 0 -3.47148e-7 0 -1 1.57573e-6 0 -1 2.70896e-7 0 -1 0.9063079 -0.4226181 0 -0.906305 -0.4226245 0 -0.9063142 -0.4226047 0 0.9063142 -0.4226047 0 -0.9063081 -0.4226179 0 -0.9062957 -0.4226443 0 0.9063081 -0.4226179 0 2.77719e-6 0 1 2.77718e-6 0 1 -0.9659259 -0.2588187 0 -6.94296e-7 0 -1 0.965924 -0.2588262 0 3.47149e-7 0 -1 -0.965924 -0.2588262 0 -0.965932 -0.2587962 0 0.9659279 -0.2588112 0 0.965932 -0.2587962 0 -0.965926 -0.2588188 0 0.9659239 -0.2588263 0 5.41792e-7 0 1 -0.965932 -0.2587963 0 -0.9659239 -0.2588263 0 -2.77718e-6 0 1 0.965928 -0.2588113 0 5.55438e-6 0 1 -2.77719e-6 0 1 0.965932 -0.2587963 0 -0.9961947 -0.08715641 0 -0.9961947 -0.08715641 0 0.996194 -0.0871644 0 -0.996194 -0.0871644 0 -0.9961968 -0.08713251 0 0.9961912 -0.08719623 0 0.9961954 -0.08714842 0 0.9961968 -0.08713251 0 0.996194 -0.0871644 0 -0.996194 -0.0871644 0 0.9961912 -0.08719629 0 -0.9961947 0.08715641 0 -0.9961947 0.08715641 0 -3.47149e-7 0 -1 6.94298e-7 0 -1 1.3886e-6 0 -1 6.94297e-7 0 -1 0.9961954 0.08714842 0 -0.9961968 0.08713251 0 -0.996194 0.0871644 0 6.94295e-7 0 -1 1.38859e-6 0 -1 0.9961968 0.08713251 0 -2.99007e-7 0 -1 0.996194 0.0871644 0 0.9961912 0.08719629 0 0.9961954 0.08714842 0 1.95526e-6 0 1 -0.9961968 0.08713251 0 0.9961968 0.08713251 0 -2.77719e-6 0 1 5.55439e-6 0 1 -2.77719e-6 0 1 -0.9659259 0.2588188 0 0.965928 0.2588114 0 -0.965932 0.2587964 0 -0.9659239 0.2588263 0 0.965932 0.2587964 0 5.84725e-7 0 -1 2.18329e-7 0 -1 0.9659239 0.2588263 0 -0.9659259 0.2588193 0 -0.965926 0.2588188 0 0.965928 0.2588113 0 -0.9659238 0.2588268 0 -0.965932 0.2587963 0 1.15918e-6 0 1 0.965932 0.2587963 0 0.9659238 0.2588268 0 -0.906305 0.4226244 0 -0.9063142 0.4226047 0 0.906308 0.4226177 0 -0.906308 0.4226177 0 -0.9062957 0.4226443 0 -2.96681e-7 0 -1 0.9063142 0.4226047 0 0.9063081 0.4226179 0 -0.906305 0.4226245 0 -0.9063081 0.4226179 0 -1.17679e-6 0 1 -0.8191496 0.5735799 0 -0.8191534 0.5735745 0 0.8191458 0.5735853 0 -0.8191458 0.5735853 0 -0.8191611 0.5735638 0 0.8191308 0.5736069 0 0.8191534 0.5735745 0 0.8191611 0.5735638 0 -0.8191533 0.5735748 0 -0.8191495 0.5735802 0 0.8191457 0.5735855 0 -0.8191608 0.573564 0 -0.8191457 0.5735855 0 0.8191307 0.5736071 0 0.8191533 0.5735748 0 0.8191608 0.573564 0 -0.7071029 0.7071107 0 -0.707111 0.7071027 0 0.7071029 0.7071107 0 -0.707119 0.7070947 0 0.707119 0.7070947 0 -1.7221e-7 0 -1 0.707111 0.7071027 0 -0.7071108 0.7071028 0 -0.7071028 0.7071108 0 0.7071028 0.7071108 0 -0.7071189 0.7070947 0 -2.05085e-6 0 1 0.7071189 0.7070947 0 0.7071108 0.7071028 0 -0.5735783 0.8191508 0 -0.5735746 0.8191534 0 0.5735783 0.8191508 0 -0.5735632 0.8191614 0 4.99952e-7 0 -1 -2.58246e-7 0 -1 0.5735708 0.8191561 0 -7.94208e-7 0 -1 -0.5735743 0.8191537 0 -0.573578 0.8191511 0 0.573578 0.8191511 0 -0.5735629 0.8191615 0 1.58842e-6 0 1 0.5735704 0.8191562 0 -0.4226168 0.9063085 0 0.4226168 0.9063085 0 -0.4226292 0.9063027 0 -6.25248e-7 0 -1 3.41105e-7 0 -1 0.422623 0.9063057 0 9.93803e-7 0 -1 -0.4226164 0.9063088 0 -0.4226172 0.9063084 0 0.4226172 0.9063084 0 -0.4226287 0.906303 0 0.4226225 0.9063059 0 0.4226164 0.9063088 0 -0.2588151 0.965927 0 -0.2588231 0.9659248 0 0.2588151 0.965927 0 -0.2588151 0.965927 0 0.2588232 0.9659248 0 8.8306e-7 0 -1 -5.28827e-7 0 -1 0.2588231 0.9659248 0 -1.40483e-6 0 -1 0.2588151 0.965927 0 -5.6516e-6 0 1 -0.2588233 0.9659248 0 -0.2588148 0.9659271 0 0.2588148 0.9659271 0 -2.11987e-6 0 1 -0.2588152 0.9659268 0 4.56571e-6 0 1 0.2588228 0.9659249 0 0.2588233 0.9659248 0 0.2588152 0.9659268 0 -0.0871551 0.9961948 0 -0.08715653 0.9961947 0 0.0871551 0.9961948 0 -0.0871579 0.9961946 0 -1.14086e-6 0 -1 0.0871579 0.9961946 0 -1.24165e-5 0 -1 -0.08715629 0.9961947 0 -0.0871554 0.9961948 0 -4.09769e-5 0 1 0.0871554 0.9961948 0 -0.08715766 0.9961946 0 -3.89764e-6 0 1 0.08715766 0.9961946 0 0 0 -1 -8.36638e-6 0 -1 1.74492e-6 0 1 1.88435e-7 0 1 6.6931e-5 0 1 -5.9078e-7 0 1 1 0 0 1 -1.75574e-5 0 1 1.04167e-5 0 1 -1.41507e-5 0 1 1.75586e-5 0 -0.4999999 -0.8660255 0 -0.5 -0.8660255 0 -3.88812e-7 0 1 -0.7071262 -0.7070874 0 -0.7071092 -0.7071044 0 0.7071068 -0.7071068 0 -0.7071095 -0.7071042 0 -0.7071259 -0.7070876 0 0.7071068 -0.7071068 0 0.7071072 -0.7071065 0 -3.56779e-5 0 1 -0.7071066 0.707107 0 -0.7071068 0.7071068 0 0 0 -1 -6.85157e-6 0 -1 0.7453584 -0.6666641 0 -0.666666 -0.7453566 0 -0.6666668 -0.7453559 0 0 0 -1 2.98371e-7 0 1 -0.6666669 -0.7453559 0 -0.6666661 -0.7453566 0 0.7453587 -0.6666638 0 0.7453582 -0.6666643 0 -0.6666595 -0.7453624 0 0.7453556 -0.6666672 0 0.7453565 -0.6666663 0 -5.44121e-7 0 1 0.7453555 -0.6666672 0 0.7453564 -0.6666663 0 -0.745356 0.6666667 0 0.6666667 0.745356 0 -0.745356 0.6666668 0 -2.4674e-7 0 1 0.6666666 0.745356 0 0.7071092 -0.7071044 0 -0.7071068 -0.7071068 0 -0.7071073 -0.7071064 0 -0.7071068 -0.7071068 0 0.7071089 -0.7071046 0 0.7071095 -0.7071042 0 0.7071068 0.7071068 0 -1 -2.69289e-6 0 -1 3.0806e-6 0 -1 1.23567e-6 0 -1 0 0 -1 1.20207e-6 0 -1 0 0 -1 -3.18916e-6 0 -1 -3.89134e-6 0 -1 1.20206e-6 0 -1 3.69889e-7 0 -2.03601e-4 0 1 1.48381e-4 0 1 0 1 0 2.91172e-6 0 -1 -1.52816e-5 0 1 1.31389e-5 0 1 0 0 1 0.0703659 -0.9961954 0.05141276 -0.07036662 -0.9961954 -0.05141329 -0.07036626 -0.9961954 -0.05141216 0 -0.9961952 -0.08715099 0 -0.9961952 0.08715099 0 -0.9961945 0.08715844 0 -0.9961954 -0.08714741 0 -0.9961952 0.08715087 0 -0.9961954 0.08714848 0 -0.9848077 -0.1736483 0.1421005 -0.9841268 0.1063105 0.08715176 -0.9961951 0 -0.08715337 -0.9961949 0 -0.08715325 -0.9961949 0 -0.005604207 -0.99618 -0.08714449 -0.005625128 -0.9828374 0.1843885 0 -0.9961954 -0.08714848 0.08715182 -0.9961951 0 0.1402037 -0.9848068 -0.1024627 -0.07036608 -0.9961947 0.05142682 -0.07036626 -0.9961958 0.05140537 0 -0.9961952 -0.08715087 0.06838732 -0.9962807 -0.05242055 0 -0.9961951 0.0871514 0 -0.9961952 -0.08715099 0 -0.9961948 -0.08715486 -0.2089674 -0.9659231 -0.1527266 -0.2089712 -0.9659264 -0.1527001 0 -0.965925 -0.258822 0 -0.965925 -0.2588222 0.2070394 -0.9661745 0.1537582 0 -0.9659207 0.2588382 0 -0.9659293 0.2588059 1 -1.75743e-6 0 -0.005625247 -0.9828379 -0.184386 0 -0.9659287 -0.2588086 -0.2588186 -0.965926 0 -0.2588188 -0.965926 0 0 -0.9659253 0.2588212 0 -0.9659231 0.2588296 0.258823 -0.9659248 0 0 -0.9659179 -0.258849 0.258823 -0.9659249 0 0 -0.9659286 -0.258809 -0.2089698 -0.9659212 0.1527353 -0.2089703 -0.9659278 0.1526923 -0.005604565 -0.9659106 0.2588154 0.2089708 -0.9659231 -0.1527212 0.1420959 -0.9841277 -0.1063086 0 -0.9659206 -0.2588387 1 1.7574e-6 0 0 -0.9659266 -0.2588164 0 -0.9659277 0.2588123 0 -0.9659194 0.2588433 1 1.75742e-6 0 0.1401983 -0.9848077 0.102462 0 -0.9848091 0.1736409 -0.3412219 -0.9063058 -0.2493544 -0.3412179 -0.9063047 -0.2493635 0 -0.9063068 -0.4226204 0 -0.9063004 -0.4226343 0.3412197 -0.9063118 0.2493355 0 -0.9063099 0.422614 0 -0.9063045 0.4226256 1 1.75743e-6 0 0 -0.9063122 -0.4226089 0.3412176 -0.906307 0.2493559 0 -0.9062981 -0.422639 -0.422623 -0.9063056 0 -0.4226232 -0.9063055 0 0 -0.906301 0.4226327 0 -0.9063108 0.4226118 0.4226168 -0.9063086 0 0 -0.9063116 -0.4226101 0.4226165 -0.9063087 0 0 -0.9063056 -0.4226232 -0.3412169 -0.9063085 0.249351 -0.3412227 -0.9063044 0.249358 0 -0.9063053 0.4226237 0.3412178 -0.9063107 -0.249342 0.3412171 -0.9063105 -0.2493437 0 -0.9063102 -0.4226131 0 -0.906304 -0.4226266 0 -0.9062964 0.4226427 0 -0.9063158 0.4226013 -0.4631037 -0.8191459 -0.3384301 -0.4631031 -0.8191508 -0.3384191 0 -0.8191574 -0.5735688 0 -0.8191507 -0.5735784 0.4631028 -0.819148 0.3384263 0 -0.8191489 0.5735811 0 -0.8191516 0.5735771 1 -3.51487e-6 0 0 -0.8191529 -0.5735752 0.4631049 -0.8191438 0.3384338 0 -0.8191549 -0.5735725 -0.573584 -0.8191468 0 -0.5735837 -0.8191469 0 0 -0.8191515 0.5735773 0 -0.8191516 0.5735772 0.5735829 -0.8191477 0 0 -0.8191545 -0.5735731 0.5735847 -0.8191463 0 0 -0.8191561 -0.5735708 -0.4631066 -0.819149 0.3384189 -0.4631044 -0.819146 0.338429 0 -0.8191496 0.5735799 0 -0.8191486 0.5735814 0.4631015 -0.8191457 -0.3384336 0.4631024 -0.8191498 -0.3384227 0 -0.8191512 -0.5735778 0 -0.819153 -0.5735751 0 -0.8191465 0.5735846 0 -0.8191533 0.5735747 1 -2.63622e-6 0 -0.5709124 -0.7071096 -0.4171991 -0.5709099 -0.7071094 -0.4172028 0 -0.707111 -0.7071026 0 -0.7071107 -0.707103 0.5709112 -0.7071095 0.417201 0 -0.7071139 0.7070997 0 -0.7071056 0.7071081 1 8.78722e-7 0 0 -0.7071105 -0.7071031 0.5709084 -0.7071128 0.4171991 0 -0.707099 -0.7071147 -0.7071055 -0.7071081 0 -0.7071053 -0.7071084 0 0 -0.7071112 0.7071024 0 -0.7071047 0.7071089 0.7071047 -0.7071089 0 0 -0.7070981 -0.7071155 0.7071055 -0.707108 0 0 -0.707102 -0.7071117 -0.570906 -0.7071177 0.4171943 -0.570912 -0.707112 0.4171957 0 -0.7071034 0.7071102 0 -0.7071127 0.7071009 0.5709118 -0.7071189 -0.4171841 0.5709139 -0.7070988 -0.4172155 0 -0.7071072 -0.7071064 0 -0.7071017 -0.707112 0 -0.7071214 0.7070922 0 -0.707117 0.7070966 1 4.39346e-6 0 -0.640535 -0.6087628 -0.4681056 0 -0.6087601 -0.7933544 0.001304984 -0.5735799 -0.8191486 0.640551 -0.6087584 0.4680895 0 -0.6087552 0.7933582 1 1.75744e-6 0 0 -0.5735793 0.81915 0.003607809 -0.5381211 0.8428598 0 -0.5735821 -0.8191482 0.6613374 -0.572999 0.4840508 0 -0.5735751 -0.819153 -0.6405432 -0.6087636 -0.4680934 -0.7933512 -0.6087644 0 -0.793351 -0.6087645 0 0 -0.6087611 0.7933537 0.8433226 -0.5374078 -2.41781e-4 0.7932617 -0.6088809 2.4338e-4 0.7933509 -0.6087648 0 0 -0.5735806 0.8191491 0.003356695 -0.5388118 0.8424195 0 -0.6087725 -0.793345 0.001717329 -0.5735839 -0.8191451 -0.6405385 -0.6087586 0.4681064 -0.6405537 -0.6087536 0.4680922 0 -0.5735976 0.8191373 0 -0.573588 0.8191441 0.6613839 -0.5735703 -0.4833101 0.6800651 -0.5375884 -0.498508 0.6405515 -0.608758 -0.4680893 0 -0.6087692 -0.7933475 0.001828014 -0.5735883 -0.8191418 0 -0.6087559 0.7933577 1 -2.63619e-6 0 0.00130403 -0.5735837 0.819146 -0.6809606 -0.537293 -0.4976032 0 -0.5372939 -0.8433951 0.680937 -0.5373055 0.497622 -0.680934 -0.5373143 -0.4976167 -0.8433771 -0.5373223 0 -0.8433772 -0.5373221 0 0.843391 -0.5373003 0 0 -0.5372737 -0.843408 -0.6809546 -0.5373005 0.4976033 -0.6809211 -0.5373284 0.497619 0 -0.5372717 -0.8434093 0 -0.5373026 0.8433896 -0.7161652 -0.4617639 -0.5233369 0 -0.4617556 -0.8870072 1 7.02973e-6 0 0.001285433 -0.4226098 -0.9063109 0.7160952 -0.4617644 0.5234323 0.7208175 -0.4508025 0.5264971 0.7025181 -0.4927428 0.513491 0 -0.4617518 0.8870092 1 8.78715e-7 0 0 -0.4226144 0.9063096 0.003696322 -0.3833385 0.9236006 0 -0.4617564 -0.8870068 0.7161118 -0.4615277 0.5236183 0.003036856 -0.4226048 -0.906309 -0.7161657 -0.4617372 -0.5233598 -0.8870186 -0.4617338 0 -0.8870186 -0.4617336 0 0 -0.4617599 0.887005 0.8870049 -0.4617601 0 0.9238455 -0.3827655 -2.43331e-4 0.8869531 -0.4618596 2.44423e-4 0 -0.422618 0.9063079 0.00351268 -0.3839173 0.9233608 0 -0.4617671 -0.8870013 0.001784205 -0.4226186 -0.906306 -0.7161676 -0.4617459 0.5233495 -0.7161659 -0.4617334 0.5233629 0 -0.4617434 0.8870137 0.7161027 -0.4615371 -0.5236226 0.7024828 -0.4928191 -0.513466 -1 -9.37851e-7 0 0 -0.4226044 0.9063143 0.005769073 -0.3866634 0.922203 0.7162836 -0.4617034 -0.5232284 0 -0.4617592 -0.8870055 0.001867592 -0.4226223 -0.906304 0 -0.4617351 0.8870179 1 -3.07548e-6 0 0.001284539 -0.4225909 0.9063197 -1 9.12255e-6 0 0.7208247 -0.4506565 0.5266124 -1 1.21634e-5 0 0.7449211 -0.3829859 -0.5462733 0.7215397 -0.4512518 -0.5251213 0.7208235 -0.4506561 -0.5266142 -0.7459314 -0.3826679 -0.5451163 0 -0.3826992 -0.923873 0.7472409 -0.3789116 0.545946 0.7459349 -0.3826975 0.5450907 0 -0.3827016 -0.923872 0.74588 -0.382587 0.5452433 -0.7459455 -0.3826877 -0.545083 -0.9238812 -0.3826796 0 -0.9238812 -0.3826795 0 0.9238816 -0.3826786 0 0 -0.3827106 -0.9238684 -0.7459315 -0.3826642 0.5451187 -0.7459468 -0.3826809 0.5450862 0.7459409 -0.3827084 -0.5450748 0.7470729 -0.3789451 -0.5461526 0 -0.3826963 -0.9238743 0 -0.3826821 0.9238802 -1 -4.63882e-6 0 0.7472049 -0.3788747 0.5460209 0.7471996 -0.3788816 -0.5460233 0 -0.9961952 -0.08715081 0 -0.9961952 0.08715081 0 -0.9961942 0.08716154 0.08371114 -0.9961948 -0.0242604 -0.08370256 -0.9961955 0.02425789 -0.08371388 -0.9961944 0.02426171 0 -0.9961943 -0.0871613 0 -0.9961962 -0.0871399 0 -0.9961962 0.0871399 0 -0.9961948 0.08715569 0 -0.9961948 -0.08715569 1 5.24769e-5 0 1 9.40135e-5 0 -0.08714771 -0.9961954 0 -0.08715093 -0.9961951 0 0.08715093 -0.9961951 0 0.08371132 -0.9961948 -0.02425616 -0.083705 -0.9961953 -0.02425855 -0.08370685 -0.9961951 -0.02425915 0.08371114 -0.9961949 0.02425396 0.08715349 -0.9961949 0 1 5.01153e-5 0 0 -0.9961941 0.08716374 0 -0.9961951 0.08715254 0 -0.9961953 -0.08714938 0 -0.9961943 -0.08716136 0.08371043 -0.9961948 0.02425968 -1 1.40595e-5 0 0 -0.9659249 -0.2588226 0.2486063 -0.9659212 -0.07204943 0 -0.9659251 -0.258822 0 -0.9659265 0.2588168 0 -0.9659253 0.2588211 -0.2485864 -0.9659274 0.07203692 -0.2486016 -0.9659225 0.07205015 0 -0.9659246 -0.2588235 0 -0.9659242 -0.2588255 1 -9.71711e-5 0 0 -0.9659242 0.2588255 0 -0.9659246 0.2588235 1 -2.46054e-4 0 0.2588303 -0.9659228 0 0.24856 -0.9659345 -0.07203108 -0.2588336 -0.965922 0 -0.2588284 -0.9659234 0 -0.248597 -0.965924 -0.07204526 -0.248599 -0.9659237 -0.07204055 0.2485819 -0.965928 0.0720424 0.2588213 -0.9659252 0 0 -0.9659252 0.2588215 1 -9.93012e-5 0 0 -0.9659252 -0.2588219 0 -0.9659252 -0.2588218 0 -0.9659218 0.2588345 0 -0.9659316 0.2587975 0.2485882 -0.9659268 0.07203894 -0.770012 -0.3007071 -0.5627228 0 -0.3006961 -0.9537201 0.001272559 -0.2588225 -0.9659241 0.7700186 -0.3006949 0.5627204 0.7700257 -0.3007065 0.5627044 0 -0.3006969 0.9537199 1 1.75744e-6 0 0 -0.2588219 0.9659252 0.003765821 -0.2168505 0.9761976 -1 -3.07887e-6 0 0.7700102 -0.300706 0.5627258 0.7700269 -0.3007034 0.5627043 0 -0.3006959 -0.9537201 0.003352582 -0.2588176 -0.9659205 -0.7700186 -0.3007201 -0.5627067 -0.9537116 -0.3007227 0 0 -0.3006953 0.9537203 0.9537203 -0.3006953 0 0.9762819 -0.2165036 -2.44264e-4 0.9536997 -0.3007603 2.44971e-4 0 -0.2588182 0.9659261 0.003637194 -0.2172086 0.9761185 0 -0.3006613 -0.953731 0.001832246 -0.258814 -0.9659255 -0.9537117 -0.3007228 0 -0.7700058 -0.3007221 0.5627232 -0.7700116 -0.3007356 0.562708 0 -0.3007215 0.953712 0.7700145 -0.3006928 -0.562727 0 -0.2588299 0.965923 0.00648123 -0.2191337 0.9756734 0.7700235 -0.3007155 -0.5627025 0.770016 -0.3007024 -0.5627197 0.7700366 -0.300681 -0.5627029 0 -0.300665 -0.9537299 0.001892268 -0.258814 -0.9659253 0 -0.3007182 0.9537131 1 5.71173e-6 0 0.001271545 -0.2588174 0.9659254 -1 -1.40595e-5 0 0 -0.9063078 -0.4226186 0.4059401 -0.9062966 -0.1176411 0 -0.9063117 -0.4226099 0 -0.9063038 0.4226272 0 -0.9063161 0.4226006 -0.3597875 -0.9271923 0.1042473 -0.4064274 -0.9061389 0.1171718 0 -0.9063075 -0.4226188 -0.073336 -0.9246531 -0.3736823 0 -0.9063115 -0.4226103 1 2.05181e-4 0 0 -0.906309 0.4226158 0 -0.9063075 0.4226188 1 1.43107e-4 0 0.4225897 -0.9063212 0 0.4059051 -0.9063132 -0.1176332 -0.4226433 -0.9062962 0 -0.422585 -0.9063234 0 -0.495145 -0.8559581 0.148887 -0.406733 -0.9065722 0.1126725 -0.4056251 -0.9062148 -0.1193438 -0.3597984 -0.9271872 -0.1042547 0.4058846 -0.9063226 0.1176313 0.4226031 -0.906315 0 0 -0.906309 -0.4226158 0 -0.9063061 0.4226219 0 -0.9063056 0.422623 -0.07333165 -0.9246535 0.3736824 1 2.0618e-4 0 0 -0.9063047 -0.4226248 0 -0.9063168 -0.4225993 -0.4353544 -0.8915159 -0.1251642 -0.4059116 -0.90631 -0.1176348 0 -0.9063063 0.4226214 0 -0.9063172 0.422598 0.4059467 -0.9062933 0.1176431 -0.4360949 -0.8909831 0.1263744 -0.4360744 -0.8909938 -0.1263696 -0.7882541 -0.2164361 -0.5760304 0 -0.2164372 -0.9762966 0.7882432 -0.2164376 0.5760447 0.7882601 -0.2164412 0.5760203 -1 1.63937e-6 0 0.7882509 -0.2164429 0.5760322 0.7882581 -0.216436 0.576025 0 -0.2164371 -0.9762967 -0.7882564 -0.2164278 -0.5760304 -0.9763008 -0.2164182 0 0.9762945 -0.2164468 0 0 -0.2164658 -0.9762903 -0.9763008 -0.2164182 0 -0.7882528 -0.2164106 0.5760417 -0.7882625 -0.2164064 0.57603 0.7882581 -0.216436 -0.576025 0.7882518 -0.2164362 -0.5760335 0.7882597 -0.2164414 -0.5760208 0.788241 -0.2164524 -0.5760422 0 -0.2164754 -0.9762881 0 -0.2164003 0.9763047 -1 -2.10893e-5 0 0 -0.8191549 -0.5735725 0.5509017 -0.8191571 -0.1596531 0 -0.8191512 -0.5735778 0 -0.8191403 0.5735933 0 -0.8191612 0.5735635 -0.5509256 -0.8191395 0.1596612 -0.5508724 -0.8191794 0.1596402 0 -0.8191463 -0.5735847 0 -0.8191666 -0.5735557 0 -0.8191515 0.5735772 0 -0.8191564 0.5735703 1 -1.03281e-4 0 0.5736367 -0.81911 0 0.5509278 -0.819139 -0.1596561 -0.5735468 -0.8191729 0 -0.5735877 -0.8191442 0 -0.5518433 -0.819474 0.1546983 -0.5920497 -0.7874256 -0.1715755 -0.5522129 -0.8196129 -0.1526292 0.5509021 -0.8191568 0.159653 0.5735209 -0.8191909 0 0 -0.8191515 -0.5735772 0 -0.8191617 -0.5735628 0 -0.8191435 0.5735888 0 -0.8191568 0.5735696 -0.5508748 -0.8191781 -0.1596379 -0.5509254 -0.8191395 -0.1596612 -1 3.51477e-5 0 0 -0.8191437 -0.5735884 0 -0.8191643 -0.5735588 -1 2.81199e-5 0 0 -0.8191519 0.5735766 0 -0.8191412 0.5735919 0.5509409 -0.8191292 0.1596608 -0.5090379 -0.8480091 0.1475169 -0.8004794 -0.130522 -0.5849758 0 -0.1305281 -0.9914447 0.001266062 -0.08715635 -0.9961939 0.8004872 -0.1305175 0.5849661 0.8004845 -0.1305152 0.5849704 0 -0.1305245 0.9914452 1 -1.20824e-6 0 0 -0.08715713 0.9961946 0.003808617 -0.0437057 0.9990372 -1 -2.5682e-6 0 0.8004812 -0.130526 0.5849725 0 -0.1521362 -0.9883596 0.7985911 -0.1523972 0.5822606 0.001738369 -0.1092377 -0.9940142 0.005251288 -0.06607395 -0.997801 0.00266689 -0.08715689 -0.9961911 -0.8004899 -0.1305265 -0.5849605 -0.9914443 -0.1305313 0 0 -0.1305279 0.9914447 0.9914441 -0.130532 0 0.9990474 -0.04363971 -2.45088e-4 0.9914402 -0.1305618 2.45325e-4 -1 1.46903e-6 0 -1 -8.71843e-7 0 0.00371772 -0.04378348 0.9990341 0 -0.08715647 0.9961947 0 -0.130519 -0.9914458 0.001862764 -0.08715122 -0.9961934 -0.9914442 -0.1305314 0 -0.8004792 -0.1305352 0.5849733 -0.8004902 -0.1305268 0.5849599 0 -0.1520702 0.9883698 0.7985805 -0.1524254 -0.5822677 0.8004829 -0.1305255 -0.5849703 -1 1.71185e-6 0 0.001719176 -0.1092713 0.9940106 0 -0.08715242 0.996195 0.01058578 -0.02227717 0.9996958 0.005264163 -0.06607377 0.9978009 0.8004876 -0.1305174 -0.5849658 0.8004856 -0.1305121 -0.5849696 0 -0.1305167 -0.9914461 1 7.02978e-6 0 0.001910388 -0.0871523 -0.9961932 0 -0.1305527 0.9914414 1 -1.64759e-6 0 0.001266181 -0.0871694 0.9961927 0.8025805 -0.1088846 0.5865226 0.8025891 -0.1088535 -0.5865166 -1 7.02973e-6 0 0 -0.7071119 -0.7071017 0.6791267 -0.7071449 -0.1968073 0 -0.7070991 -0.7071145 0 -0.7071068 0.7071068 0 -0.7071005 0.7071132 -0.6791498 -0.7071206 0.1968151 -0.6791919 -0.7070757 0.1968309 0 -0.7071082 -0.7071055 -0.6556674 -0.7307509 0.1900088 0 -0.7307196 0.6826778 -0.002055048 -0.7070954 0.7071152 0.7071594 -0.7070542 0 0.6792067 -0.7070611 -0.1968321 -0.7071293 -0.7070843 0 -0.7071002 -0.7071135 0 -0.6797946 -0.7073293 0.1938159 -0.7342632 -0.639998 0.226407 -0.6085527 -0.7753216 -0.1689381 -0.6784101 -0.7068344 -0.2003617 0.6791264 -0.7071452 0.1968073 0.7071186 -0.707095 0 -0.002055108 -0.7070874 -0.7071232 0 -0.7307075 -0.6826907 0 -0.7071044 0.7071092 0 -0.707115 0.7070986 -0.6791501 -0.7071203 -0.196815 -0.679183 -0.707085 -0.1968285 -1 -2.10893e-5 0 0 -0.7071014 -0.7071123 0 -0.7071096 -0.707104 0 -0.7071093 0.7071043 0 -0.7071036 0.70711 0.6791614 -0.7071078 0.196821 -0.8066296 -0.04361164 -0.5894461 0 -0.04361951 -0.9990483 0.8066244 -0.04363614 0.5894515 0.8066204 -0.04361468 0.5894587 0.8066186 -0.04362249 0.5894605 0.8078173 -0.02186822 0.5890273 0.8056589 -0.06542241 0.5887561 -0.8066172 -0.0436244 -0.5894622 -0.999048 -0.04362487 0 0.9990481 -0.04362487 0 0 -0.04362249 -0.9990482 -0.9990481 -0.04362487 0 -0.806625 -0.04361522 0.5894522 -0.8066202 -0.04362475 0.5894582 0.8056588 -0.06543761 -0.5887546 0.8069363 -0.04357826 -0.5890286 0.8066199 -0.04363065 -0.5894582 0.8066255 -0.0436201 -0.5894513 0 -0.04362207 -0.9990482 0 -0.04362213 0.9990482 0.001716434 -0.6347528 0.7727135 0 -0.6684591 -0.7437489 -0.7143487 -0.6684698 -0.2070125 0 -0.02180528 -0.9997622 0.8071888 -0.02182143 -0.58989 -6.77473e-4 -0.5735683 -0.8191576 0 -0.608772 -0.7933452 0.7619683 -0.6088097 -0.2208059 0 -0.6087603 0.7933542 -8.67684e-4 -0.5735771 0.8191512 -0.7619858 -0.6087873 0.2208069 -0.7619767 -0.6087892 0.2208331 0 -0.5735728 -0.8191546 -0.005969583 -0.5408857 -0.841075 0 -0.6087592 -0.7933552 -0.002257466 -0.5735769 0.8191487 0.001715004 -0.6347175 0.7727425 0.7933189 -0.6088064 0 0.7619762 -0.6087921 -0.2208268 -0.7933598 -0.6087532 0 -0.7620379 -0.6087104 0.2208393 -0.7434019 -0.6342765 0.2122429 -0.7620581 -0.6086833 -0.220844 -0.7619851 -0.6087861 -0.2208128 -0.843404 -0.5372799 2.56674e-4 -0.7933772 -0.6087304 -2.56915e-4 0.7620572 -0.608689 0.2208315 0.7618879 -0.6089125 0.2207998 0.7933437 -0.6087739 0 0 -0.5735887 -0.8191434 -0.004422843 -0.5387875 -0.8424302 0 -0.6087819 -0.7933377 0 -0.6087558 0.7933577 -0.003139436 -0.5735907 0.8191362 -0.7620634 -0.6086806 -0.2208339 -1 -2.81193e-5 0 0 -0.5735746 -0.8191534 -0.001719117 -0.5378708 -0.8430256 0 -0.6087554 -0.7933582 -0.7620461 -0.6086968 -0.2208482 -1 -5.62382e-5 0 -6.77159e-4 -0.5735712 0.8191555 0 -0.6087887 0.7933325 -0.8066238 0.04361134 -0.5894541 -0.8066291 0.04362505 -0.5894458 0 0.04361951 -0.9990483 0.001266062 0.08715635 -0.9961939 1 -3.51488e-6 0 1 -7.02978e-6 0 0.8066197 0.04363065 0.5894582 0.8066173 0.04361975 0.5894623 0 0.04362165 0.9990482 0.001907944 0.08715659 0.9961929 -1 -2.62007e-6 0 0.8069427 0.04359656 0.5890185 0.8071979 0.02182096 0.5898776 0 0.08715683 -0.9961946 0.01059931 0.0222609 -0.9996961 -0.999048 0.04362487 0 -0.9990481 0.04362487 0 0 0.04362255 0.9990482 0.9990474 0.04363971 2.45088e-4 0.9914402 0.1305617 -2.45328e-4 0.9990481 0.04362487 0 -1 -1.0959e-6 0 0.001864075 0.08715677 0.9961929 0 0.08715331 -0.996195 0.003715157 0.04378342 -0.9990341 -0.8066268 0.04362511 0.589449 0 0.02182239 0.9997619 0.8066262 0.04361516 -0.5894506 0.8078255 0.02185243 -0.5890165 -1 -1.72833e-6 0 0.002670168 0.08715367 0.9961913 0.8066173 0.04363566 -0.5894613 0.8066204 0.04361468 -0.5894586 0 0.08715158 -0.9961951 0.003813505 0.04370689 -0.9990372 1 -7.02968e-6 0 1 -3.51479e-6 0 1 -1.7574e-6 0 -0.806625 0.04361522 0.5894522 0 0.04362207 0.9990482 0.001266181 0.0871694 0.9961927 0.005251288 0.06607395 -0.997801 0.8056491 0.06541937 0.5887697 0.005244851 0.06607365 0.997801 0.8056493 0.06543904 -0.5887674 0.8100829 -0.5372664 -0.2347565 0 -0.5373247 -0.8433755 -0.8100768 -0.5372752 0.2347577 0 -0.5373096 0.8433852 -0.8099977 -0.5374065 0.2347297 0 -0.5373213 0.8433775 -0.8099672 -0.5374518 0.2347316 0.843496 -0.5371355 0 0.8100729 -0.5372795 -0.2347612 -0.810059 -0.5373049 0.2347506 -0.8100397 -0.5373303 -0.2347592 -0.8432906 -0.5374578 0 0.8101655 -0.5371313 0.2347807 0.8101289 -0.5371903 0.234772 0.843346 -0.5373709 0 -0.8099468 -0.537488 -0.2347186 0 -0.5373274 0.8433737 -0.8100197 -0.5373718 -0.2347332 -0.8100703 -0.5372833 -0.2347615 0 -0.5373196 0.8433787 -0.8004865 0.1305232 -0.584966 -0.8004782 0.1305246 -0.584977 0 0.1305281 -0.9914447 0.8004845 0.1305152 0.5849704 0 0.1305247 0.9914451 0.800486 0.1305173 0.584968 -1 2.5682e-6 0 0.798577 0.1523978 0.5822798 0.8004882 0.1305271 0.5849626 0.8025798 0.1088799 0.5865244 0.001738369 0.1092377 -0.9940142 -0.9914443 0.1305313 0 -0.9914442 0.1305314 0 0 0.1305256 0.991445 0.9914442 0.130532 0 0 0.1305155 -0.9914463 -0.8004763 0.1305245 0.5849795 0.001725614 0.109274 0.9940102 0.8025829 0.1088495 -0.5865259 0.7985723 0.1524282 -0.5822784 0.8004902 0.1305246 -0.5849606 0.8004876 0.1305174 -0.5849658 0.8004837 0.1305155 -0.5849714 0 0.1305167 -0.9914461 -0.8004792 0.1305352 0.5849733 0 0.1305518 0.9914415 0 0.1521362 -0.9883596 0 0.1520683 0.9883701 -1 7.02973e-6 0 -6.69812e-4 -0.4226077 -0.9063125 0 -0.4617422 -0.8870142 0.8519778 -0.4617107 -0.2468948 -8.81028e-4 -0.4226121 0.9063104 0 -0.4617539 0.8870081 -0.8520149 -0.461632 0.246914 -0.8519803 -0.4617001 0.2469063 0 -0.4226169 -0.9063085 -0.006672203 -0.3857889 -0.9225631 0 -0.4617756 -0.8869969 -0.002348661 -0.4226037 0.9063115 0 -0.4617611 0.8870044 1 -6.40143e-5 0 -0.8520395 -0.4615847 0.2469177 0.8870397 -0.4616932 0 0.8519737 -0.4617131 -0.2469049 -0.8870274 -0.4617169 0 -0.85195 -0.4617609 0.2468971 -0.8519515 -0.4617577 -0.2468981 -0.8520762 -0.4615132 -0.2469246 -0.886978 -0.4618115 -2.57082e-4 -0.9238783 -0.3826866 2.56968e-4 0.8519034 -0.4618598 0.2468732 0.8519969 -0.4616687 0.2469078 0.886997 -0.4617753 0 0 -0.4226243 -0.9063051 -0.004621505 -0.383912 -0.9233582 0 -0.4617677 -0.8870009 -0.003478348 -0.4225875 0.9063155 0 -0.4617416 0.8870145 -0.851937 -0.4617879 -0.2468915 -1 3.51486e-5 0 0 -0.422628 -0.9063033 -0.001750588 -0.383125 -0.923695 0 -0.4617881 -0.8869903 -0.852032 -0.4615965 -0.2469214 -1 5.62382e-5 0 -6.70584e-4 -0.4226052 0.9063137 0 -0.4617237 0.8870238 -0.7882555 0.2164326 -0.5760298 -0.7882502 0.2164222 -0.5760409 0 0.2164372 -0.9762966 0.001272559 0.2588132 -0.9659266 0.7882582 0.2164368 0.5760245 0.7882558 0.2164371 0.5760277 0 0.2164413 0.9762957 0.001893997 0.2588166 0.9659246 -1 -1.63934e-6 0 0.7882497 0.2164298 0.5760386 0.7882495 0.2164388 0.5760357 0 0.2588178 -0.9659262 0.006489574 0.2191124 -0.975678 -1 -1.2163e-5 0 -0.9763016 0.2164145 0 -0.9763017 0.2164145 0 0 0.2164388 0.9762962 0.9762826 0.2165 2.44428e-4 0.9536998 0.3007602 -2.45112e-4 0.9762945 0.2164465 0 -1 2.04444e-6 0 0.001836836 0.2588148 0.9659253 0 0.258814 -0.9659273 0.003634572 0.2172273 -0.9761143 -0.7882506 0.2163993 0.5760489 0 0.2164291 0.9762984 0.7882508 0.2164382 -0.5760341 0.78825 0.2164232 -0.5760408 -1 2.55453e-7 0 -1 -1.21634e-5 0 0.003352463 0.2588236 0.9659188 0.7882561 0.216437 -0.5760273 0.7882549 0.2164521 -0.5760231 0 0.258816 -0.9659267 0.0037629 0.2168575 -0.9761961 -0.7882582 0.2164082 0.5760353 0 0.2163979 0.9763054 0.001271545 0.2588081 0.965928 0.8872902 -0.3828777 -0.2571398 0 -0.3826884 -0.9238776 -0.8873599 -0.3827036 0.2571583 0 -0.3826826 0.9238798 -0.8873961 -0.3826148 0.2571659 0 -0.3826902 0.9238768 -0.8873364 -0.3827599 0.2571555 0.9238317 -0.3827993 0 0.887371 -0.3826822 -0.2571521 -0.8873781 -0.382662 0.2571573 -0.8872889 -0.3828772 -0.2571448 -0.9238736 -0.3826978 0 0.8872903 -0.3828777 0.2571397 0.8873795 -0.3826574 0.2571597 0.9239029 -0.382627 0 -0.8874262 -0.3825461 -0.2571639 0 -0.3826686 0.9238857 -0.8873599 -0.3827013 -0.2571621 -0.8873363 -0.3827652 -0.2571483 0 -0.3827067 0.9238699 -0.770026 0.3007126 -0.5627007 -0.7700186 0.3007201 -0.5627067 0 0.3007177 -0.9537132 0.7700188 0.3007038 0.5627152 0 0.3007081 0.9537162 0.7700307 0.3006997 0.5627011 0.7700206 0.3007009 0.5627142 0 0.3007229 -0.9537116 0.7700306 0.300714 0.5626937 -0.9537116 0.3007227 0 -0.9537117 0.3007228 0 0 0.3007046 0.9537174 0.9537214 0.3006921 0 0 0.3006689 -0.9537287 -0.770016 0.3007373 0.562701 0 0.3007426 0.9537054 0.7700387 0.3007022 -0.562689 0.7700169 0.3007143 -0.5627122 0.7700296 0.3007077 -0.5626983 0.770027 0.3006745 -0.5627195 0 0.300673 -0.9537274 -0.7700167 0.3007264 0.5627058 0 0.3007445 0.9537047 -0.0435912 0 -0.9990496 -0.04361957 0 -0.9990482 -0.04362261 -0.9990481 0 -0.04362368 -0.9990481 0 -0.04370582 0 0.9990445 -0.04355198 0 0.9990512 -0.0436294 0 -0.9990478 -0.04350495 0 -0.9990532 -0.04362326 -0.9990481 0 -0.04362124 0 0.9990482 -0.0436294 0 0.9990478 -0.04362368 -0.9990481 0 -0.1305491 0 -0.9914419 -0.1305356 0 -0.9914437 -0.1305158 -0.9914463 0 -0.1305203 -0.9914457 0 -0.1305115 0 0.9914469 -0.1305246 0 0.9914451 -0.130662 0 -0.991427 -0.130611 0 -0.9914337 -0.1305185 -0.991446 0 -0.130508 0 0.9914473 -0.1305155 -0.9914463 0 -1 3.16339e-5 0 -6.64518e-4 -0.2588216 -0.965925 0 -0.3006946 -0.9537205 0.9160571 -0.3005977 -0.2654817 -8.90075e-4 -0.2588215 0.9659248 0 -0.3006972 0.9537197 -0.9160479 -0.3006443 0.2654603 -0.9159849 -0.3008418 0.2654544 0 -0.2588173 -0.9659263 -0.007306158 -0.2184826 -0.9758136 0 -0.3007171 -0.9537134 -0.002414405 -0.2588162 0.9659237 0 -0.300693 0.953721 1 1.19864e-4 0 -0.9160059 -0.3007757 0.2654566 0.9536822 -0.3008162 0 0.9537376 -0.3006402 0 0.9159883 -0.3008325 -0.2654535 -0.9537485 -0.3006058 0 -0.9160485 -0.3006379 0.265466 -0.9160811 -0.3005314 -0.265474 -0.9159696 -0.3008987 -0.2654423 -0.9536826 -0.3008149 -2.5731e-4 -0.9762834 -0.2164965 2.57209e-4 0.916109 -0.3004264 0.2654967 0.9159518 -0.3009511 0.2654443 0 -0.2588177 -0.9659262 -0.004774749 -0.217225 -0.9761099 0 -0.3006631 -0.9537304 -0.003743171 -0.2588269 0.9659166 0 -0.3007413 0.9537058 -0.9160128 -0.3007478 -0.2654643 -1 -1.75743e-5 0 0 -0.258814 -0.9659273 -0.001773416 -0.2167168 -0.976233 0 -0.3006927 -0.9537212 -0.9160683 -0.300575 -0.2654685 -6.66583e-4 -0.258817 0.9659261 0 -0.3007241 0.9537112 -0.2164864 0 -0.9762856 -0.2164226 0 -0.9762998 -0.2164354 -0.976297 0 -0.216463 0 0.9762909 -0.2164331 -0.9762974 0 -0.2164133 0 -0.9763019 -0.2163492 0 -0.976316 -0.2164377 -0.9762965 0 -0.2165481 0 0.9762719 -0.2164133 0 0.9763019 -0.2164332 -0.9762974 0 -0.3006806 0 -0.9537249 -0.3006886 0 -0.9537225 -0.3007049 -0.9537174 0 -0.2164959 0 0.9762835 -0.3007224 0 0.9537118 -0.3006941 -0.9537207 0 -0.3008556 0 -0.9536698 -0.3006994 -0.953719 0 -0.300757 0 0.9537009 -0.3005756 0 0.953758 -0.3006971 -0.9537197 0 -0.382674 0 -0.9238835 -0.3827093 0 -0.9238689 -0.3827006 -0.9238725 0 -0.3006184 0 0.9537445 -0.38274 0 0.9238562 -0.3826448 0 0.9238955 -0.3826977 -0.9238737 0 -0.3827012 -0.9238723 0 -0.3826864 0 0.9238784 -0.382674 0 0.9238835 -0.4617326 0 -0.8870192 -0.4617354 0 -0.8870177 -0.46174 -0.8870154 0 -0.4617938 0 0.8869873 -0.4617364 0 0.8870173 -0.4617508 -0.8870097 0 -0.4617046 0 -0.8870338 -0.4617401 -0.8870153 0 -0.4616439 0 0.8870654 -0.4617326 0 0.8870192 -0.4617507 -0.8870099 0 -0.7459262 0.3826725 -0.5451201 -0.745929 0.3826865 -0.5451066 0 0.3826859 -0.9238785 0.001285254 0.4226171 -0.9063075 0.7449244 0.3829859 0.5462688 0.7215433 0.4512358 0.5251301 0.7471975 0.378897 0.5460157 0 0.3826901 0.9238768 0.001865267 0.4226115 0.9063091 -3.9277e-5 0 -1 0.745925 0.3827009 0.5451018 0.7470757 0.3789619 0.5461372 0 0.4226133 -0.9063101 0.00576657 0.386694 -0.92219 -0.9238786 0.3826857 0 -0.9238787 0.3826856 0 0 0.3826884 0.9238775 0.9238777 0.3826878 0 0.8869531 0.4618596 -2.44311e-4 0.9238443 0.3827687 2.43167e-4 0.001785039 0.4226129 0.9063087 0 0.4226287 -0.9063029 0.003510236 0.3839322 -0.9233546 -0.745932 0.3826806 0.5451065 0 0.3826665 0.9238866 0.7458738 0.3825991 -0.5452433 0.7471995 0.3788731 -0.5460295 -1 9.37855e-7 0 0.003038346 0.4225952 0.9063135 0.7472497 0.3789162 -0.5459308 0.7459201 0.3827049 -0.5451058 0 0.4226253 -0.9063046 0.00370109 0.3833627 -0.9235905 -0.7459252 0.3826683 0.5451245 0 0.3826659 0.9238868 0.001284539 0.422598 0.9063163 -0.5373007 0 -0.8433909 -0.5372864 0 -0.8433999 -0.5372856 -0.8434005 0 -0.537276 0 0.8434066 -0.5372866 -0.8433999 0 -0.5371335 0 -0.8434974 -0.5373706 0 -0.8433462 -0.5372881 -0.8433989 0 -0.5372284 0 0.8434368 -0.5373563 0 0.8433553 0.9377447 -0.2163078 -0.2717461 0 -0.2164497 -0.9762939 -0.9377171 -0.2164254 0.2717475 0 -0.2164404 0.9762959 -0.9376821 -0.2165842 0.2717421 0 -0.216452 0.9762933 -0.9377112 -0.2164424 0.2717541 0.976328 -0.2162956 0 0.9762607 -0.216599 0 0.9377301 -0.2163661 -0.2717502 -0.9377238 -0.2163981 0.2717463 -0.9376912 -0.2165369 -0.2717484 -0.9763166 -0.216347 0 0.9377066 -0.2164866 0.2717348 0.937743 -0.2163004 0.2717579 -0.9377244 -0.2163972 -0.2717451 0 -0.2164399 0.976296 -0.9377167 -0.2164218 -0.2717519 -0.9377214 -0.2164134 -0.2717424 0 -0.21641 0.9763026 -0.6087291 0 -0.7933781 -0.608764 0 -0.7933514 -0.6087512 -0.7933612 0 -0.5373145 0 0.8433821 -0.6087814 0 0.7933381 -0.6087469 -0.7933646 0 -0.6087789 0 -0.79334 -0.6087891 0 -0.7933321 -0.6087503 -0.793362 0 -0.6087529 0 0.79336 -0.6087478 -0.7933638 0 -0.7071026 0 -0.707111 -0.7071105 -0.7071031 0 -0.7071065 -0.7071071 0 -0.6087389 0 0.7933707 -0.7071127 0 0.7071009 -0.7071067 0 0.707107 -0.7070927 0 -0.707121 -0.7071092 -0.7071045 0 -0.707109 -0.7071046 0 -0.6087891 0 0.7933321 -0.7071327 0 0.707081 -0.7070958 0 0.7071178 3.29752e-5 0 -1 0.7208324 0.4506512 0.5266063 0.7208323 0.4506502 -0.5266073 0.7160951 0.4617645 -0.5234324 0.7208244 0.4507978 -0.5264917 -0.7161628 0.4617624 -0.5233415 -0.7161753 0.4617434 -0.5233414 0 0.4617713 -0.8869991 0.7162818 0.4617064 0.523228 0 0.4617572 0.8870064 0 0.4617564 -0.8870068 0.7161071 0.4615247 0.5236274 -0.8870186 0.4617337 0 -0.8870186 0.4617337 0 0 0.4617546 0.8870077 0.8870049 0.4617601 0 0 0.4617565 -0.8870068 -0.716172 0.4617373 0.523351 0 0.4617347 0.8870182 0.7161011 0.4615381 -0.5236238 0 0.4617592 -0.8870055 -0.7161676 0.4617459 0.5233495 0 0.4617429 0.8870138 -6.61952e-4 -0.08715486 -0.9961946 0 -0.1305242 -0.9914452 0.9522508 -0.1306345 -0.2759584 -8.9503e-4 -0.08715373 0.9961946 0 -0.1305244 0.9914451 -0.9522227 -0.1308374 0.2759594 -0.9522998 -0.1302455 0.2759734 0 -0.08715689 -0.9961947 -0.007753133 -0.04405951 -0.9989989 0 -0.1305332 -0.9914439 -0.002450823 -0.0871548 0.9961919 0 -0.1305248 0.9914451 1 -5.80522e-5 0 -0.9522532 -0.1305915 0.2759708 0.9914656 -0.1303691 0 0.9522609 -0.1305353 -0.2759706 -0.991446 -0.130518 0 -0.9522699 -0.1304864 0.2759628 -0.9522716 -0.130465 -0.2759671 -0.9522445 -0.1306502 -0.275973 -0.9914255 -0.1306731 -2.57263e-4 -0.999053 -0.04351174 2.5723e-4 0.9522508 -0.1306345 0.2759584 0.9522653 -0.1304975 0.2759733 0.9914287 -0.1306484 0 0 -0.08715146 -0.9961951 -0.004887938 -0.04378014 -0.9990292 0 -0.1305171 -0.9914461 -0.003904879 -0.08714938 0.9961877 0 -0.1305159 0.9914462 -0.9522694 -0.1304835 -0.2759655 -1 -7.90839e-6 0 0 -0.08716922 -0.9961936 -0.001789212 -0.04368054 -0.9990441 0 -0.1305503 -0.9914418 -0.9522194 -0.130858 -0.2759608 0 -0.1305155 0.9914463 -6.61494e-4 -0.08716905 0.9961934 -0.7071011 0 -0.7071126 -0.8191506 0 -0.5735785 -0.8191522 -0.5735763 0 -0.8191556 -0.5735714 0 -0.8191505 0 0.5735788 -0.8191472 0 0.5735833 -0.7071112 0 -0.7071024 -0.819156 -0.573571 0 -0.8191512 -0.5735777 0 -0.8191673 0 0.5735547 0.7025568 0.49281 0.5133735 0.7025265 0.4928764 -0.5133513 -0.6809612 0.5372934 -0.4976018 -0.680934 0.5373143 -0.4976167 0 0.5372766 -0.8434061 0.001304805 0.5735799 -0.8191486 0.6613795 0.5735744 0.4833111 0.6800621 0.5375947 0.4985054 0 0.5372883 0.8433988 0.001825869 0.5735852 0.8191439 0 0.5735753 -0.819153 0 0.5735734 -0.8191542 -0.8433772 0.5373221 0 -0.8433771 0.5373222 0 0 0.5373036 0.8433889 0.8433225 0.5374078 2.41725e-4 0.7932664 0.6088747 -2.43265e-4 0.8433911 0.5373003 0 0.001715719 0.5735839 0.8191451 0 0.5735806 -0.8191491 0.003360629 0.5388112 -0.8424199 -0.6809263 0.5373325 0.4976075 0 0.5735899 0.8191427 0 0.5735882 0.8191438 0.6809438 0.5372921 -0.4976271 0.6613407 0.5729866 -0.4840609 0 0.573576 -0.8191523 0.003611564 0.5381358 -0.8428505 -0.6809546 0.5373005 0.4976033 0 0.5373002 0.8433911 0.001305282 0.5735836 0.819146 -0.8191564 0 -0.5735703 -0.906312 0 -0.4226095 -0.9063142 -0.4226045 0 -0.906311 -0.4226115 0 -0.906312 0 0.4226095 -0.9063133 0 0.4226068 -0.8191494 0 -0.5735802 -0.9063194 0 -0.4225934 -0.9063113 -0.422611 0 -0.9063137 -0.4226056 0 -0.9063194 0 0.4225934 -0.906322 0 0.4225879 0.9595674 -0.04362374 -0.278078 0 -0.04361879 -0.9990483 -0.9595698 -0.04351228 0.2780871 0 -0.04361802 0.9990483 -0.9595779 -0.04345005 0.2780691 0 -0.04362106 0.9990482 -0.959561 -0.04366129 0.2780944 0.9990574 -0.04341131 0 0.9595674 -0.04361164 -0.27808 -0.9595759 -0.0434935 0.2780691 -0.9595617 -0.04366159 -0.2780918 -0.9990581 -0.04339551 0 0.9595674 -0.04362374 0.2780782 0.9595664 -0.04360818 0.2780842 0.999047 -0.04364877 0 -0.9595759 -0.0434935 -0.2780691 0 -0.04362362 0.9990481 -0.9595772 -0.04334264 -0.2780881 -0.9595705 -0.04363071 -0.2780666 0 -0.0436564 0.9990467 -0.6405445 0.6087584 -0.4680982 -0.6405515 0.6087582 -0.4680892 0 0.6087601 -0.7933544 0.6405538 0.6087477 0.4680995 0 0.6087398 0.79337 -0.7933577 0.6087559 0 -0.7933575 0.608756 0 0 0.6087444 0.7933665 0.793359 0.6087542 0 0 0.6087605 -0.793354 -0.640558 0.608744 0.4680986 0.6405542 0.6087496 -0.4680965 0 0.6087564 -0.7933573 -0.6405466 0.6087532 0.4681022 0 0.6087501 0.7933622 -0.9063115 0 -0.4226107 -0.9659269 0 -0.2588154 -0.9659267 -0.2588162 0 -0.9659245 -0.258824 0 -0.9659253 0 0.2588208 -0.9659254 0 0.2588209 -0.9659284 0 -0.2588099 -0.9659246 -0.2588238 0 -0.9659266 -0.2588164 0 -0.9659225 0 0.2588317 -0.9659265 0 0.2588167 -6.61965e-4 0.08715659 -0.9961944 0 0.043621 -0.9990482 0.9595661 0.04362446 -0.2780825 0.9595681 0.04360902 -0.2780779 -1 -5.62381e-5 0 -1 2.8119e-5 0 0 0.08715522 0.9961948 -0.9595656 0.04358255 0.2780908 -0.001786708 0.04367488 0.9990442 -0.003900527 0.08715564 -0.9961872 0 0.04361337 -0.9990485 -0.9595775 0.04338127 0.2780811 0 0.08715695 0.9961947 1 5.60847e-5 0 -0.004888117 0.04378283 0.9990291 -0.9595707 0.04356241 0.2780765 0.9990572 0.04341208 0 0.9990471 0.04364794 0 -0.9990559 0.04344367 0 -0.9595658 0.04359412 0.2780883 -0.9595689 0.043563 -0.2780823 -0.9990476 0.04363352 -2.57219e-4 -0.9914413 0.130554 2.57252e-4 0.9595681 0.04360902 0.2780779 -0.002448618 0.08715206 -0.9961921 0 0.04362261 -0.9990482 -0.9595693 0.0435937 -0.2780761 0 0.08715331 0.996195 -0.007748007 0.04406785 0.9989985 -0.9595749 0.04341262 -0.2780856 -1 7.90844e-6 0 -8.95235e-4 0.08716899 -0.9961932 0 0.04362231 -0.9990482 -0.959567 0.04356157 -0.2780894 -1 -5.62374e-5 0 -1 -2.81199e-5 0 0 0.04365813 0.9990466 -6.61507e-4 0.08717077 0.9961932 0.9595665 0.04364448 0.2780779 -0.5709065 0.7071055 -0.417214 -0.5709121 0.7071089 -0.4172008 0 0.7071107 -0.707103 0 0.7071011 -0.7071126 0.5709112 0.7071059 0.417207 0 0.7071082 0.7071054 0 0.7071149 0.7070987 0 0.7071173 -0.7070964 0.5709032 0.7071095 0.4172119 0 0.7071026 -0.707111 -0.7071055 0.7071081 0 -0.7071053 0.7071083 0 0 0.7071086 0.7071051 0 0.7071079 0.7071056 0.7071045 0.7071092 0 0 0.707102 -0.7071117 0.7071058 0.7071078 0 -1 4.19126e-7 0 0 0.7070981 -0.7071155 -0.5709049 0.7071039 0.4172192 -0.5709096 0.7071198 0.4171857 0 0.7071194 0.7070942 0 0.7071058 0.7071078 0.5709082 0.7071101 -0.4172041 -1 1.22316e-7 0 0.5709115 0.7071011 -0.4172147 0 0.7071083 -0.7071053 0 0.7071008 -0.7071129 0 0.7071209 0.7070927 0 0.7071111 0.7071024 -0.9659246 0 -0.2588239 -0.9961944 0 -0.08715939 -0.9961945 -0.0871582 0 -0.9961943 -0.08716064 0 -0.9961946 0 0.08715748 -0.9961941 0 0.0871635 -0.9659216 0 -0.258835 -0.9961943 0 -0.08716136 -0.9961948 -0.08715486 0 -0.9961941 -0.0871635 0 -0.996195 0 0.08715361 -0.9961939 0 0.08716565 0.9522684 0.130498 -0.2759626 0.9522508 0.1306345 -0.2759584 0 0.1305238 -0.9914453 -0.9522243 0.1308376 0.2759538 0 0.1305244 0.9914451 0 0.1305333 -0.991444 -0.9522998 0.1302455 0.2759734 0 0.1305248 0.9914451 -0.9522674 0.130486 0.2759714 -0.9522539 0.1305916 0.2759681 0.9914212 0.1307061 0 0.9914656 0.1303691 0 -0.9522702 0.1304649 -0.275972 -0.9914444 0.1305305 0 0.9522684 0.1304979 0.2759625 0 0.1305184 -0.9914459 -0.9522469 0.1306505 -0.2759646 0 0.1305159 0.9914462 -0.9522224 0.1308584 -0.2759503 -0.9522697 0.1304835 -0.2759646 0 0.1305508 -0.9914417 0 0.1305155 0.9914463 0.9522463 0.1306741 0.2759554 -0.4631026 0.8191494 -0.3384233 -0.4631071 0.8191526 -0.3384094 0 0.8191509 -0.5735783 0 0.8191573 -0.573569 0.4631029 0.8191493 0.3384232 0 0.8191478 0.5735827 0 0.819145 0.5735866 0 0.8191474 -0.5735831 0.4631093 0.8191509 0.3384105 -1 -5.86634e-7 0 0 0.8191529 -0.5735752 -0.5735839 0.8191468 0 -0.5735839 0.8191469 0 0 0.8191533 0.5735749 0 0.8191418 0.5735911 0.5735842 0.8191467 0 -1 -2.78893e-7 0 0 0.8191561 -0.5735707 0.5735833 0.8191473 0 -1 -3.71864e-7 0 0 0.8191441 -0.5735879 -0.4631055 0.8191482 0.3384222 -0.4631055 0.8191486 0.3384215 0 0.8191432 0.5735893 0 0.8191487 0.5735814 0.4631048 0.8191514 -0.3384154 -1 -3.29984e-7 0 0.4631032 0.8191513 -0.3384177 0 0.8191472 -0.5735833 0 0.8191509 -0.5735781 0 0.8191467 0.5735841 0 0.8191543 0.5735733 -0.9961942 0 -0.08716166 0 0.2164354 -0.976297 -6.64518e-4 0.2588216 -0.965925 0.937743 0.2163004 -0.2717579 0.9377447 0.2163078 -0.2717461 0 0.2588234 0.9659247 -0.9376969 0.216511 0.271749 -0.001772522 0.2167183 0.9762326 -0.003746688 0.2588158 -0.9659194 0 0.2164279 -0.9762986 1 7.54389e-6 0 -0.9377031 0.2164981 0.2717382 0 0.2588174 0.9659263 1 -1.15149e-4 0 -0.004781365 0.217202 0.9761151 -0.9377217 0.2163885 0.271761 0.9762607 0.216599 0 -0.9762931 0.2164532 0 -0.9377128 0.2164517 0.2717418 -0.9377327 0.216345 -0.2717578 -0.976309 0.2163808 -2.57275e-4 -0.9537174 0.3007047 2.57409e-4 0.937743 0.2163004 0.2717579 0.9763353 0.2162626 0 -0.002411067 0.2588131 -0.9659245 0 0.2164679 -0.9762898 -0.9376812 0.2165876 -0.2717421 0 0.2588306 0.9659228 -0.007299244 0.2184801 0.9758141 -0.9377351 0.2163362 -0.2717567 -8.90486e-4 0.2588158 -0.9659264 0 0.2164326 -0.9762976 -0.9377029 0.2164984 -0.2717385 -6.66583e-4 0.258817 0.9659261 0 0.2163935 0.9763062 0.937721 0.2164166 0.2717415 -0.341214 0.9063152 -0.2493309 -0.3412154 0.9063056 -0.2493641 0 0.906308 -0.4226178 0 0.906307 -0.4226201 0.3412109 0.9063094 0.2493562 0 0.906309 0.4226159 0 0.9063131 0.422607 0 0.9063035 -0.4226277 0.3412132 0.9063119 0.2493438 0 0.9063121 -0.422609 -0.4226158 0.906309 0 -0.422616 0.906309 0 0 0.9063132 0.4226067 0 0.9063108 0.4226118 0.4226092 0.906312 0 -1 0 0 0 0.906314 -0.422605 0.4226096 0.9063119 0 -1 6.91158e-7 0 0 0.9063116 -0.4226101 -0.3412176 0.9063117 0.2493388 -0.3412122 0.9063109 0.2493488 0 0.9063063 0.4226216 0 0.9063054 0.4226237 0.3412095 0.9063146 -0.2493389 -1 0 0 0.3412113 0.9063079 -0.2493609 0 0.9063135 -0.4226061 0 0.9063056 -0.422623 0 0.906309 0.4226158 0 0.9063044 0.4226257 0.9160036 0.3007805 -0.2654594 0.9160599 0.3005986 -0.2654708 0 0.3007073 -0.9537165 -0.9160434 0.3006428 0.2654778 0 0.3007047 0.9537174 0 0.3007199 -0.9537125 -0.9159903 0.3008435 0.2654339 0 0.300693 0.953721 -0.9160441 0.3006365 0.2654826 -0.9160076 0.3007763 0.2654505 0.9537376 0.3006402 0 -0.9160776 0.3005303 -0.2654874 -0.9537233 0.3006859 0 0.9159518 0.3009511 0.2654443 0.9536963 0.3007714 0 0 0.3006666 -0.9537294 -0.9159696 0.3008987 -0.2654423 0 0.3007413 0.9537058 -0.9160656 0.3005741 -0.2654789 -0.9160179 0.3007495 -0.2654451 0 0.3006983 -0.9537194 0 0.3007354 0.9537076 0.9160878 0.3005041 0.2654818 -0.2089704 0.9659243 -0.1527144 -0.2089679 0.9659238 -0.1527208 0 0.9659302 -0.2588027 0 0.965925 -0.258822 0.2089715 0.9659271 0.1526951 0 0.9659214 0.2588361 0 0.9659267 0.2588159 0 0.9848089 -0.1736417 0.1421001 0.9841258 0.1063205 -0.005603492 0.9659045 -0.258838 -0.2588187 0.9659259 0 -0.2588188 0.965926 0 0 0.9659289 0.2588078 0 0.9659188 0.2588456 0.2588229 0.9659248 0 -1 5.01203e-7 0 0 0.9659234 -0.2588284 0.2588229 0.9659248 0 0 0.9659228 -0.2588308 -0.2089695 0.9659255 0.152708 -0.2089708 0.9659228 0.1527231 0 0.9659266 0.2588163 -0.005624949 0.9828372 0.1843897 0.1402066 0.9848065 -0.1024619 -1 1.33253e-7 0 0.2070412 0.966175 -0.1537528 0 0.9659266 -0.2588164 0 0.9659206 -0.2588387 0 0.9659301 0.2588037 0 0.9659243 0.258825 -0.005624771 0.9828433 -0.1843566 0.06838744 0.9962799 0.05243635 0.1401982 0.9848096 0.1024439 -0.005603373 0.99618 0.08714455 0 0.9848103 0.1736341 0.1420922 0.9841293 -0.1062986 0 0.3826664 -0.9238866 -6.69836e-4 0.4226231 -0.9063053 0.8873769 0.3826561 -0.2571706 0.8872929 0.3828788 -0.2571287 0 0.4226173 0.9063083 -0.8873756 0.3826588 0.2571706 -0.00175029 0.3831569 0.9236817 -0.003474473 0.4226179 -0.9063014 0 0.3826828 -0.9238799 1 6.44814e-6 0 -0.8873793 0.3826599 0.2571567 0 0.4226201 0.9063069 1 4.64495e-5 0 -0.004621684 0.383906 0.9233608 -0.8873871 0.3826399 0.2571589 0.9238742 0.3826963 0 -0.9238828 0.3826758 0 -0.8873305 0.3827825 0.2571423 -0.8874301 0.3825261 -0.2571802 -0.9239212 0.382583 -2.5692e-4 -0.8869284 0.4619069 2.57068e-4 0.8873768 0.3826562 0.2571706 0.9238604 0.38273 0 -0.002348721 0.4226351 -0.906297 0 0.3826928 -0.9238757 -0.8872871 0.3828974 -0.2571214 0 0.4226005 0.9063161 1 -1.28959e-5 0 -0.006680369 0.3858045 0.9225564 -0.8873177 0.3828076 -0.2571491 -8.81236e-4 0.4226284 -0.9063028 0 0.3826773 -0.9238821 -0.8873792 0.38266 -0.2571569 -6.70608e-4 0.4226203 0.9063066 0 0.3826789 0.9238814 0.8873243 0.3828038 0.2571319 -0.07036608 0.9961953 -0.05141746 -0.07036679 0.996195 -0.05142062 0 0.9961954 -0.08714735 0 0.9961952 -0.08715099 0 0.9961948 0.08715444 0 0.9961968 0.08713179 -1 -5.34581e-7 0 0 0.9961954 -0.08714848 -0.08715331 0.996195 0 -0.08715325 0.9961949 0 0 0.9961952 0.08715087 0 0.996196 0.0871405 0.08715182 0.9961951 0 -1 -3.35145e-7 0 0 0.9961952 -0.08715087 0.08715182 0.9961951 0 -1 1.10863e-6 0 -0.07036608 0.9961946 0.0514298 -0.07036626 0.9961957 0.05140662 -1 -4.00944e-7 0 0.0703659 0.9961944 -0.05143249 0 0.9961968 -0.08713179 0 0.9961936 0.08716887 0 0.9961964 0.08713638 -1 0 0 0.8519992 0.4616702 -0.2468968 0.8519729 0.4617081 -0.2469171 0 0.4617488 -0.8870107 -0.8520165 0.4616329 0.246907 0 0.4617645 0.8870027 0 0.4617456 -0.8870124 -0.8519781 0.4616989 0.2469164 0 0.4617472 0.8870116 -0.85195 0.4617609 0.2468971 -0.852037 0.4615833 0.246929 0.8870141 0.4617425 0 -0.8519528 0.4617584 -0.2468923 -0.8870205 0.4617303 0 0.8519994 0.4616701 0.2468967 0.8870227 0.461726 0 0 0.4617552 -0.8870075 -0.8520745 0.4615123 -0.2469322 0 0.4617316 0.8870198 -0.8520343 0.4615978 -0.2469112 -0.8519353 0.4617871 -0.2468987 0 0.4617885 -0.8869901 0 0.4617237 0.8870238 0.8519247 0.4618054 0.2469009 0 0.537314 -0.8433824 -6.77484e-4 0.5735777 -0.8191509 0.8100462 0.5373254 -0.2347481 0.8100806 0.5372649 -0.2347678 0 0.5735711 0.8191559 -0.8100338 0.5373419 0.2347528 -0.001719951 0.5379073 0.8430023 -0.003141045 0.5735841 -0.8191407 0 0.5372928 -0.8433959 1 -3.80307e-6 0 -0.8100407 0.5373381 0.2347384 0 0.5735728 0.8191547 -0.004418969 0.5388286 0.842404 -0.8100196 0.5373668 0.2347452 0.8433338 0.5373902 0 0.843496 0.5371355 0 -0.8433761 0.537324 0 -0.8100037 0.537392 0.2347422 -0.8100436 0.5373318 -0.2347424 -0.843404 0.5372799 -2.56556e-4 -0.7932603 0.6088826 2.567e-4 0.8101289 0.5371903 0.234772 -0.002259552 0.5735861 -0.8191422 0 0.5372909 -0.843397 -0.8099492 0.5374806 -0.2347275 0 0.5735851 0.819146 1 1.01403e-5 0 -0.005966901 0.5409446 0.8410371 -0.8100501 0.5373195 -0.2347483 -8.67309e-4 0.5735805 -0.8191488 0 0.5372737 -0.843408 -0.8100391 0.5373361 -0.234748 -6.7717e-4 0.5735806 0.8191489 0 0.5373017 0.8433902 0.8101226 0.5371981 0.2347759 0.7619786 0.6087938 -0.2208138 0.7619643 0.6088065 -0.2208287 0 0.6087433 -0.7933674 -0.7619795 0.6087913 0.2208179 0 0.6087237 0.7933824 0 0.6087421 -0.7933683 -0.7619823 0.6087845 0.2208265 0 0.6087561 0.7933576 -0.7620379 0.6087104 0.2208393 -0.7620103 0.6087496 0.2208261 0.7933514 0.6087641 0 0.7933189 0.6088064 0 -0.7620576 0.6086828 -0.2208477 -0.7933804 0.6087261 0 0.7618899 0.6089141 0.2207884 0.001718044 0.6347289 -0.772733 -0.7434073 0.6342751 -0.212228 0 0.6087347 0.7933739 -0.762061 0.6086786 -0.2208474 -0.7620479 0.6086983 -0.2208381 0 0.6087305 -0.7933772 0 0.6087693 0.7933474 0.7620375 0.608707 0.2208501 0.001714944 0.634733 -0.7727297 -0.6797877 0.7073337 -0.1938243 -0.7342113 0.6400713 -0.2263683 0 0.7071174 -0.7070961 0.6792088 0.7070602 -0.1968286 0 0.7070985 -0.7071151 0 0.7071068 0.7071068 0 0.7071132 0.7071005 -0.679145 0.7071232 0.1968217 -0.6791877 0.7070814 0.1968251 0 0.707115 -0.7070986 1 -5.36931e-7 0 0 0.707102 -0.7071117 0 0.668444 0.7437624 -0.002056121 0.7071113 0.7070993 -0.7143954 0.6684109 0.2070413 0.7071492 0.7070645 0 0.6791162 0.7071545 -0.1968087 -0.707119 0.7070946 0 -0.7071017 0.707112 0 -0.678395 0.7068521 0.2003505 0.6791627 0.7071081 0.1968152 0.70712 0.7070936 0 -0.002053141 0.7071024 -0.7071083 0 0.707115 0.7070986 0 0.7071044 0.7071092 -0.6791373 0.7071319 -0.1968175 -0.6791877 0.7070813 -0.196825 0 0.7071147 -0.7070989 0 0.707108 -0.7071056 0 0.7071036 0.70711 0 0.7071194 0.7070942 0.6791176 0.7071545 0.1968039 0 0.7307196 0.6826778 -0.6085402 0.775331 0.1689401 0 0.7307075 -0.6826907 -0.6556851 0.7307316 -0.1900223 1 -1.04798e-4 0 1 4.53212e-5 0 -0.5920342 0.7874382 0.1715714 -0.5522408 0.8195927 0.1526367 0 0.8191562 -0.5735706 0.5509321 0.8191348 -0.1596624 0 0.8191482 -0.5735821 0 0.8191521 0.5735763 0 0.819149 0.5735809 -0.5509277 0.8191393 0.1596544 -0.5508822 0.8191718 0.1596444 0 0.8191509 -0.5735781 0 0.8191481 -0.5735821 0 0.8191515 0.5735772 0 0.8191415 0.5735916 1 5.34545e-5 0 0.573573 0.8191545 0 0.5509084 0.8191525 -0.159653 -0.5735786 0.8191506 0 -0.5735676 0.8191582 0 -0.5090242 0.8480173 -0.1475162 -0.5518343 0.8194802 -0.1546971 0.550932 0.8191349 0.1596625 0.5735963 0.8191382 0 0 0.8191515 -0.5735772 0 0.8191467 -0.5735841 0 0.8191477 0.5735826 0 0.8191435 0.5735888 -0.5508965 0.819162 -0.159646 -0.5509176 0.8191461 -0.1596547 0 0.8191526 -0.5735758 0 0.8191516 -0.5735772 0 0.8191428 0.5735898 0 0.8191506 0.5735785 0.5509001 0.8191592 0.1596473 1 -4.10362e-4 0 1 -4.70057e-5 0 -0.4951353 0.8559618 -0.1488977 -0.4067334 0.9065735 -0.1126611 0 0.9063054 -0.4226234 0.4059282 0.9063017 -0.1176418 0 0.9063165 -0.4225995 0 0.9063133 0.4226066 0 0.9063062 0.4226216 -0.4059022 0.906315 0.1176298 0 0.9063137 -0.4226056 -0.07330542 0.9246551 -0.3736832 0 0.906309 -0.4226158 -0.4353899 0.8914976 0.1251708 1 -2.0617e-4 0 1 4.9653e-5 0 1 -1.00226e-4 0 -0.4360733 0.8909929 0.1263797 0 0.9063151 0.4226027 0 0.9063075 0.4226188 0.4225823 0.9063246 0 0.4059167 0.9063084 -0.1176301 -0.4226387 0.9062983 0 -0.4225896 0.9063212 0 -0.4056212 0.9062176 0.119336 0.40591 0.9063113 0.1176306 0.4226104 0.9063115 0 0 0.9063151 -0.4226027 0 0.9063122 0.422609 0 0.9063061 0.4226219 1 -7.13511e-6 0 -0.07326179 0.9246582 0.3736844 -0.4361018 0.8909789 -0.1263804 0 0.9063166 -0.4225994 0 0.9063071 -0.4226198 -0.4064096 0.9061478 -0.1171646 0 0.9063149 0.4226034 0 0.9063087 0.4226165 0.4059223 0.9063052 0.1176354 -0.3598045 0.9271821 0.1042796 -0.3598155 0.9271774 -0.1042828 0 0.9659262 -0.2588179 0.2485721 0.965931 -0.07203692 0 0.9659223 -0.2588325 0 0.9659207 0.2588382 0 0.9659253 0.2588211 -0.2485908 0.9659255 0.07204461 -0.2485971 0.9659246 0.07203602 0 0.9659246 -0.2588235 0 0.9659242 -0.2588255 0 0.9659242 0.2588255 0 0.9659246 0.2588235 0.2588266 0.9659239 0 0.2485939 0.9659247 -0.0720455 -0.258832 0.9659224 0 -0.2588299 0.9659229 0 -0.2486115 0.9659198 -0.07205122 -0.2485843 0.9659281 -0.07203233 0.2485722 0.965931 0.07203692 0.2588249 0.9659243 0 0 0.9659252 0.2588215 0 0.9659239 -0.2588263 0 0.9659222 -0.2588329 0 0.9659272 0.2588139 0 0.965926 0.2588186 0.248598 0.9659236 0.07204723 0 0.9961942 -0.08716231 0.08371859 0.9961942 -0.02425903 0 0.996195 -0.08715218 0 0.9961932 0.08717304 0 0.9961963 0.08713871 -0.08371263 0.9961946 0.0242592 -0.08372044 0.9961939 0.02426177 0 0.9961948 -0.08715569 1 8.56602e-7 0 0 0.9961934 -0.08717149 0 0.9961948 0.08715569 0 0.9961934 0.08717149 0.08716171 0.9961943 0 0.08372062 0.9961939 -0.02426189 -0.08715754 0.9961946 0 -0.0871585 0.9961945 0 -0.08371269 0.9961946 -0.02426481 -0.08371603 0.9961945 -0.02425396 0.08371859 0.9961944 0.02425271 0.08716011 0.9961944 0 0 0.9961963 -0.08713746 0 0.9961935 -0.08717018 0 0.996196 0.08714205 0 0.9961931 0.08717477 0.08371961 0.996194 0.02426606 -0.9961941 0.08716231 0 -0.9961947 0.08715647 0 -0.9961942 0.08716154 0 -0.9961947 0.08715653 0 -0.9659247 0.2588232 0 -0.9659264 0.258817 0 -0.9659246 0.2588236 0 -0.9659266 0.2588165 0 -0.9063109 0.4226117 0 -0.9063143 0.4226044 0 -0.9063105 0.4226126 0 -0.9063145 0.422604 0 -0.8191506 0.5735786 0 -0.8191457 0.5735857 0 -0.8191528 0.5735754 0 -0.8191433 0.573589 0 -0.707106 0.7071076 0 -0.7071104 0.7071031 0 -0.7071078 0.7071058 0 -0.6087521 0.7933605 0 -0.6087461 0.7933651 0 -0.6087471 0.7933643 0 -0.6087511 0.7933614 0 -0.5373135 0.8433826 0 -0.5373085 0.8433858 0 -0.5373118 0.8433838 0 -0.5373131 0.843383 0 -0.4617506 0.8870098 0 -0.4617401 0.8870152 0 -0.4617505 0.8870099 0 -0.4617403 0.8870152 0 -0.3826668 0.9238864 0 -0.3826716 0.9238845 0 -0.3826674 0.9238862 0 -0.3826719 0.9238843 0 -0.3006963 0.95372 0 -0.3007027 0.953718 0 -0.3006963 0.95372 0 -0.3006975 0.9537196 0 -0.2164658 0.9762902 0 -0.2164694 0.9762895 0 -0.2164679 0.9762898 0 -0.1305158 0.9914463 0 -0.1305203 0.9914457 0 -0.1305162 0.9914462 0 -0.1305178 0.991446 0 -0.04362261 0.9990481 0 -0.04362368 0.9990481 0 -0.04362332 0.9990481 0 -1 0 0 -0.4999999 0.8660256 0 -0.5 0.8660255 0 -0.08715814 0 0.9961945 -0.08715581 0 0.9961948 0.08715581 0 0.9961948 0.08715814 0 0.9961945 0.2588186 0 0.9659261 -0.2588186 0 0.9659261 0.4226149 0 0.9063094 -0.422613 0 0.9063103 -0.4226149 0 0.9063094 0.422613 0 0.9063103 0.5735808 0 0.819149 0 1 -1.99957e-6 -0.5735793 0 0.8191502 -0.5735808 0 0.819149 0 1 -1.49968e-6 0.5735793 0 0.8191502 0.7071115 0 0.7071021 0 1 3.99915e-6 -0.7071115 0 0.7071021 0 1 2.99936e-6 0.8191535 0 0.5735744 -0.8191528 0 0.5735755 -0.819136 0 0.5735994 0 1 4.99896e-7 0.8191352 0 0.5736005 0.906305 0 0.4226242 0 1 -3.99915e-6 -0.9063047 0 0.4226252 -0.9063122 0 0.4226089 0 1 -4.99893e-7 0.9063118 0 0.4226098 0.9659276 0 0.2588126 -0.9659276 0 0.2588126 -0.9659229 0 0.25883 0 1 -1.74962e-6 0.9659229 0 0.25883 0.9961948 0 0.0871548 -0.9961944 0 0.08715921 -0.9961948 0 0.0871548 0 1 3.12433e-7 0.9961948 0 -0.08715456 0.9961948 0 0.08715456 0 1 1.99957e-6 0 1 3.99914e-6 -0.9961944 0 -0.08715921 -0.9961948 0 -0.08715456 0.9659274 0 -0.2588132 -0.9659274 0 -0.2588132 -0.9659227 0 -0.2588306 0.9659227 0 -0.2588306 0.906305 0 -0.4226242 -0.906305 0 -0.4226242 -0.9063122 0 -0.4226089 0.9063122 0 -0.4226089 0.8191543 0 -0.5735733 -0.8191528 0 -0.5735755 -0.8191367 0 -0.5735983 0.8191352 0 -0.5736005 0.7071115 0 -0.7071021 -0.7071115 0 -0.7071021 0.5735808 0 -0.819149 -0.5735777 0 -0.8191512 -0.5735808 0 -0.819149 0.5735777 0 -0.8191512 0.422613 0 -0.9063103 -0.422613 0 -0.9063103 0.2588207 0 -0.9659254 -0.2588164 0 -0.9659267 -0.2588207 0 -0.9659254 0.2588164 0 -0.9659267 0.08716046 0 -0.9961944 -0.08715581 0 -0.9961948 -0.08716046 0 -0.9961944 0.08715581 0 -0.9961948 0 1 4.30679e-6 0 1 -5.73773e-7 0 1 -2.06907e-6 0 1 4.67185e-6 0 1 4.87263e-6 0 1 9.92255e-7 0 1 -3.16376e-6 0 1 -3.23011e-6 0 1 1.35117e-6 0 1 2.06907e-6 0 1 -5.11837e-7 0 1 1.85167e-6 0 1 -4.27595e-7 0 1 -1.36864e-5 0 1 2.66355e-7 0 1 3.23998e-6 0 1 2.21412e-6 0 1 -4.67185e-6</float_array>
          <technique_common>
            <accessor source="#M-CAISSE-mesh-normals-array" count="2235" stride="3">
              <param name="X" type="float"/>
              <param name="Y" type="float"/>
              <param name="Z" type="float"/>
            </accessor>
          </technique_common>
        </source>
        <vertices id="M-CAISSE-mesh-vertices">
          <input semantic="POSITION" source="#M-CAISSE-mesh-positions"/>
        </vertices>
        <triangles count="3026">
          <input semantic="VERTEX" source="#M-CAISSE-mesh-vertices" offset="0"/>
          <input semantic="NORMAL" source="#M-CAISSE-mesh-normals" offset="1"/>
          <p>0 0 1 0 2 0 1 0 3 0 2 0 3 0 4 0 2 0 4 0 5 0 2 0 6 0 7 0 2 0 7 0 8 0 2 0 8 0 9 0 2 0 5 0 10 0 2 0 10 0 11 0 2 0 11 0 12 0 2 0 9 0 13 0 2 0 13 0 14 0 2 0 14 0 15 0 2 0 16 0 17 0 2 0 17 0 18 0 2 0 15 0 19 0 2 0 19 0 20 0 2 0 20 0 16 0 2 0 21 0 0 0 2 0 18 0 21 0 2 0 12 1 22 1 2 1 22 1 23 1 2 1 23 2 6 2 2 2 24 0 25 0 12 0 11 0 26 0 12 0 26 0 27 0 12 0 27 0 28 0 12 0 28 0 29 0 12 0 29 0 30 0 12 0 30 0 31 0 12 0 31 0 32 0 12 0 32 0 33 0 12 0 33 0 24 0 12 0 34 3 22 3 12 3 25 4 34 4 12 4 35 5 36 5 23 5 22 5 37 5 23 5 36 5 38 5 23 5 38 6 39 6 23 6 39 5 40 5 23 5 37 5 41 5 23 5 41 5 42 5 23 5 42 5 35 5 23 5 40 5 43 5 23 5 43 5 44 5 23 5 44 5 45 5 23 5 45 7 6 7 23 7 46 5 47 5 22 5 48 5 46 5 22 5 34 5 49 5 22 5 49 5 50 5 22 5 50 5 48 5 22 5 47 8 51 8 22 8 51 5 52 5 22 5 52 5 53 5 22 5 53 5 54 5 22 5 54 5 55 5 22 5 55 5 56 5 22 5 57 5 58 5 22 5 58 5 59 5 22 5 59 9 60 9 22 9 61 5 57 5 22 5 56 5 61 5 22 5 60 5 62 5 22 5 62 5 63 5 22 5 63 5 37 5 22 5 16 10 64 10 65 10 17 11 16 11 65 11 66 12 17 12 65 12 67 13 66 13 65 13 64 14 67 14 65 14 11 15 68 15 69 15 26 11 11 11 69 11 70 12 26 12 69 12 71 16 70 16 69 16 68 14 71 14 69 14 66 17 18 17 17 17 70 17 27 17 26 17 37 18 72 18 41 18 72 19 73 19 41 19 73 20 42 20 41 20 54 18 74 18 55 18 74 19 75 19 55 19 75 21 56 21 55 21 37 22 76 22 72 22 77 23 73 23 72 23 76 5 77 5 72 5 54 22 78 22 74 22 79 23 75 23 74 23 78 5 79 5 74 5 20 24 80 24 64 24 16 25 20 25 64 25 80 26 67 26 64 26 81 27 18 27 66 27 67 28 81 28 66 28 10 29 82 29 68 29 11 25 10 25 68 25 82 30 71 30 68 30 83 31 27 31 70 31 71 32 83 32 70 32 84 33 21 33 18 33 85 34 84 34 18 34 81 35 85 35 18 35 83 36 28 36 27 36 73 37 86 37 42 37 86 38 35 38 42 38 63 39 76 39 37 39 87 5 61 5 56 5 88 5 87 5 56 5 75 37 89 37 56 37 89 40 88 40 56 40 53 41 78 41 54 41 77 42 86 42 73 42 63 43 90 43 76 43 90 5 77 5 76 5 79 44 89 44 75 44 53 45 91 45 78 45 91 5 79 5 78 5 19 46 92 46 80 46 20 46 19 46 80 46 92 47 67 47 80 47 93 48 85 48 81 48 67 49 93 49 81 49 5 50 94 50 82 50 10 46 5 46 82 46 94 51 71 51 82 51 95 52 28 52 83 52 71 53 95 53 83 53 96 54 84 54 85 54 93 52 96 52 85 52 95 52 29 52 28 52 86 55 97 55 35 55 97 55 36 55 35 55 62 56 90 56 63 56 98 5 87 5 88 5 89 55 99 55 88 55 99 57 98 57 88 57 52 58 91 58 53 58 77 5 97 5 86 5 62 58 100 58 90 58 100 5 77 5 90 5 79 5 99 5 89 5 52 58 101 58 91 58 101 5 79 5 91 5 15 59 102 59 92 59 19 60 15 60 92 60 102 0 67 0 92 0 103 61 96 61 93 61 67 62 103 62 93 62 4 63 104 63 94 63 5 60 4 60 94 60 104 0 71 0 94 0 105 64 29 64 95 64 71 65 105 65 95 65 106 0 84 0 96 0 103 64 106 64 96 64 105 64 30 64 29 64 97 66 107 66 36 66 107 67 38 67 36 67 60 68 100 68 62 68 108 5 87 5 98 5 99 66 109 66 98 66 109 69 108 69 98 69 51 70 101 70 52 70 77 5 107 5 97 5 60 70 110 70 100 70 110 5 77 5 100 5 79 5 109 5 99 5 51 70 111 70 101 70 111 5 79 5 101 5 14 71 112 71 102 71 15 72 14 72 102 72 112 0 67 0 102 0 113 73 106 73 103 73 67 0 113 0 103 0 3 72 114 72 104 72 4 74 3 74 104 74 114 0 71 0 104 0 115 75 30 75 105 75 71 0 115 0 105 0 116 0 84 0 106 0 113 75 116 75 106 75 115 76 31 76 30 76 107 77 117 77 38 77 117 78 39 78 38 78 59 79 110 79 60 79 118 5 87 5 108 5 109 80 119 80 108 80 119 77 118 77 108 77 47 81 111 81 51 81 77 82 117 82 107 82 59 81 120 81 110 81 120 5 77 5 110 5 79 83 119 83 109 83 47 84 121 84 111 84 121 5 79 5 111 5 13 85 122 85 112 85 14 86 13 86 112 86 122 87 67 87 112 87 123 88 116 88 113 88 67 89 123 89 113 89 1 90 124 90 114 90 3 91 1 91 114 91 124 87 71 87 114 87 125 92 31 92 115 92 71 93 125 93 115 93 126 0 127 0 116 0 127 94 84 94 116 94 123 95 126 95 116 95 125 96 32 96 31 96 117 97 128 97 39 97 128 98 40 98 39 98 58 99 120 99 59 99 129 5 87 5 118 5 119 100 130 100 118 100 130 101 129 101 118 101 46 102 121 102 47 102 77 5 128 5 117 5 58 103 131 103 120 103 131 5 77 5 120 5 79 5 130 5 119 5 46 104 132 104 121 104 132 5 79 5 121 5 9 105 133 105 122 105 13 106 9 106 122 106 133 0 67 0 122 0 134 107 126 107 123 107 67 108 134 108 123 108 0 109 135 109 124 109 1 110 0 110 124 110 135 0 71 0 124 0 136 111 32 111 125 111 71 112 136 112 125 112 137 113 138 113 126 113 138 0 139 0 126 0 139 0 140 0 126 0 140 0 141 0 126 0 142 0 137 0 126 0 143 0 142 0 126 0 141 0 144 0 126 0 144 114 127 114 126 114 134 115 143 115 126 115 136 115 33 115 32 115 128 116 145 116 40 116 145 117 43 117 40 117 57 118 131 118 58 118 146 5 87 5 129 5 130 119 147 119 129 119 147 120 146 120 129 120 48 121 132 121 46 121 77 122 145 122 128 122 57 121 148 121 131 121 148 5 77 5 131 5 79 123 147 123 130 123 48 121 149 121 132 121 149 5 79 5 132 5 8 124 150 124 133 124 9 124 8 124 133 124 150 125 67 125 133 125 151 126 143 126 134 126 67 127 151 127 134 127 21 128 152 128 135 128 0 129 21 129 135 129 152 125 71 125 135 125 153 126 33 126 136 126 71 127 153 127 136 127 154 0 142 0 143 0 151 130 154 130 143 130 153 131 24 131 33 131 145 132 155 132 43 132 155 132 44 132 43 132 61 133 148 133 57 133 156 134 87 134 146 134 147 135 157 135 146 135 157 136 156 136 146 136 50 133 149 133 48 133 77 137 155 137 145 137 61 138 158 138 148 138 158 139 77 139 148 139 79 140 157 140 147 140 50 141 159 141 149 141 159 139 79 139 149 139 7 142 160 142 150 142 8 143 7 143 150 143 160 0 67 0 150 0 161 144 154 144 151 144 67 0 161 0 151 0 84 145 162 145 152 145 21 146 84 146 152 146 162 0 71 0 152 0 163 147 24 147 153 147 71 0 163 0 153 0 164 0 142 0 154 0 161 148 164 148 154 148 165 0 25 0 24 0 163 149 165 149 24 149 166 5 45 5 44 5 155 143 167 143 44 143 167 143 166 143 44 143 87 150 158 150 61 150 168 5 169 5 156 5 169 5 87 5 156 5 157 146 170 146 156 146 170 151 168 151 156 151 49 152 159 152 50 152 77 5 167 5 155 5 87 148 171 148 158 148 171 5 77 5 158 5 79 5 170 5 157 5 49 149 172 149 159 149 172 5 79 5 159 5 173 153 174 153 160 153 7 154 173 154 160 154 174 0 67 0 160 0 175 155 176 155 67 155 176 0 161 0 67 0 177 0 178 0 67 0 178 0 179 0 67 0 179 156 175 156 67 156 180 157 181 157 67 157 181 0 182 0 67 0 182 0 177 0 67 0 183 0 184 0 67 0 184 0 185 0 67 0 185 0 180 0 67 0 186 0 187 0 67 0 187 0 188 0 67 0 188 0 183 0 67 0 174 158 189 158 67 158 189 0 190 0 67 0 190 0 186 0 67 0 176 159 164 159 161 159 127 160 191 160 162 160 84 161 127 161 162 161 191 0 71 0 162 0 192 155 193 155 71 155 193 0 163 0 71 0 194 0 195 0 71 0 195 0 196 0 71 0 196 162 192 162 71 162 197 163 198 163 71 163 198 0 199 0 71 0 199 0 194 0 71 0 200 0 201 0 71 0 201 0 202 0 71 0 202 0 197 0 71 0 203 0 204 0 71 0 204 0 205 0 71 0 205 0 200 0 71 0 191 156 206 156 71 156 206 0 207 0 71 0 207 0 203 0 71 0 193 164 165 164 163 164 6 165 173 165 7 165 208 0 142 0 164 0 176 166 208 166 164 166 209 0 25 0 165 0 193 167 209 167 165 167 210 5 45 5 166 5 211 154 210 154 166 154 167 154 211 154 166 154 169 168 171 168 87 168 212 169 213 169 168 169 213 5 214 5 168 5 214 5 215 5 168 5 215 5 216 5 168 5 216 5 169 5 168 5 217 5 218 5 168 5 218 5 219 5 168 5 219 5 212 5 168 5 220 170 217 170 168 170 170 161 220 161 168 161 34 5 221 5 49 5 221 171 172 171 49 171 77 5 211 5 167 5 171 5 222 5 77 5 223 172 211 172 77 172 224 5 225 5 77 5 225 5 226 5 77 5 226 5 223 5 77 5 227 5 228 5 77 5 228 5 229 5 77 5 229 5 224 5 77 5 230 5 231 5 77 5 231 5 232 5 77 5 232 5 227 5 77 5 233 5 234 5 77 5 234 5 235 5 77 5 235 5 230 5 77 5 222 173 236 173 77 173 236 5 237 5 77 5 237 5 233 5 77 5 169 166 222 166 171 166 79 5 220 5 170 5 172 5 238 5 79 5 239 174 220 174 79 174 240 5 241 5 79 5 241 5 242 5 79 5 242 5 239 5 79 5 243 5 244 5 79 5 244 5 245 5 79 5 245 5 240 5 79 5 246 5 247 5 79 5 247 5 248 5 79 5 248 5 243 5 79 5 249 5 250 5 79 5 250 5 251 5 79 5 251 5 246 5 79 5 238 173 252 173 79 173 252 5 253 5 79 5 253 5 249 5 79 5 221 167 238 167 172 167 254 175 189 175 174 175 173 175 254 175 174 175 175 176 208 176 176 176 144 177 206 177 191 177 127 178 144 178 191 178 192 179 209 179 193 179 6 180 254 180 173 180 25 181 142 181 208 181 255 0 25 0 208 0 175 182 255 182 208 182 256 0 25 0 209 0 192 182 256 182 209 182 257 5 45 5 210 5 211 183 223 183 210 183 223 184 257 184 210 184 216 185 222 185 169 185 258 5 45 5 217 5 45 5 218 5 217 5 220 186 239 186 217 186 239 187 258 187 217 187 34 188 259 188 221 188 259 189 238 189 221 189 216 190 236 190 222 190 259 190 252 190 238 190 260 191 190 191 189 191 254 192 260 192 189 192 179 193 255 193 175 193 141 194 207 194 206 194 144 195 141 195 206 195 196 193 256 193 192 193 6 196 260 196 254 196 261 0 25 0 255 0 179 197 261 197 255 197 262 0 25 0 256 0 196 198 262 198 256 198 263 5 45 5 257 5 223 192 226 192 257 192 226 199 263 199 257 199 215 198 236 198 216 198 264 5 45 5 258 5 239 195 242 195 258 195 242 200 264 200 258 200 34 201 265 201 259 201 265 198 252 198 259 198 215 197 237 197 236 197 265 198 253 198 252 198 266 202 186 202 190 202 260 203 266 203 190 203 178 204 261 204 179 204 140 205 203 205 207 205 141 206 140 206 207 206 195 207 262 207 196 207 6 0 266 0 260 0 267 0 25 0 261 0 178 208 267 208 261 208 268 0 25 0 262 0 195 209 268 209 262 209 269 5 45 5 263 5 226 210 225 210 263 210 225 211 269 211 263 211 214 212 237 212 215 212 270 5 45 5 264 5 242 213 241 213 264 213 241 214 270 214 264 214 34 5 271 5 265 5 271 215 253 215 265 215 214 216 233 216 237 216 271 217 249 217 253 217 272 218 187 218 186 218 266 219 272 219 186 219 177 220 267 220 178 220 139 221 204 221 203 221 140 218 139 218 203 218 194 222 268 222 195 222 6 223 272 223 266 223 273 0 25 0 267 0 177 224 273 224 267 224 274 0 25 0 268 0 194 220 274 220 268 220 275 5 45 5 269 5 225 225 224 225 269 225 224 226 275 226 269 226 213 227 233 227 214 227 276 5 45 5 270 5 241 226 240 226 270 226 240 228 276 228 270 228 34 229 277 229 271 229 277 230 249 230 271 230 213 231 234 231 233 231 277 227 250 227 249 227 278 232 188 232 187 232 272 233 278 233 187 233 182 234 273 234 177 234 138 232 205 232 204 232 139 235 138 235 204 235 199 234 274 234 194 234 6 236 278 236 272 236 279 237 25 237 273 237 182 238 279 238 273 238 280 239 25 239 274 239 199 234 280 234 274 234 281 5 45 5 275 5 224 240 229 240 275 240 229 241 281 241 275 241 212 242 234 242 213 242 282 5 45 5 276 5 240 243 245 243 276 243 245 241 282 241 276 241 34 244 283 244 277 244 283 242 250 242 277 242 212 245 235 245 234 245 283 242 251 242 250 242 284 246 183 246 188 246 278 246 284 246 188 246 181 247 279 247 182 247 137 246 200 246 205 246 138 248 137 248 205 248 198 247 280 247 199 247 6 249 284 249 278 249 285 250 25 250 279 250 181 251 285 251 279 251 286 252 25 252 280 252 198 247 286 247 280 247 287 5 45 5 281 5 229 253 228 253 281 253 228 254 287 254 281 254 219 255 235 255 212 255 288 5 45 5 282 5 245 256 244 256 282 256 244 254 288 254 282 254 34 5 289 5 283 5 289 255 251 255 283 255 219 257 230 257 235 257 289 258 246 258 251 258 290 259 184 259 183 259 284 260 290 260 183 260 180 261 285 261 181 261 142 259 201 259 200 259 137 262 142 262 200 262 197 263 286 263 198 263 6 264 290 264 284 264 291 265 25 265 285 265 180 266 291 266 285 266 292 267 25 267 286 267 197 268 292 268 286 268 293 269 45 269 287 269 228 270 227 270 287 270 227 271 293 271 287 271 218 272 230 272 219 272 294 273 45 273 288 273 244 274 243 274 288 274 243 271 294 271 288 271 34 275 295 275 289 275 295 276 246 276 289 276 218 277 231 277 230 277 295 278 247 278 246 278 296 279 185 279 184 279 290 280 296 280 184 280 185 281 291 281 180 281 297 279 202 279 201 279 142 282 297 282 201 282 202 281 292 281 197 281 6 283 296 283 290 283 296 0 25 0 291 0 185 284 296 284 291 284 25 285 297 285 142 285 297 0 25 0 292 0 202 284 297 284 292 284 298 5 45 5 293 5 227 286 232 286 293 286 232 287 298 287 293 287 45 288 298 288 218 288 298 289 231 289 218 289 34 5 45 5 294 5 299 5 34 5 294 5 243 290 248 290 294 290 248 287 299 287 294 287 34 291 299 291 295 291 299 289 247 289 295 289 298 292 232 292 231 292 299 292 248 292 247 292 6 0 25 0 296 0 25 1 6 1 300 1 34 1 25 1 300 1 301 1 34 1 300 1 6 1 302 1 300 1 302 0 303 0 300 0 303 293 304 293 300 293 304 294 305 294 300 294 305 0 306 0 300 0 307 5 308 5 301 5 309 295 307 295 301 295 310 296 311 296 301 296 311 297 312 297 301 297 312 298 309 298 301 298 45 1 34 1 301 1 308 1 45 1 301 1 313 299 314 299 300 299 314 300 315 300 300 300 315 299 316 299 300 299 316 299 317 299 300 299 317 299 318 299 300 299 319 299 320 299 300 299 321 299 319 299 300 299 320 299 322 299 300 299 322 299 323 299 300 299 323 299 301 299 300 299 306 299 324 299 300 299 324 299 325 299 300 299 325 299 313 299 300 299 318 299 326 299 300 299 326 299 327 299 300 299 327 299 328 299 300 299 329 299 321 299 300 299 328 299 329 299 300 299 330 299 310 299 301 299 331 299 330 299 301 299 323 299 332 299 301 299 332 299 333 299 301 299 333 299 334 299 301 299 334 299 335 299 301 299 335 299 336 299 301 299 336 301 337 301 301 301 337 299 338 299 301 299 338 299 339 299 301 299 339 302 340 302 301 302 340 303 341 303 301 303 341 299 331 299 301 299 45 1 308 1 6 1 308 1 302 1 6 1 308 304 342 304 302 304 342 305 343 305 302 305 344 0 303 0 302 0 345 0 344 0 302 0 346 0 345 0 302 0 343 0 346 0 302 0 307 306 347 306 308 306 347 5 342 5 308 5 346 307 348 307 349 307 345 308 346 308 349 308 350 309 345 309 349 309 348 0 350 0 349 0 351 0 352 0 345 0 352 0 353 0 345 0 353 0 344 0 345 0 350 309 351 309 345 309 354 5 342 5 347 5 307 5 355 5 347 5 356 310 357 310 347 310 357 311 354 311 347 311 355 312 356 312 347 312 355 313 358 313 356 313 358 5 359 5 356 5 359 314 357 314 356 314 360 315 361 315 348 315 346 316 360 316 348 316 361 0 350 0 348 0 362 317 360 317 346 317 363 318 362 318 346 318 343 0 364 0 346 0 364 0 365 0 346 0 365 0 363 0 346 0 366 5 367 5 354 5 367 5 342 5 354 5 357 316 359 316 354 316 359 315 366 315 354 315 368 319 304 319 369 319 370 320 371 320 369 320 304 321 370 321 369 321 371 0 372 0 369 0 372 0 368 0 369 0 303 322 370 322 304 322 368 319 305 319 304 319 373 5 374 5 312 5 374 323 309 323 312 323 375 324 376 324 312 324 376 325 373 325 312 325 311 326 375 326 312 326 311 327 377 327 375 327 377 5 376 5 375 5 344 328 378 328 379 328 303 328 344 328 379 328 380 329 303 329 379 329 378 0 380 0 379 0 381 0 370 0 303 0 380 330 381 330 303 330 382 5 383 5 309 5 383 331 384 331 309 331 384 5 307 5 309 5 385 328 386 328 309 328 386 328 382 328 309 328 374 332 385 332 309 332 374 333 387 333 385 333 387 5 388 5 385 5 388 5 386 5 385 5 389 334 390 334 378 334 344 334 389 334 378 334 390 0 380 0 378 0 372 335 305 335 368 335 353 0 389 0 344 0 391 0 306 0 305 0 372 335 391 335 305 335 392 5 383 5 382 5 386 336 388 336 382 336 388 336 392 336 382 336 310 337 393 337 311 337 393 338 377 338 311 338 393 338 394 338 377 338 394 5 376 5 377 5 395 339 353 339 396 339 352 340 397 340 396 340 353 340 352 340 396 340 397 0 398 0 396 0 398 0 395 0 396 0 399 0 389 0 353 0 395 339 399 339 353 339 400 5 355 5 307 5 401 341 402 341 307 341 402 342 400 342 307 342 384 343 401 343 307 343 384 344 403 344 401 344 403 5 402 5 401 5 398 345 399 345 395 345 404 0 389 0 399 0 398 345 404 345 399 345 383 345 403 345 384 345 383 345 405 345 403 345 405 5 402 5 403 5 406 346 407 346 343 346 408 347 406 347 343 347 407 348 409 348 343 348 409 349 410 349 343 349 410 349 411 349 343 349 412 349 364 349 343 349 413 349 412 349 343 349 411 350 413 350 343 350 342 351 414 351 343 351 414 349 415 349 343 349 415 349 408 349 343 349 416 352 417 352 342 352 417 349 418 349 342 349 418 349 419 349 342 349 419 353 414 353 342 353 420 354 421 354 342 354 421 349 422 349 342 349 422 349 423 349 342 349 424 349 425 349 342 349 425 349 426 349 342 349 426 349 420 349 342 349 427 355 416 355 342 355 428 349 427 349 342 349 423 349 428 349 342 349 367 5 429 5 342 5 429 5 430 5 342 5 430 356 431 356 342 356 431 5 432 5 342 5 432 357 424 357 342 357 397 1 351 1 350 1 361 0 397 0 350 0 352 1 351 1 397 1 361 0 398 0 397 0 371 1 381 1 380 1 390 0 371 0 380 0 370 1 381 1 371 1 390 0 372 0 371 0 400 1 358 1 355 1 402 1 358 1 400 1 373 1 387 1 374 1 376 1 387 1 373 1 402 5 405 5 358 5 405 5 359 5 358 5 376 5 394 5 387 5 394 5 388 5 387 5 404 358 398 358 361 358 360 358 404 358 361 358 391 358 372 358 390 358 389 358 391 358 390 358 433 0 434 0 360 0 434 359 435 359 360 359 435 0 436 0 360 0 362 0 433 0 360 0 437 0 404 0 360 0 436 0 437 0 360 0 437 0 306 0 404 0 306 0 389 0 404 0 306 0 391 0 389 0 438 5 439 5 366 5 440 5 438 5 366 5 439 5 441 5 366 5 441 5 367 5 366 5 442 5 443 5 366 5 443 360 444 360 366 360 444 361 440 361 366 361 383 5 445 5 366 5 445 5 446 5 366 5 446 362 442 362 366 362 359 358 405 358 366 358 405 358 383 358 366 358 392 5 445 5 383 5 310 5 445 5 392 5 393 5 310 5 392 5 388 358 394 358 392 358 394 358 393 358 392 358 447 363 448 363 449 363 448 364 450 364 449 364 450 365 451 365 449 365 451 366 452 366 449 366 452 367 453 367 449 367 453 368 447 368 449 368 454 299 453 299 452 299 455 299 454 299 452 299 451 369 455 369 452 369 406 370 456 370 448 370 407 371 406 371 448 371 457 372 407 372 448 372 447 373 457 373 448 373 456 374 458 374 448 374 458 375 459 375 448 375 459 376 450 376 448 376 457 377 409 377 407 377 423 378 460 378 458 378 428 371 423 371 458 371 461 379 428 379 458 379 456 380 461 380 458 380 460 381 462 381 458 381 462 382 463 382 458 382 463 383 459 383 458 383 464 349 427 349 428 349 461 384 464 384 428 384 460 385 465 385 462 385 466 386 463 386 462 386 467 367 466 367 462 367 465 387 467 387 462 387 468 299 466 299 467 299 469 299 468 299 467 299 465 388 469 388 467 388 450 389 470 389 451 389 470 390 471 390 451 390 471 391 455 391 451 391 472 299 454 299 455 299 471 392 472 392 455 392 473 393 457 393 447 393 453 394 474 394 447 394 474 395 473 395 447 395 454 396 474 396 453 396 457 397 475 397 409 397 475 398 410 398 409 398 459 399 476 399 450 399 476 400 470 400 450 400 408 401 477 401 456 401 406 402 408 402 456 402 477 403 461 403 456 403 478 404 464 404 461 404 477 405 478 405 461 405 479 349 427 349 464 349 478 406 479 406 464 406 463 407 480 407 459 407 480 408 476 408 459 408 422 409 460 409 423 409 481 410 482 410 465 410 460 411 481 411 465 411 482 412 469 412 465 412 483 413 468 413 469 413 482 414 483 414 469 414 484 415 480 415 463 415 466 416 484 416 463 416 468 417 484 417 466 417 473 418 475 418 457 418 422 419 481 419 460 419 470 420 485 420 471 420 485 421 486 421 471 421 486 422 472 422 471 422 487 299 454 299 472 299 486 423 487 423 472 423 488 424 475 424 473 424 474 425 489 425 473 425 489 426 488 426 473 426 454 427 489 427 474 427 490 428 410 428 475 428 488 429 490 429 475 429 490 430 411 430 410 430 476 431 491 431 470 431 491 432 485 432 470 432 415 433 492 433 477 433 408 434 415 434 477 434 492 435 478 435 477 435 493 436 479 436 478 436 492 437 493 437 478 437 494 349 427 349 479 349 493 438 494 438 479 438 480 439 495 439 476 439 495 440 491 440 476 440 421 433 496 433 481 433 422 441 421 441 481 441 496 442 482 442 481 442 496 443 497 443 482 443 497 444 483 444 482 444 498 299 468 299 483 299 497 445 498 445 483 445 499 446 495 446 480 446 484 447 499 447 480 447 468 299 499 299 484 299 485 448 500 448 486 448 500 449 501 449 486 449 501 450 487 450 486 450 502 299 454 299 487 299 501 451 502 451 487 451 503 452 490 452 488 452 489 453 504 453 488 453 504 454 503 454 488 454 454 455 504 455 489 455 505 456 411 456 490 456 503 457 505 457 490 457 505 458 413 458 411 458 491 459 506 459 485 459 506 460 500 460 485 460 414 461 507 461 492 461 415 462 414 462 492 462 507 463 493 463 492 463 508 464 494 464 493 464 507 465 508 465 493 465 509 349 427 349 494 349 508 466 509 466 494 466 495 467 510 467 491 467 510 468 506 468 491 468 420 469 511 469 496 469 421 470 420 470 496 470 511 471 497 471 496 471 511 472 512 472 497 472 512 473 498 473 497 473 513 299 468 299 498 299 512 474 513 474 498 474 514 475 510 475 495 475 499 476 514 476 495 476 468 477 514 477 499 477 500 478 515 478 501 478 515 479 516 479 501 479 516 480 502 480 501 480 517 299 454 299 502 299 516 481 517 481 502 481 518 482 505 482 503 482 504 483 519 483 503 483 519 484 518 484 503 484 454 485 519 485 504 485 520 486 413 486 505 486 518 487 520 487 505 487 520 488 412 488 413 488 506 489 521 489 500 489 521 490 515 490 500 490 419 491 522 491 507 491 414 492 419 492 507 492 522 493 508 493 507 493 523 494 509 494 508 494 522 495 523 495 508 495 524 349 427 349 509 349 523 496 524 496 509 496 510 497 525 497 506 497 525 498 521 498 506 498 426 499 526 499 511 499 420 500 426 500 511 500 526 501 512 501 511 501 526 502 527 502 512 502 527 503 513 503 512 503 528 299 468 299 513 299 527 504 528 504 513 504 514 505 529 505 510 505 529 506 525 506 510 506 468 507 529 507 514 507 515 508 530 508 516 508 530 509 517 509 516 509 531 299 454 299 517 299 530 510 531 510 517 510 532 511 520 511 518 511 519 512 532 512 518 512 454 513 533 513 519 513 533 514 534 514 519 514 534 515 532 515 519 515 535 516 412 516 520 516 532 517 535 517 520 517 536 349 364 349 412 349 535 518 536 518 412 518 537 519 530 519 515 519 521 520 538 520 515 520 538 521 537 521 515 521 419 522 539 522 522 522 540 523 541 523 522 523 539 524 540 524 522 524 541 525 523 525 522 525 418 526 542 526 419 526 542 527 539 527 419 527 541 528 524 528 523 528 543 349 427 349 524 349 541 529 543 529 524 529 525 530 544 530 521 530 544 531 538 531 521 531 425 532 545 532 526 532 426 533 425 533 526 533 545 534 546 534 526 534 546 535 547 535 526 535 547 536 527 536 526 536 547 537 528 537 527 537 548 299 468 299 528 299 547 538 548 538 528 538 529 539 544 539 525 539 468 540 549 540 529 540 549 541 544 541 529 541 537 542 550 542 530 542 550 543 531 543 530 543 534 544 535 544 532 544 551 545 550 545 537 545 538 546 552 546 537 546 552 547 551 547 537 547 542 548 540 548 539 548 540 549 543 549 541 549 544 550 553 550 538 550 553 551 552 551 538 551 546 552 548 552 547 552 549 553 553 553 544 553 551 554 554 554 550 554 554 555 531 555 550 555 555 556 454 556 531 556 554 557 555 557 531 557 556 558 365 558 534 558 365 559 364 559 534 559 364 560 535 560 534 560 533 561 556 561 534 561 454 562 557 562 533 562 557 563 558 563 533 563 558 564 556 564 533 564 559 565 536 565 535 565 364 566 559 566 535 566 560 349 364 349 536 349 559 567 560 567 536 567 561 568 554 568 551 568 552 569 562 569 551 569 562 570 561 570 551 570 418 571 563 571 542 571 564 572 540 572 542 572 565 573 564 573 542 573 563 574 565 574 542 574 417 575 566 575 418 575 566 576 563 576 418 576 564 577 543 577 540 577 567 349 427 349 543 349 564 578 567 578 543 578 553 579 568 579 552 579 568 580 562 580 552 580 425 581 569 581 545 581 569 582 424 582 545 582 424 583 546 583 545 583 424 584 570 584 425 584 570 585 571 585 425 585 571 586 569 586 425 586 424 587 572 587 546 587 572 588 548 588 546 588 573 299 468 299 548 299 572 589 573 589 548 589 549 590 568 590 553 590 468 591 574 591 549 591 574 592 568 592 549 592 560 349 575 349 364 349 575 593 576 593 364 593 576 594 559 594 364 594 577 349 570 349 424 349 578 595 577 595 424 595 579 596 572 596 424 596 432 597 579 597 424 597 569 598 578 598 424 598 561 599 580 599 554 599 580 600 555 600 554 600 363 601 365 601 556 601 558 602 363 602 556 602 581 603 560 603 559 603 576 604 581 604 559 604 582 605 580 605 561 605 562 606 583 606 561 606 583 607 582 607 561 607 566 608 565 608 563 608 565 609 567 609 564 609 568 610 584 610 562 610 584 611 583 611 562 611 571 612 585 612 569 612 585 613 578 613 569 613 579 614 573 614 572 614 574 615 584 615 568 615 575 616 586 616 576 616 586 617 581 617 576 617 585 349 577 349 578 349 431 618 579 618 432 618 587 349 588 349 589 349 590 349 587 349 589 349 588 619 591 619 589 619 591 620 592 620 589 620 592 621 590 621 589 621 593 622 594 622 591 622 594 623 595 623 591 623 595 624 592 624 591 624 588 625 593 625 591 625 327 626 596 626 328 626 596 627 597 627 328 627 597 628 598 628 328 628 599 299 329 299 328 299 598 299 599 299 328 299 327 629 600 629 596 629 600 630 601 630 596 630 601 631 597 631 596 631 602 632 595 632 594 632 603 633 602 633 594 633 604 634 603 634 594 634 593 635 604 635 594 635 605 636 602 636 603 636 606 637 605 637 603 637 607 638 606 638 603 638 604 639 607 639 603 639 333 626 608 626 334 626 608 627 609 627 334 627 609 628 335 628 334 628 333 629 610 629 608 629 611 299 609 299 608 299 610 640 611 640 608 640 612 349 613 349 614 349 615 349 612 349 614 349 616 641 615 641 614 641 606 642 616 642 614 642 613 643 606 643 614 643 613 644 605 644 606 644 607 645 616 645 606 645 587 646 617 646 588 646 617 647 593 647 588 647 618 648 604 648 593 648 617 649 618 649 593 649 619 349 587 349 590 349 592 650 620 650 590 650 620 651 619 651 590 651 595 652 621 652 592 652 621 653 620 653 592 653 326 654 600 654 327 654 326 655 622 655 600 655 622 656 601 656 600 656 597 657 623 657 598 657 623 658 624 658 598 658 624 659 599 659 598 659 601 299 623 299 597 299 625 660 607 660 604 660 618 661 625 661 604 661 626 662 621 662 595 662 602 663 626 663 595 663 627 664 626 664 602 664 605 665 627 665 602 665 628 666 616 666 607 666 625 667 628 667 607 667 332 655 610 655 333 655 332 655 629 655 610 655 630 299 611 299 610 299 629 299 630 299 610 299 609 668 631 668 335 668 631 668 336 668 335 668 611 669 631 669 609 669 612 349 632 349 613 349 632 670 605 670 613 670 632 671 627 671 605 671 633 349 612 349 615 349 634 672 633 672 615 672 616 673 634 673 615 673 628 674 634 674 616 674 582 675 635 675 580 675 635 676 555 676 580 676 636 299 454 299 555 299 635 677 636 677 555 677 362 678 363 678 558 678 637 679 362 679 558 679 557 680 637 680 558 680 454 681 638 681 557 681 638 682 639 682 557 682 639 683 637 683 557 683 575 684 640 684 586 684 641 685 581 685 586 685 640 686 641 686 586 686 641 687 560 687 581 687 641 688 575 688 560 688 642 689 635 689 582 689 583 690 642 690 582 690 417 691 643 691 566 691 644 692 565 692 566 692 645 693 644 693 566 693 643 694 645 694 566 694 416 695 646 695 417 695 646 696 643 696 417 696 644 697 567 697 565 697 647 349 427 349 567 349 648 349 647 349 567 349 649 349 648 349 567 349 644 698 649 698 567 698 650 699 642 699 583 699 584 700 651 700 583 700 651 701 650 701 583 701 570 702 652 702 571 702 652 703 585 703 571 703 577 704 653 704 570 704 653 705 652 705 570 705 654 349 577 349 585 349 652 706 654 706 585 706 430 707 579 707 431 707 430 708 655 708 579 708 655 709 573 709 579 709 656 299 468 299 573 299 655 710 656 710 573 710 574 711 651 711 584 711 468 712 657 712 574 712 657 713 651 713 574 713 587 714 658 714 617 714 658 715 618 715 617 715 659 716 625 716 618 716 658 717 659 717 618 717 660 349 587 349 619 349 620 718 661 718 619 718 661 719 660 719 619 719 621 720 662 720 620 720 662 721 661 721 620 721 318 722 622 722 326 722 663 723 662 723 622 723 318 724 663 724 622 724 662 725 601 725 622 725 623 726 664 726 624 726 664 727 665 727 624 727 665 728 599 728 624 728 666 299 664 299 623 299 601 299 666 299 623 299 667 729 628 729 625 729 659 730 667 730 625 730 668 731 669 731 621 731 626 732 668 732 621 732 601 733 662 733 621 733 669 734 601 734 621 734 670 735 668 735 626 735 627 736 670 736 626 736 671 737 634 737 628 737 667 738 671 738 628 738 323 739 629 739 332 739 323 739 672 739 629 739 672 299 630 299 629 299 631 740 673 740 336 740 673 741 337 741 336 741 670 742 673 742 631 742 611 743 670 743 631 743 612 349 674 349 632 349 674 744 627 744 632 744 674 745 675 745 627 745 673 746 670 746 627 746 675 747 673 747 627 747 676 349 612 349 633 349 677 748 676 748 633 748 634 749 677 749 633 749 671 750 677 750 634 750 663 751 661 751 662 751 611 752 668 752 670 752 642 753 678 753 635 753 678 754 636 754 635 754 433 755 362 755 637 755 639 756 433 756 637 756 575 757 679 757 640 757 680 758 641 758 640 758 679 759 680 759 640 759 680 760 575 760 641 760 681 761 678 761 642 761 650 762 681 762 642 762 646 763 645 763 643 763 645 764 649 764 644 764 682 765 681 765 650 765 651 766 683 766 650 766 683 767 682 767 650 767 653 768 684 768 652 768 684 769 654 769 652 769 684 349 577 349 654 349 429 770 685 770 430 770 685 771 655 771 430 771 685 772 656 772 655 772 657 773 683 773 651 773 587 774 686 774 658 774 686 775 659 775 658 775 687 776 667 776 659 776 686 777 687 777 659 777 688 349 587 349 660 349 661 778 689 778 660 778 689 779 688 779 660 779 663 780 690 780 661 780 690 781 689 781 661 781 317 782 663 782 318 782 317 783 690 783 663 783 664 784 691 784 665 784 691 785 692 785 665 785 692 786 599 786 665 786 666 299 691 299 664 299 693 787 671 787 667 787 687 788 693 788 667 788 694 789 695 789 669 789 668 790 694 790 669 790 695 791 601 791 669 791 611 792 630 792 668 792 630 793 694 793 668 793 696 794 677 794 671 794 693 795 696 795 671 795 322 796 672 796 323 796 322 797 697 797 672 797 697 299 630 299 672 299 673 798 698 798 337 798 698 799 338 799 337 799 699 800 698 800 673 800 675 801 699 801 673 801 612 802 700 802 674 802 700 803 675 803 674 803 700 804 699 804 675 804 701 805 612 805 676 805 702 806 701 806 676 806 677 807 702 807 676 807 696 808 702 808 677 808 695 809 666 809 601 809 681 810 703 810 678 810 703 811 636 811 678 811 704 299 454 299 636 299 703 812 704 812 636 812 434 813 433 813 639 813 705 814 434 814 639 814 638 815 705 815 639 815 454 816 706 816 638 816 706 817 707 817 638 817 707 818 705 818 638 818 575 819 708 819 679 819 708 820 680 820 679 820 709 821 575 821 680 821 708 822 709 822 680 822 710 349 708 349 575 349 711 349 710 349 575 349 709 823 712 823 575 823 712 824 713 824 575 824 713 825 711 825 575 825 714 826 703 826 681 826 682 827 714 827 681 827 416 828 715 828 646 828 716 829 645 829 646 829 717 830 716 830 646 830 715 831 717 831 646 831 718 832 719 832 416 832 427 833 718 833 416 833 720 834 715 834 416 834 719 835 720 835 416 835 716 836 649 836 645 836 721 349 648 349 649 349 716 837 721 837 649 837 722 838 714 838 682 838 683 839 723 839 682 839 723 840 722 840 682 840 577 841 724 841 653 841 724 842 725 842 653 842 725 843 684 843 653 843 684 349 725 349 577 349 725 844 726 844 577 844 727 845 724 845 577 845 726 846 728 846 577 846 728 847 729 847 577 847 729 848 727 848 577 848 367 849 685 849 429 849 367 850 730 850 685 850 730 851 656 851 685 851 731 852 468 852 656 852 730 853 731 853 656 853 657 854 723 854 683 854 468 855 732 855 657 855 732 856 723 856 657 856 708 857 712 857 709 857 727 858 725 858 724 858 587 859 733 859 686 859 733 860 687 860 686 860 734 861 693 861 687 861 733 862 734 862 687 862 735 349 587 349 688 349 689 863 736 863 688 863 736 864 735 864 688 864 690 865 737 865 689 865 737 866 736 866 689 866 316 496 690 496 317 496 316 867 737 867 690 867 738 299 691 299 666 299 695 868 738 868 666 868 691 869 738 869 692 869 738 870 739 870 692 870 739 299 599 299 692 299 740 871 696 871 693 871 734 872 740 872 693 872 741 873 742 873 695 873 694 874 741 874 695 874 742 875 743 875 695 875 743 876 738 876 695 876 630 877 744 877 694 877 744 878 741 878 694 878 745 879 702 879 696 879 740 880 745 880 696 880 320 881 744 881 322 881 744 882 697 882 322 882 744 299 630 299 697 299 698 883 746 883 338 883 746 884 339 884 338 884 699 885 747 885 698 885 747 886 746 886 698 886 612 887 748 887 700 887 748 888 699 888 700 888 748 889 747 889 699 889 749 349 612 349 701 349 750 890 749 890 701 890 702 891 750 891 701 891 745 892 750 892 702 892 714 893 751 893 703 893 751 894 704 894 703 894 435 895 434 895 705 895 707 896 435 896 705 896 710 897 752 897 708 897 752 898 713 898 708 898 713 899 712 899 708 899 753 900 751 900 714 900 722 901 753 901 714 901 720 902 717 902 715 902 717 903 721 903 716 903 754 904 753 904 722 904 723 905 755 905 722 905 755 906 754 906 722 906 729 907 725 907 727 907 756 349 726 349 725 349 729 908 756 908 725 908 441 909 757 909 367 909 757 910 730 910 367 910 757 911 731 911 730 911 732 912 755 912 723 912 743 913 739 913 738 913 320 914 758 914 744 914 758 915 741 915 744 915 752 916 711 916 713 916 728 917 756 917 729 917 587 349 759 349 733 349 759 918 760 918 733 918 760 919 734 919 733 919 760 920 740 920 734 920 761 349 587 349 735 349 736 921 762 921 735 921 762 922 761 922 735 922 737 923 763 923 736 923 763 924 762 924 736 924 315 925 764 925 316 925 764 926 763 926 316 926 763 927 737 927 316 927 765 928 766 928 739 928 743 929 765 929 739 929 766 299 599 299 739 299 767 930 745 930 740 930 760 931 767 931 740 931 741 932 768 932 742 932 768 933 765 933 742 933 765 934 743 934 742 934 769 935 770 935 741 935 758 936 769 936 741 936 771 937 768 937 741 937 770 938 771 938 741 938 772 939 750 939 745 939 773 940 772 940 745 940 767 941 773 941 745 941 319 942 774 942 320 942 774 943 769 943 320 943 769 944 758 944 320 944 746 945 775 945 339 945 775 946 340 946 339 946 747 947 775 947 746 947 612 948 776 948 748 948 776 949 777 949 748 949 777 950 778 950 748 950 778 951 747 951 748 951 778 952 775 952 747 952 779 953 612 953 749 953 772 954 779 954 749 954 750 955 772 955 749 955 780 956 781 956 751 956 753 957 780 957 751 957 781 958 704 958 751 958 782 299 454 299 704 299 781 959 782 959 704 959 783 299 784 299 454 299 784 299 706 299 454 299 785 299 786 299 454 299 786 299 787 299 454 299 787 299 783 299 454 299 788 299 789 299 454 299 789 960 790 960 454 960 790 299 785 299 454 299 791 299 792 299 454 299 792 299 793 299 454 299 793 299 788 299 454 299 794 299 795 299 454 299 795 299 796 299 454 299 796 299 791 299 454 299 782 299 797 299 454 299 797 961 798 961 454 961 798 299 794 299 454 299 436 962 435 962 707 962 799 963 436 963 707 963 706 964 799 964 707 964 784 965 799 965 706 965 711 966 800 966 710 966 800 967 801 967 710 967 801 968 752 968 710 968 802 969 711 969 752 969 801 970 802 970 752 970 802 349 800 349 711 349 803 971 780 971 753 971 754 972 803 972 753 972 719 973 804 973 720 973 804 974 805 974 720 974 805 975 806 975 720 975 806 976 717 976 720 976 718 977 807 977 719 977 807 978 804 978 719 978 808 979 721 979 717 979 806 980 808 980 717 980 808 349 648 349 721 349 755 981 803 981 754 981 726 982 809 982 728 982 810 983 756 983 728 983 809 984 810 984 728 984 756 985 811 985 726 985 811 986 809 986 726 986 810 349 811 349 756 349 439 987 812 987 441 987 812 988 757 988 441 988 813 989 731 989 757 989 812 990 813 990 757 990 813 961 468 961 731 961 814 991 815 991 468 991 815 299 732 299 468 299 816 961 817 961 468 961 817 299 818 299 468 299 818 299 814 299 468 299 819 992 820 992 468 992 820 299 821 299 468 299 821 299 816 299 468 299 822 993 823 993 468 993 823 299 824 299 468 299 824 299 819 299 468 299 825 299 826 299 468 299 826 299 827 299 468 299 827 299 822 299 468 299 813 299 828 299 468 299 828 299 829 299 468 299 829 299 825 299 468 299 830 994 803 994 755 994 732 995 830 995 755 995 815 996 830 996 732 996 831 997 802 997 801 997 800 998 831 998 801 998 811 999 832 999 809 999 832 1000 810 1000 809 1000 833 1001 767 1001 760 1001 759 1002 833 1002 760 1002 763 1003 834 1003 762 1003 834 1004 761 1004 762 1004 764 1005 834 1005 763 1005 835 1006 766 1006 765 1006 768 1007 835 1007 765 1007 836 1008 773 1008 767 1008 833 1009 836 1009 767 1009 771 1010 835 1010 768 1010 769 1011 837 1011 770 1011 837 1012 771 1012 770 1012 838 1013 772 1013 773 1013 839 1014 838 1014 773 1014 836 1015 839 1015 773 1015 774 1016 837 1016 769 1016 840 1017 340 1017 775 1017 778 1018 840 1018 775 1018 777 1019 840 1019 778 1019 838 1020 779 1020 772 1020 841 1021 842 1021 781 1021 780 1022 841 1022 781 1022 842 1023 782 1023 781 1023 843 1024 436 1024 799 1024 784 1025 843 1025 799 1025 844 0 437 0 436 0 845 0 844 0 436 0 843 1026 845 1026 436 1026 802 1027 846 1027 800 1027 847 1028 848 1028 800 1028 846 1029 847 1029 800 1029 848 1030 831 1030 800 1030 848 1031 802 1031 831 1031 849 1032 841 1032 780 1032 803 1033 849 1033 780 1033 807 1034 850 1034 804 1034 850 1035 805 1035 804 1035 805 1036 808 1036 806 1036 830 1037 849 1037 803 1037 811 1038 851 1038 832 1038 851 1039 810 1039 832 1039 852 349 811 349 810 349 851 1040 853 1040 810 1040 853 1041 852 1041 810 1041 438 1042 854 1042 439 1042 854 1043 812 1043 439 1043 854 1044 813 1044 812 1044 855 1045 849 1045 830 1045 815 1046 855 1046 830 1046 847 1047 802 1047 848 1047 811 1048 853 1048 851 1048 587 1049 856 1049 759 1049 856 1050 857 1050 759 1050 857 1051 833 1051 759 1051 857 1052 836 1052 833 1052 858 349 587 349 761 349 859 1053 858 1053 761 1053 834 1054 859 1054 761 1054 860 1055 859 1055 834 1055 764 1056 860 1056 834 1056 314 1057 861 1057 315 1057 861 1058 860 1058 315 1058 860 1059 764 1059 315 1059 862 1060 863 1060 766 1060 835 1061 862 1061 766 1061 863 1062 599 1062 766 1062 771 1063 862 1063 835 1063 864 1064 839 1064 836 1064 857 1065 864 1065 836 1065 837 1066 865 1066 771 1066 865 1067 862 1067 771 1067 866 1068 867 1068 837 1068 774 1069 866 1069 837 1069 867 1070 868 1070 837 1070 868 1071 865 1071 837 1071 869 1072 838 1072 839 1072 870 1073 869 1073 839 1073 864 1074 870 1074 839 1074 321 1075 871 1075 319 1075 871 1076 866 1076 319 1076 866 1077 774 1077 319 1077 872 1078 341 1078 340 1078 840 1079 872 1079 340 1079 777 1080 872 1080 840 1080 612 1081 873 1081 776 1081 873 1082 874 1082 776 1082 874 1083 875 1083 776 1083 875 1084 777 1084 776 1084 875 1085 872 1085 777 1085 876 1086 612 1086 779 1086 869 1087 876 1087 779 1087 838 1088 869 1088 779 1088 877 1089 878 1089 842 1089 841 1090 877 1090 842 1090 878 1091 782 1091 842 1091 878 1092 797 1092 782 1092 879 1093 845 1093 843 1093 880 1094 879 1094 843 1094 784 1095 880 1095 843 1095 783 1096 880 1096 784 1096 879 0 844 0 845 0 802 1097 881 1097 846 1097 882 1098 847 1098 846 1098 881 1099 882 1099 846 1099 883 1100 802 1100 847 1100 882 1101 883 1101 847 1101 884 349 881 349 802 349 883 349 885 349 802 349 885 1102 886 1102 802 1102 886 349 884 349 802 349 887 1103 877 1103 841 1103 849 1104 887 1104 841 1104 807 1105 888 1105 850 1105 888 1106 889 1106 850 1106 889 1107 890 1107 850 1107 890 1108 805 1108 850 1108 718 1109 891 1109 807 1109 891 1110 888 1110 807 1110 892 1111 808 1111 805 1111 890 1112 892 1112 805 1112 892 349 648 349 808 349 855 1113 887 1113 849 1113 811 1114 893 1114 853 1114 893 1115 894 1115 853 1115 894 1116 852 1116 853 1116 852 349 894 349 811 349 894 349 895 349 811 349 442 1117 896 1117 811 1117 897 1118 442 1118 811 1118 895 349 897 349 811 349 896 1119 893 1119 811 1119 440 1120 898 1120 438 1120 898 1121 854 1121 438 1121 828 1122 813 1122 854 1122 898 1123 828 1123 854 1123 899 1124 887 1124 855 1124 815 1125 899 1125 855 1125 814 1126 899 1126 815 1126 900 1127 864 1127 857 1127 856 1128 900 1128 857 1128 860 1129 901 1129 859 1129 901 1130 858 1130 859 1130 861 1131 901 1131 860 1131 902 1132 863 1132 862 1132 865 1133 902 1133 862 1133 903 1134 870 1134 864 1134 900 1135 903 1135 864 1135 868 1136 902 1136 865 1136 866 1137 904 1137 867 1137 904 1138 868 1138 867 1138 905 1139 869 1139 870 1139 906 1140 905 1140 870 1140 903 1141 906 1141 870 1141 871 1142 904 1142 866 1142 907 1143 341 1143 872 1143 875 1144 907 1144 872 1144 874 1145 907 1145 875 1145 905 1146 876 1146 869 1146 908 1147 909 1147 878 1147 877 1148 908 1148 878 1148 909 1149 797 1149 878 1149 910 1150 879 1150 880 1150 783 1151 910 1151 880 1151 910 1152 911 1152 879 1152 911 0 844 0 879 0 884 1153 882 1153 881 1153 912 1154 883 1154 882 1154 884 1155 912 1155 882 1155 913 1156 908 1156 877 1156 887 1157 913 1157 877 1157 891 1158 914 1158 888 1158 914 1159 889 1159 888 1159 889 1160 892 1160 890 1160 899 1161 913 1161 887 1161 896 1162 915 1162 893 1162 915 1163 895 1163 893 1163 895 1164 894 1164 893 1164 444 1165 916 1165 440 1165 916 1166 898 1166 440 1166 916 1167 828 1167 898 1167 917 1168 913 1168 899 1168 814 1169 917 1169 899 1169 918 0 919 0 920 0 919 0 718 0 920 0 718 1 921 1 920 1 922 1170 918 1170 920 1170 923 1171 922 1171 920 1171 924 1172 923 1172 920 1172 921 1173 924 1173 920 1173 925 349 891 349 718 349 919 349 926 349 718 349 926 349 927 349 718 349 927 349 925 349 718 349 427 1 921 1 718 1 427 5 928 5 921 5 928 1174 929 1174 921 1174 929 1175 924 1175 921 1175 647 349 930 349 427 349 930 5 928 5 427 5 931 0 932 0 933 0 932 0 647 0 933 0 647 1 934 1 933 1 935 1176 931 1176 933 1176 936 1177 935 1177 933 1177 934 1178 936 1178 933 1178 932 349 930 349 647 349 648 1 934 1 647 1 648 5 937 5 934 5 938 1179 939 1179 934 1179 937 1180 938 1180 934 1180 939 1181 936 1181 934 1181 892 349 940 349 648 349 940 5 937 5 648 5 941 1182 922 1182 923 1182 942 1183 941 1183 923 1183 943 1184 942 1184 923 1184 924 1185 943 1185 923 1185 929 1186 944 1186 924 1186 944 1187 943 1187 924 1187 945 1188 935 1188 936 1188 946 1189 945 1189 936 1189 939 1190 946 1190 936 1190 947 1191 948 1191 939 1191 938 1186 947 1186 939 1186 948 1192 946 1192 939 1192 587 1193 949 1193 856 1193 949 1194 950 1194 856 1194 950 1195 900 1195 856 1195 950 1196 903 1196 900 1196 951 349 587 349 858 349 952 1197 951 1197 858 1197 901 1198 952 1198 858 1198 953 1199 952 1199 901 1199 861 1200 953 1200 901 1200 313 1201 954 1201 314 1201 954 1202 953 1202 314 1202 953 1203 861 1203 314 1203 955 1204 956 1204 863 1204 902 1205 955 1205 863 1205 956 1206 599 1206 863 1206 868 1207 955 1207 902 1207 957 1208 906 1208 903 1208 958 1209 957 1209 903 1209 950 1210 958 1210 903 1210 904 1211 959 1211 868 1211 959 1212 955 1212 868 1212 960 1213 961 1213 904 1213 871 1214 960 1214 904 1214 961 1215 962 1215 904 1215 962 1216 959 1216 904 1216 963 1217 905 1217 906 1217 957 1218 963 1218 906 1218 329 1219 964 1219 321 1219 964 1220 960 1220 321 1220 960 1221 871 1221 321 1221 965 1222 331 1222 341 1222 907 1223 965 1223 341 1223 874 1224 965 1224 907 1224 612 1225 966 1225 873 1225 966 1226 967 1226 873 1226 967 1227 968 1227 873 1227 968 1228 874 1228 873 1228 968 1229 965 1229 874 1229 969 349 612 349 876 349 963 1230 969 1230 876 1230 905 1231 963 1231 876 1231 970 1232 941 1232 942 1232 971 1233 970 1233 942 1233 943 1234 971 1234 942 1234 944 1235 972 1235 943 1235 972 1236 971 1236 943 1236 973 1237 945 1237 946 1237 974 1238 973 1238 946 1238 948 1239 974 1239 946 1239 975 1240 976 1240 948 1240 947 1241 975 1241 948 1241 976 1242 974 1242 948 1242 977 1243 970 1243 971 1243 978 1244 977 1244 971 1244 972 1245 978 1245 971 1245 944 1246 979 1246 972 1246 979 1247 980 1247 972 1247 980 1248 978 1248 972 1248 981 1249 973 1249 974 1249 982 1244 981 1244 974 1244 976 1250 982 1250 974 1250 983 1251 984 1251 976 1251 975 1252 983 1252 976 1252 984 1253 982 1253 976 1253 985 1254 977 1254 978 1254 986 1255 985 1255 978 1255 980 1256 986 1256 978 1256 979 1257 987 1257 980 1257 987 1258 988 1258 980 1258 988 1259 989 1259 980 1259 989 1260 986 1260 980 1260 990 1254 981 1254 982 1254 991 1255 990 1255 982 1255 984 1261 991 1261 982 1261 992 1262 993 1262 984 1262 983 1263 992 1263 984 1263 993 1260 991 1260 984 1260 994 1264 985 1264 986 1264 995 1265 994 1265 986 1265 989 1266 995 1266 986 1266 988 1267 996 1267 989 1267 996 1268 997 1268 989 1268 997 1269 995 1269 989 1269 998 1264 990 1264 991 1264 999 1270 998 1270 991 1270 993 1271 999 1271 991 1271 1000 1272 1001 1272 993 1272 992 1273 1000 1273 993 1273 1001 1274 999 1274 993 1274 1002 1275 1003 1275 909 1275 908 1276 1002 1276 909 1276 1003 1277 797 1277 909 1277 1003 1278 798 1278 797 1278 1004 1279 885 1279 910 1279 885 1280 1005 1280 910 1280 1005 1281 911 1281 910 1281 783 1282 1004 1282 910 1282 787 1283 1004 1283 783 1283 1005 1284 844 1284 911 1284 1006 1285 912 1285 884 1285 886 1286 1006 1286 884 1286 1007 1287 883 1287 912 1287 1006 1288 1007 1288 912 1288 1007 349 885 349 883 349 1008 1289 1002 1289 908 1289 913 1290 1008 1290 908 1290 891 1291 1009 1291 914 1291 1010 1292 889 1292 914 1292 1011 1293 1010 1293 914 1293 1009 1294 1011 1294 914 1294 925 1295 1009 1295 891 1295 1012 1296 892 1296 889 1296 1010 1297 1012 1297 889 1297 1012 349 940 349 892 349 917 1298 1008 1298 913 1298 896 1299 1013 1299 915 1299 1013 1300 897 1300 915 1300 897 1301 895 1301 915 1301 442 1302 1014 1302 896 1302 1014 1303 1013 1303 896 1303 443 1304 1015 1304 444 1304 1015 1305 916 1305 444 1305 829 1306 828 1306 916 1306 1015 1307 829 1307 916 1307 1016 1308 1008 1308 917 1308 814 1309 1016 1309 917 1309 818 1310 1016 1310 814 1310 1017 1311 994 1311 995 1311 1018 1312 1017 1312 995 1312 997 1313 1018 1313 995 1313 996 1314 1019 1314 997 1314 1019 1315 1018 1315 997 1315 1020 1316 998 1316 999 1316 1021 1317 1020 1317 999 1317 1001 1318 1021 1318 999 1318 1022 1319 1023 1319 1001 1319 1000 1320 1022 1320 1001 1320 1023 1315 1021 1315 1001 1315 1024 1321 958 1321 950 1321 949 1322 1024 1322 950 1322 953 1323 1025 1323 952 1323 1025 1324 951 1324 952 1324 954 1325 1025 1325 953 1325 1026 1326 956 1326 955 1326 959 1327 1026 1327 955 1327 1027 1328 957 1328 958 1328 1028 1329 1027 1329 958 1329 1024 1330 1028 1330 958 1330 962 1331 1026 1331 959 1331 960 1332 1029 1332 961 1332 1029 1333 962 1333 961 1333 1030 1334 963 1334 957 1334 1027 1335 1030 1335 957 1335 964 1336 1029 1336 960 1336 1031 1337 331 1337 965 1337 968 1338 1031 1338 965 1338 967 1339 1031 1339 968 1339 1030 1340 969 1340 963 1340 1032 1341 1017 1341 1018 1341 1033 1342 1032 1342 1018 1342 1019 1343 1033 1343 1018 1343 996 1344 1034 1344 1019 1344 1034 1345 1035 1345 1019 1345 1035 1346 1033 1346 1019 1346 1036 1347 1020 1347 1021 1347 1037 1348 1036 1348 1021 1348 1023 1349 1037 1349 1021 1349 1022 1350 1038 1350 1023 1350 1038 1351 1037 1351 1023 1351 1039 1352 1032 1352 1033 1352 1040 1353 1039 1353 1033 1353 1035 1354 1040 1354 1033 1354 1034 1355 1041 1355 1035 1355 1041 1356 1042 1356 1035 1356 1042 1357 1040 1357 1035 1357 1043 1358 1036 1358 1037 1358 1044 1359 1043 1359 1037 1359 1038 1360 1044 1360 1037 1360 1022 1361 1045 1361 1038 1361 1045 1362 1046 1362 1038 1362 1046 1363 1044 1363 1038 1363 885 1364 844 1364 1005 1364 885 1365 1006 1365 886 1365 1013 1366 442 1366 897 1366 1047 1367 1015 1367 443 1367 442 1368 1047 1368 443 1368 1048 1369 1049 1369 1003 1369 1002 1370 1048 1370 1003 1370 1049 1371 798 1371 1003 1371 1050 1372 885 1372 1004 1372 787 1373 1050 1373 1004 1373 1051 1374 1007 1374 1006 1374 885 1375 1051 1375 1006 1375 1052 1376 1048 1376 1002 1376 1008 1377 1052 1377 1002 1377 925 1378 1053 1378 1009 1378 1053 1379 1011 1379 1009 1379 1011 1380 1012 1380 1010 1380 1016 1381 1052 1381 1008 1381 1014 1382 1054 1382 1013 1382 1054 1383 442 1383 1013 1383 1047 1384 829 1384 1015 1384 1055 1385 1052 1385 1016 1385 818 1386 1055 1386 1016 1386 587 349 1056 349 949 349 1056 1387 1057 1387 949 1387 1057 1388 1024 1388 949 1388 1057 1389 1028 1389 1024 1389 1058 349 587 349 951 349 1059 1390 1058 1390 951 1390 1025 1391 1059 1391 951 1391 1060 1392 1059 1392 1025 1392 954 1393 1060 1393 1025 1393 325 1394 1061 1394 313 1394 1061 1395 1060 1395 313 1395 1060 1396 954 1396 313 1396 1062 1397 1063 1397 956 1397 1026 1398 1062 1398 956 1398 1064 1399 599 1399 956 1399 1063 299 1064 299 956 299 962 1400 1062 1400 1026 1400 1065 1401 1027 1401 1028 1401 1057 1402 1065 1402 1028 1402 1029 1403 1066 1403 962 1403 1066 1404 1062 1404 962 1404 1067 1405 1068 1405 1029 1405 964 1406 1067 1406 1029 1406 1068 1407 1069 1407 1029 1407 1069 1408 1066 1408 1029 1408 1070 1409 1030 1409 1027 1409 1071 1410 1070 1410 1027 1410 1065 1411 1071 1411 1027 1411 599 1412 1072 1412 329 1412 1072 1413 1067 1413 329 1413 1067 1414 964 1414 329 1414 1073 1415 330 1415 331 1415 1031 1416 1073 1416 331 1416 967 1417 1073 1417 1031 1417 612 1418 1074 1418 966 1418 1074 1419 1075 1419 966 1419 1075 1420 1076 1420 966 1420 1076 1421 967 1421 966 1421 1076 1422 1073 1422 967 1422 1077 349 612 349 969 349 1030 1423 1070 1423 969 1423 1070 1424 1077 1424 969 1424 1078 1425 1032 1425 1039 1425 1079 1426 1078 1426 1039 1426 1080 1427 1079 1427 1039 1427 1040 1428 1080 1428 1039 1428 1042 1429 1081 1429 1040 1429 1081 1430 1080 1430 1040 1430 1082 1431 1036 1431 1043 1431 1083 1426 1082 1426 1043 1426 1044 1432 1084 1432 1043 1432 1084 1433 1083 1433 1043 1433 1046 1429 1085 1429 1044 1429 1085 1434 1084 1434 1044 1434 1007 349 844 349 885 349 1050 1435 1051 1435 885 1435 1086 349 1014 349 442 349 446 349 1086 349 442 349 1054 1436 1047 1436 442 1436 1087 1437 1088 1437 1049 1437 1048 1438 1087 1438 1049 1438 1088 1439 798 1439 1049 1439 1088 1440 794 1440 798 1440 1089 1441 1051 1441 1050 1441 1090 1442 1089 1442 1050 1442 787 1443 1090 1443 1050 1443 786 1444 1090 1444 787 1444 1089 1445 1007 1445 1051 1445 1091 349 844 349 1007 349 1089 1446 1091 1446 1007 1446 1092 1447 1087 1447 1048 1447 1052 1448 1092 1448 1048 1448 925 1449 1093 1449 1053 1449 1093 1450 1094 1450 1053 1450 1094 1451 1095 1451 1053 1451 1095 1452 1011 1452 1053 1452 927 1453 1093 1453 925 1453 1096 1454 1012 1454 1011 1454 1095 1455 1096 1455 1011 1455 1096 349 940 349 1012 349 1055 1456 1092 1456 1052 1456 1014 1457 1086 1457 1054 1457 1086 1458 1097 1458 1054 1458 1098 1459 1047 1459 1054 1459 1097 1460 1098 1460 1054 1460 825 1461 829 1461 1047 1461 1098 1462 825 1462 1047 1462 1099 1463 1092 1463 1055 1463 818 1464 1099 1464 1055 1464 817 1465 1099 1465 818 1465 1100 1466 1078 1466 1079 1466 1101 1467 1100 1467 1079 1467 1102 1468 1101 1468 1079 1468 1080 1469 1102 1469 1079 1469 1081 1470 1103 1470 1080 1470 1103 1471 1102 1471 1080 1471 1104 1472 1082 1472 1083 1472 1105 1473 1104 1473 1083 1473 1084 1474 1106 1474 1083 1474 1106 1475 1105 1475 1083 1475 1085 1476 1107 1476 1084 1476 1107 1477 1106 1477 1084 1477 1108 1478 1065 1478 1057 1478 1056 1479 1108 1479 1057 1479 1060 1480 1109 1480 1059 1480 1109 1481 1058 1481 1059 1481 1061 1482 1109 1482 1060 1482 1110 1483 1063 1483 1062 1483 1066 1484 1110 1484 1062 1484 1111 1485 1071 1485 1065 1485 1108 1486 1111 1486 1065 1486 1069 1487 1110 1487 1066 1487 1067 1488 1112 1488 1068 1488 1112 1489 1069 1489 1068 1489 1113 1490 1070 1490 1071 1490 1114 1491 1113 1491 1071 1491 1111 1492 1114 1492 1071 1492 1072 1493 1112 1493 1067 1493 1115 1494 330 1494 1073 1494 1076 1495 1115 1495 1073 1495 1075 1496 1115 1496 1076 1496 1113 1497 1077 1497 1070 1497 1116 1498 1117 1498 1088 1498 1087 1499 1116 1499 1088 1499 1117 1500 794 1500 1088 1500 1118 1501 1089 1501 1090 1501 786 1502 1118 1502 1090 1502 1119 1503 1116 1503 1087 1503 1092 1504 1119 1504 1087 1504 927 1505 1120 1505 1093 1505 1120 1506 1094 1506 1093 1506 1094 1507 1096 1507 1095 1507 1099 1508 1119 1508 1092 1508 1097 1509 1121 1509 1098 1509 1121 1510 825 1510 1098 1510 1122 1511 1119 1511 1099 1511 817 1512 1122 1512 1099 1512 1123 1513 1100 1513 1101 1513 1124 1514 1123 1514 1101 1514 1125 1515 1124 1515 1101 1515 1102 1516 1125 1516 1101 1516 1103 1517 1126 1517 1102 1517 1126 1518 1125 1518 1102 1518 1127 1513 1104 1513 1105 1513 1128 1519 1127 1519 1105 1519 1106 1520 1129 1520 1105 1520 1129 1521 1128 1521 1105 1521 1107 1522 1130 1522 1106 1522 1130 1523 1129 1523 1106 1523 587 349 1131 349 1056 349 1131 1524 1132 1524 1056 1524 1132 1525 1108 1525 1056 1525 1132 1526 1133 1526 1108 1526 1133 1527 1111 1527 1108 1527 1058 349 1134 349 587 349 1135 1528 1131 1528 587 1528 1136 349 1137 349 587 349 1137 349 1138 349 587 349 1138 349 1135 349 587 349 1139 349 1140 349 587 349 1140 1529 1141 1529 587 1529 1141 349 1136 349 587 349 1142 349 1143 349 587 349 1143 349 1144 349 587 349 1144 349 1139 349 587 349 1145 349 1146 349 587 349 1146 349 1147 349 587 349 1147 349 1142 349 587 349 1134 349 1148 349 587 349 1148 349 1149 349 587 349 1149 349 1145 349 587 349 1109 1530 1134 1530 1058 1530 1061 1531 1150 1531 1109 1531 1150 1532 1134 1532 1109 1532 324 1533 1151 1533 325 1533 1151 1534 1061 1534 325 1534 1151 1535 1150 1535 1061 1535 1110 1536 1152 1536 1063 1536 1153 299 1154 299 1063 299 1155 299 1156 299 1063 299 1157 299 1155 299 1063 299 1154 299 1158 299 1063 299 1158 299 1159 299 1063 299 1159 299 1157 299 1063 299 1160 299 1064 299 1063 299 1156 299 1160 299 1063 299 1152 1537 1153 1537 1063 1537 1161 1538 1152 1538 1110 1538 1069 1539 1161 1539 1110 1539 1133 1540 1162 1540 1111 1540 1162 1541 1114 1541 1111 1541 1112 1542 1163 1542 1069 1542 1163 1543 1161 1543 1069 1543 1072 1544 1164 1544 1112 1544 1164 1545 1165 1545 1112 1545 1165 1546 1163 1546 1112 1546 1162 1547 1113 1547 1114 1547 1064 1548 1166 1548 599 1548 1166 1549 1072 1549 599 1549 1166 1550 1164 1550 1072 1550 1115 1551 1167 1551 330 1551 1167 299 310 299 330 299 1168 1552 1167 1552 1115 1552 1075 1553 1168 1553 1115 1553 612 1554 1169 1554 1074 1554 1169 1555 1170 1555 1074 1555 1170 1556 1075 1556 1074 1556 1170 1557 1168 1557 1075 1557 1171 349 1169 349 612 349 1172 349 1173 349 612 349 1173 349 1174 349 612 349 1174 1558 1171 1558 612 1558 1175 349 1176 349 612 349 1176 349 1177 349 612 349 1177 953 1172 953 612 953 1178 349 1179 349 612 349 1179 349 1180 349 612 349 1180 349 1175 349 612 349 1181 349 1182 349 612 349 1182 1559 1183 1559 612 1559 1183 349 1178 349 612 349 1184 349 1185 349 612 349 1185 953 1186 953 612 953 1186 1086 1181 1086 612 1086 1077 349 1184 349 612 349 1113 1560 1187 1560 1077 1560 1187 1561 1184 1561 1077 1561 1162 1562 1187 1562 1113 1562 1188 1563 1189 1563 1117 1563 1116 1564 1188 1564 1117 1564 1189 1565 794 1565 1117 1565 1189 1566 795 1566 794 1566 1190 1567 1089 1567 1118 1567 785 1568 1190 1568 1118 1568 786 1569 785 1569 1118 1569 1191 1570 1091 1570 1089 1570 1190 1571 1191 1571 1089 1571 1192 349 844 349 1091 349 1191 1572 1192 1572 1091 1572 1193 1573 1188 1573 1116 1573 1119 1574 1193 1574 1116 1574 927 1575 926 1575 1120 1575 926 1576 1194 1576 1120 1576 1194 1577 1094 1577 1120 1577 1195 1578 1096 1578 1094 1578 1194 1579 1195 1579 1094 1579 1196 1580 940 1580 1096 1580 1195 1581 1196 1581 1096 1581 1197 1582 1193 1582 1119 1582 1122 1583 1197 1583 1119 1583 1086 1584 1198 1584 1097 1584 1198 1585 1199 1585 1097 1585 1199 1586 1121 1586 1097 1586 446 1587 1198 1587 1086 1587 1199 1588 1200 1588 1121 1588 1200 1589 825 1589 1121 1589 1200 1590 826 1590 825 1590 817 1591 816 1591 1122 1591 816 1592 1197 1592 1122 1592 1201 1593 1123 1593 1124 1593 1202 1594 1201 1594 1124 1594 1203 1595 1202 1595 1124 1595 1125 1596 1203 1596 1124 1596 1126 1597 1204 1597 1125 1597 1204 1598 1203 1598 1125 1598 1205 1599 1127 1599 1128 1599 1206 1600 1205 1600 1128 1600 1129 1601 1207 1601 1128 1601 1207 1602 1206 1602 1128 1602 1130 1603 1208 1603 1129 1603 1208 1604 1207 1604 1129 1604 1209 1605 1133 1605 1132 1605 1210 1606 1209 1606 1132 1606 1131 1607 1210 1607 1132 1607 1151 1608 1211 1608 1150 1608 1211 1609 1134 1609 1150 1609 324 1610 1212 1610 1151 1610 1212 1611 1211 1611 1151 1611 1213 1612 1152 1612 1161 1612 1163 1613 1165 1613 1161 1613 1165 1614 1213 1614 1161 1614 1214 1615 1162 1615 1133 1615 1209 1616 1214 1616 1133 1616 1166 1617 1215 1617 1164 1617 1215 1618 1165 1618 1164 1618 1214 1619 1187 1619 1162 1619 1064 1620 1216 1620 1166 1620 1216 1621 1215 1621 1166 1621 1217 1622 1167 1622 1168 1622 1170 1623 1218 1623 1168 1623 1218 1624 1217 1624 1168 1624 1169 1625 1218 1625 1170 1625 1219 1626 1184 1626 1187 1626 1214 1627 1219 1627 1187 1627 1220 1628 1221 1628 1189 1628 1188 1629 1220 1629 1189 1629 1221 1630 795 1630 1189 1630 1221 1631 796 1631 795 1631 1222 1632 1191 1632 1190 1632 790 1633 1222 1633 1190 1633 785 1634 790 1634 1190 1634 1223 1635 1192 1635 1191 1635 1222 1636 1223 1636 1191 1636 1224 1637 844 1637 1192 1637 1223 1638 1224 1638 1192 1638 1225 1639 1220 1639 1188 1639 1193 1640 1225 1640 1188 1640 926 1641 1226 1641 1194 1641 1226 1642 1227 1642 1194 1642 1227 1643 1195 1643 1194 1643 919 1644 1226 1644 926 1644 1228 1645 1196 1645 1195 1645 1227 1646 1228 1646 1195 1646 1229 1647 940 1647 1196 1647 1228 1648 1229 1648 1196 1648 1230 1649 1225 1649 1193 1649 1197 1650 1230 1650 1193 1650 1198 1651 1231 1651 1199 1651 1231 1652 1232 1652 1199 1652 1232 1653 1200 1653 1199 1653 446 1654 1231 1654 1198 1654 1232 1655 1233 1655 1200 1655 1233 1656 826 1656 1200 1656 1233 1657 827 1657 826 1657 816 1658 821 1658 1197 1658 821 1659 1230 1659 1197 1659 1203 349 1204 349 1202 349 1204 349 1234 349 1202 349 1234 1660 1201 1660 1202 1660 1207 349 1208 349 1206 349 1208 349 1235 349 1206 349 1235 1660 1205 1660 1206 1660 1236 1661 1210 1661 1131 1661 1135 1662 1236 1662 1131 1662 1237 1663 1209 1663 1210 1663 1236 1664 1237 1664 1210 1664 1211 1665 1148 1665 1134 1665 1212 1666 1238 1666 1211 1666 1238 1667 1148 1667 1211 1667 1239 1668 1240 1668 324 1668 1240 1669 1212 1669 324 1669 306 1670 1239 1670 324 1670 1240 1671 1238 1671 1212 1671 1213 1672 1241 1672 1152 1672 1241 1673 1153 1673 1152 1673 1242 1674 1241 1674 1213 1674 1165 1675 1242 1675 1213 1675 1237 1676 1214 1676 1209 1676 1215 1677 1243 1677 1165 1677 1243 1678 1242 1678 1165 1678 1216 1679 1244 1679 1215 1679 1244 1680 1245 1680 1215 1680 1245 1681 1243 1681 1215 1681 1246 1682 1219 1682 1214 1682 1237 1683 1246 1683 1214 1683 1160 1684 1247 1684 1064 1684 1247 1685 1216 1685 1064 1685 1247 1686 1244 1686 1216 1686 1217 1687 1248 1687 1167 1687 1248 299 310 299 1167 299 1249 1688 1248 1688 1217 1688 1218 1689 1249 1689 1217 1689 1171 1690 1250 1690 1169 1690 1250 1691 1218 1691 1169 1691 1250 1692 1249 1692 1218 1692 1251 1693 1185 1693 1184 1693 1219 1694 1251 1694 1184 1694 1246 1695 1251 1695 1219 1695 1252 1696 1253 1696 1221 1696 1220 1697 1252 1697 1221 1697 1253 1698 796 1698 1221 1698 1253 1699 791 1699 796 1699 1254 1700 1223 1700 1222 1700 789 1701 1254 1701 1222 1701 790 1702 789 1702 1222 1702 1255 1703 1224 1703 1223 1703 1254 1704 1255 1704 1223 1704 1256 349 844 349 1224 349 1255 1705 1256 1705 1224 1705 1257 1706 1252 1706 1220 1706 1225 1707 1257 1707 1220 1707 1226 1708 1258 1708 1227 1708 1258 1709 1259 1709 1227 1709 1259 1710 1228 1710 1227 1710 919 1711 1258 1711 1226 1711 1260 1712 1229 1712 1228 1712 1259 1713 1260 1713 1228 1713 1261 1714 940 1714 1229 1714 1260 1715 1261 1715 1229 1715 1262 1716 1257 1716 1225 1716 1230 1717 1262 1717 1225 1717 1231 1718 1263 1718 1232 1718 1263 1719 1264 1719 1232 1719 1264 1720 1233 1720 1232 1720 446 1721 1263 1721 1231 1721 1264 1722 1265 1722 1233 1722 1265 1723 827 1723 1233 1723 1265 1724 822 1724 827 1724 821 1725 820 1725 1230 1725 820 1726 1262 1726 1230 1726 1266 1727 1237 1727 1236 1727 1267 1728 1266 1728 1236 1728 1135 1729 1267 1729 1236 1729 1240 1730 1268 1730 1238 1730 1268 1731 1148 1731 1238 1731 1239 1732 1269 1732 1240 1732 1269 1733 1268 1733 1240 1733 1270 1734 1241 1734 1242 1734 1243 1735 1245 1735 1242 1735 1245 1736 1270 1736 1242 1736 1266 1737 1246 1737 1237 1737 1247 1738 1271 1738 1244 1738 1271 1739 1245 1739 1244 1739 1272 1740 1251 1740 1246 1740 1266 1741 1272 1741 1246 1741 1160 1742 1273 1742 1247 1742 1273 1743 1271 1743 1247 1743 1274 1744 1248 1744 1249 1744 1250 1745 1275 1745 1249 1745 1275 1746 1274 1746 1249 1746 1171 1747 1275 1747 1250 1747 1276 1748 1185 1748 1251 1748 1272 1749 1276 1749 1251 1749 1277 1750 1278 1750 1253 1750 1252 1751 1277 1751 1253 1751 1278 1752 791 1752 1253 1752 1278 1753 792 1753 791 1753 1279 1754 1255 1754 1254 1754 788 1755 1279 1755 1254 1755 789 1756 788 1756 1254 1756 1280 1757 1256 1757 1255 1757 1279 1758 1280 1758 1255 1758 1281 349 844 349 1256 349 1280 1759 1281 1759 1256 1759 1282 1760 1277 1760 1252 1760 1257 1761 1282 1761 1252 1761 1258 1762 1283 1762 1259 1762 1283 1763 1284 1763 1259 1763 1284 1764 1260 1764 1259 1764 919 1765 1283 1765 1258 1765 1285 1766 1261 1766 1260 1766 1284 1767 1285 1767 1260 1767 1286 349 940 349 1261 349 1285 1768 1286 1768 1261 1768 1287 1769 1282 1769 1257 1769 1262 1770 1287 1770 1257 1770 1263 1771 1288 1771 1264 1771 1288 1772 1289 1772 1264 1772 1289 1773 1265 1773 1264 1773 446 1774 1288 1774 1263 1774 1289 1775 1290 1775 1265 1775 1290 1776 822 1776 1265 1776 1290 1777 823 1777 822 1777 820 1778 819 1778 1262 1778 819 1779 1287 1779 1262 1779 1291 1780 1281 1780 1280 1780 1279 1781 1292 1781 1280 1781 1292 1782 1291 1782 1280 1782 1288 1783 1293 1783 1289 1783 1293 1784 1294 1784 1289 1784 1294 1785 1290 1785 1289 1785 1295 1786 1267 1786 1135 1786 1138 1787 1295 1787 1135 1787 1296 1788 1266 1788 1267 1788 1295 1789 1296 1789 1267 1789 1268 1790 1149 1790 1148 1790 1269 1791 1297 1791 1268 1791 1297 1792 1149 1792 1268 1792 1298 1793 1299 1793 1239 1793 1299 1794 1269 1794 1239 1794 306 1795 1298 1795 1239 1795 1299 1796 1297 1796 1269 1796 1270 1797 1300 1797 1241 1797 310 299 1153 299 1241 299 1300 1798 310 1798 1241 1798 1301 1799 1300 1799 1270 1799 1245 1800 1301 1800 1270 1800 1296 1801 1272 1801 1266 1801 1271 1802 1302 1802 1245 1802 1302 1803 1301 1803 1245 1803 1273 1804 1303 1804 1271 1804 1303 1805 1304 1805 1271 1805 1304 1806 1302 1806 1271 1806 1305 1807 1276 1807 1272 1807 1296 1808 1305 1808 1272 1808 1156 1809 1306 1809 1160 1809 1306 1810 1273 1810 1160 1810 1306 1811 1303 1811 1273 1811 1274 1812 1307 1812 1248 1812 1307 1813 310 1813 1248 1813 1308 1814 1307 1814 1274 1814 1275 1815 1308 1815 1274 1815 1174 1816 1309 1816 1171 1816 1309 1817 1275 1817 1171 1817 1309 1818 1308 1818 1275 1818 1310 1819 1186 1819 1185 1819 1276 1820 1310 1820 1185 1820 1305 1821 1310 1821 1276 1821 1291 1822 1292 1822 1278 1822 1277 1823 1291 1823 1278 1823 1292 1824 792 1824 1278 1824 1292 1825 793 1825 792 1825 793 1826 1292 1826 1279 1826 788 1827 793 1827 1279 1827 1311 1828 844 1828 1281 1828 1291 1829 1311 1829 1281 1829 1294 1830 1291 1830 1277 1830 1282 1831 1294 1831 1277 1831 1283 1832 1311 1832 1284 1832 1311 1833 1291 1833 1284 1833 1291 1834 1285 1834 1284 1834 919 1835 1311 1835 1283 1835 1294 1836 1286 1836 1285 1836 1291 1837 1294 1837 1285 1837 446 349 940 349 1286 349 1293 1838 446 1838 1286 1838 1294 1829 1293 1829 1286 1829 1312 1839 1294 1839 1282 1839 1287 1840 1312 1840 1282 1840 446 1841 1293 1841 1288 1841 1294 1842 1312 1842 1290 1842 1312 1843 823 1843 1290 1843 1312 1825 824 1825 823 1825 819 1844 824 1844 1287 1844 824 1845 1312 1845 1287 1845 919 1846 844 1846 1311 1846 1313 1847 1296 1847 1295 1847 1314 1848 1313 1848 1295 1848 1138 1849 1314 1849 1295 1849 1299 1850 1315 1850 1297 1850 1315 1851 1149 1851 1297 1851 1298 1852 1316 1852 1299 1852 1316 1853 1315 1853 1299 1853 1317 1854 1300 1854 1301 1854 1302 1855 1304 1855 1301 1855 1304 1856 1317 1856 1301 1856 1313 1857 1305 1857 1296 1857 1306 1858 1318 1858 1303 1858 1318 1859 1304 1859 1303 1859 1319 1860 1310 1860 1305 1860 1313 1861 1319 1861 1305 1861 1156 1862 1320 1862 1306 1862 1320 1863 1318 1863 1306 1863 1321 1864 1307 1864 1308 1864 1309 1865 1322 1865 1308 1865 1322 1866 1321 1866 1308 1866 1174 1867 1322 1867 1309 1867 1323 1868 1186 1868 1310 1868 1319 1869 1323 1869 1310 1869 1324 1870 1314 1870 1138 1870 1137 1871 1324 1871 1138 1871 1325 1872 1313 1872 1314 1872 1324 1873 1325 1873 1314 1873 1315 1874 1145 1874 1149 1874 1316 1875 1326 1875 1315 1875 1326 1876 1145 1876 1315 1876 1327 1877 1328 1877 1298 1877 1328 1878 1316 1878 1298 1878 306 1879 1327 1879 1298 1879 1328 1880 1326 1880 1316 1880 1317 1881 1329 1881 1300 1881 1329 299 310 299 1300 299 1330 1882 1329 1882 1317 1882 1304 1883 1330 1883 1317 1883 1331 1884 1319 1884 1313 1884 1325 1885 1331 1885 1313 1885 1318 1886 1332 1886 1304 1886 1332 1887 1330 1887 1304 1887 1320 1888 1333 1888 1318 1888 1333 1889 1334 1889 1318 1889 1334 1890 1332 1890 1318 1890 1331 1891 1323 1891 1319 1891 1155 1892 1335 1892 1156 1892 1335 1893 1320 1893 1156 1893 1335 1894 1333 1894 1320 1894 1321 1895 1336 1895 1307 1895 1336 1896 310 1896 1307 1896 1337 1897 1336 1897 1321 1897 1322 1898 1337 1898 1321 1898 1173 1899 1338 1899 1174 1899 1338 1900 1322 1900 1174 1900 1338 1901 1337 1901 1322 1901 1339 1902 1181 1902 1186 1902 1323 1903 1339 1903 1186 1903 1331 1904 1339 1904 1323 1904 1340 1905 1325 1905 1324 1905 1341 1906 1340 1906 1324 1906 1137 1907 1341 1907 1324 1907 1328 1908 1342 1908 1326 1908 1342 1909 1145 1909 1326 1909 1327 1910 1343 1910 1328 1910 1343 1911 1342 1911 1328 1911 1344 1912 1329 1912 1330 1912 1332 1913 1334 1913 1330 1913 1334 1914 1344 1914 1330 1914 1345 1915 1331 1915 1325 1915 1340 1916 1345 1916 1325 1916 1335 1917 1346 1917 1333 1917 1346 1918 1334 1918 1333 1918 1345 1919 1339 1919 1331 1919 1155 1920 1347 1920 1335 1920 1347 1921 1346 1921 1335 1921 1348 1922 1336 1922 1337 1922 1349 1923 1348 1923 1337 1923 1338 1924 1349 1924 1337 1924 1173 1925 1349 1925 1338 1925 1350 1926 1181 1926 1339 1926 1345 1927 1350 1927 1339 1927 1155 1928 1351 1928 1347 1928 1352 1929 1346 1929 1347 1929 1351 1930 1352 1930 1347 1930 1136 1931 1341 1931 1137 1931 1353 1932 1340 1932 1341 1932 1136 1933 1353 1933 1341 1933 1354 1934 1146 1934 1145 1934 1342 1935 1354 1935 1145 1935 1355 1936 1354 1936 1342 1936 1343 1937 1355 1937 1342 1937 1356 1938 1343 1938 1327 1938 306 1939 1356 1939 1327 1939 1356 1940 1355 1940 1343 1940 1344 1941 1357 1941 1329 1941 1357 1942 1358 1942 1329 1942 1358 299 310 299 1329 299 1334 1943 1357 1943 1344 1943 1359 1944 1345 1944 1340 1944 1353 1945 1359 1945 1340 1945 1352 1946 1360 1946 1334 1946 1346 1947 1352 1947 1334 1947 1360 1948 1357 1948 1334 1948 1361 1949 1350 1949 1345 1949 1359 1950 1361 1950 1345 1950 1157 1951 1351 1951 1155 1951 1348 1952 1362 1952 1336 1952 1362 1953 1363 1953 1336 1953 1363 299 310 299 1336 299 1364 1954 1362 1954 1348 1954 1349 1955 1364 1955 1348 1955 1172 1956 1349 1956 1173 1956 1172 1957 1364 1957 1349 1957 1365 1958 1182 1958 1181 1958 1350 1959 1365 1959 1181 1959 1361 1960 1365 1960 1350 1960 1366 1961 1358 1961 1357 1961 1367 299 1366 299 1357 299 1360 1962 1367 1962 1357 1962 1157 1963 1368 1963 1351 1963 1368 299 1369 299 1351 299 1369 1964 1352 1964 1351 1964 1370 1965 1366 1965 1367 1965 1371 299 1372 299 1367 299 1372 1966 1373 1966 1367 1966 1373 299 1370 299 1367 299 1374 1967 1371 1967 1367 1967 1360 1968 1374 1968 1367 1968 1141 1969 1353 1969 1136 1969 1375 1970 1359 1970 1353 1970 1141 1971 1375 1971 1353 1971 1376 1972 1147 1972 1146 1972 1354 1973 1376 1973 1146 1973 1377 1974 1376 1974 1354 1974 1355 1975 1377 1975 1354 1975 1378 1976 1355 1976 1356 1976 306 299 1378 299 1356 299 1378 1977 1377 1977 1355 1977 1366 1978 1370 1978 1358 1978 1370 1979 1379 1979 1358 1979 1379 1980 310 1980 1358 1980 1380 1981 1361 1981 1359 1981 1375 1982 1380 1982 1359 1982 1352 1983 1381 1983 1360 1983 1381 1984 1374 1984 1360 1984 1369 1985 1382 1985 1352 1985 1382 1986 1381 1986 1352 1986 1383 1987 1365 1987 1361 1987 1380 1988 1383 1988 1361 1988 1159 1989 1368 1989 1157 1989 1159 1990 1384 1990 1368 1990 1384 299 1369 299 1368 299 1384 299 1385 299 1369 299 1385 299 1382 299 1369 299 1362 1991 1386 1991 1363 1991 1386 1992 1387 1992 1363 1992 1387 299 310 299 1363 299 1388 1993 1386 1993 1362 1993 1364 1994 1388 1994 1362 1994 1177 1995 1364 1995 1172 1995 1177 1996 1388 1996 1364 1996 1365 1997 1389 1997 1182 1997 1389 1998 1183 1998 1182 1998 1383 1999 1389 1999 1365 1999 1390 299 1391 299 1382 299 1391 299 1392 299 1382 299 1392 2000 1393 2000 1382 2000 1385 299 1394 299 1382 299 1394 2001 1390 2001 1382 2001 1393 2002 1395 2002 1382 2002 1395 2003 1381 2003 1382 2003 1140 2004 1375 2004 1141 2004 1396 2005 1380 2005 1375 2005 1140 2006 1396 2006 1375 2006 1397 2007 1142 2007 1147 2007 1376 2008 1397 2008 1147 2008 1377 2009 1397 2009 1376 2009 1398 2010 1377 2010 1378 2010 306 299 1398 299 1378 299 1399 2011 1400 2011 1377 2011 1398 2012 1399 2012 1377 2012 1400 2013 1397 2013 1377 2013 1400 2014 1399 2014 1371 2014 1399 2015 1401 2015 1371 2015 1401 299 1402 299 1371 299 1402 2016 1372 2016 1371 2016 1374 2017 1400 2017 1371 2017 1370 2018 1373 2018 1379 2018 1373 2019 1403 2019 1379 2019 306 299 310 299 1379 299 1403 299 306 299 1379 299 1404 2020 1383 2020 1380 2020 1396 2021 1404 2021 1380 2021 1381 2022 1395 2022 1374 2022 1395 2023 1405 2023 1374 2023 1405 2024 1400 2024 1374 2024 1406 2025 1389 2025 1383 2025 1404 2026 1406 2026 1383 2026 1158 2027 1384 2027 1159 2027 1158 2012 1385 2012 1384 2012 1386 2028 1392 2028 1387 2028 1392 2029 1407 2029 1387 2029 1407 2030 310 2030 1387 2030 1393 2031 1392 2031 1386 2031 1388 2032 1393 2032 1386 2032 1176 2033 1388 2033 1177 2033 1176 2034 1408 2034 1388 2034 1408 2035 1393 2035 1388 2035 1389 2036 1409 2036 1183 2036 1409 2037 1178 2037 1183 2037 1406 2038 1409 2038 1389 2038 1405 2039 1397 2039 1400 2039 1408 2040 1395 2040 1393 2040 1139 2041 1396 2041 1140 2041 1410 2042 1404 2042 1396 2042 1139 2043 1410 2043 1396 2043 1411 2044 1143 2044 1142 2044 1397 2045 1411 2045 1142 2045 1412 2046 1411 2046 1397 2046 1405 2047 1412 2047 1397 2047 1413 2048 1399 2048 1398 2048 306 299 1413 299 1398 299 1413 2049 1401 2049 1399 2049 1373 2050 1372 2050 1403 2050 1372 2051 1414 2051 1403 2051 1414 299 306 299 1403 299 1415 2052 1406 2052 1404 2052 1410 2053 1415 2053 1404 2053 1395 2054 1416 2054 1405 2054 1416 2055 1412 2055 1405 2055 1417 2056 1416 2056 1395 2056 1408 2057 1417 2057 1395 2057 1418 2058 1409 2058 1406 2058 1415 2059 1418 2059 1406 2059 1154 2049 1385 2049 1158 2049 1154 2049 1394 2049 1385 2049 1392 2060 1391 2060 1407 2060 1391 2060 1419 2060 1407 2060 1419 299 310 299 1407 299 1175 2061 1408 2061 1176 2061 1175 2062 1417 2062 1408 2062 1409 2063 1420 2063 1178 2063 1420 2064 1179 2064 1178 2064 1418 2065 1420 2065 1409 2065 1144 2066 1410 2066 1139 2066 1421 2067 1415 2067 1410 2067 1144 2068 1421 2068 1410 2068 1421 2069 1144 2069 1143 2069 1411 2070 1421 2070 1143 2070 1422 2071 1421 2071 1411 2071 1412 2072 1422 2072 1411 2072 1423 2073 1401 2073 1413 2073 306 2074 1423 2074 1413 2074 1423 2075 1402 2075 1401 2075 1372 2076 1402 2076 1414 2076 1402 2077 1423 2077 1414 2077 1423 299 306 299 1414 299 1422 2078 1418 2078 1415 2078 1421 2079 1422 2079 1415 2079 1416 2080 1424 2080 1412 2080 1424 2081 1422 2081 1412 2081 1425 2082 1424 2082 1416 2082 1417 2083 1425 2083 1416 2083 1424 2084 1420 2084 1418 2084 1422 2085 1424 2085 1418 2085 1153 2073 1394 2073 1154 2073 1153 2075 1390 2075 1394 2075 1391 2076 1390 2076 1419 2076 1390 2077 1153 2077 1419 2077 1153 299 310 299 1419 299 1180 2086 1417 2086 1175 2086 1180 2087 1425 2087 1417 2087 1420 2088 1425 2088 1179 2088 1425 2089 1180 2089 1179 2089 1424 2090 1425 2090 1420 2090 1126 2091 1201 2091 1234 2091 1204 2092 1126 2092 1234 2092 1130 2093 1205 2093 1235 2093 1208 2094 1130 2094 1235 2094 1103 2095 1123 2095 1201 2095 1126 2096 1103 2096 1201 2096 1107 2097 1127 2097 1205 2097 1130 2098 1107 2098 1205 2098 1081 2099 1100 2099 1123 2099 1103 2100 1081 2100 1123 2100 1085 2101 1104 2101 1127 2101 1107 2102 1085 2102 1127 2102 1042 2103 1078 2103 1100 2103 1081 2104 1042 2104 1100 2104 1046 2105 1082 2105 1104 2105 1085 2106 1046 2106 1104 2106 1042 219 1041 219 1078 219 1041 2107 1032 2107 1078 2107 1046 2108 1045 2108 1082 2108 1045 2109 1036 2109 1082 2109 1041 2110 1017 2110 1032 2110 1034 2111 1017 2111 1041 2111 1045 2112 1020 2112 1036 2112 1022 2113 1020 2113 1045 2113 1034 2114 994 2114 1017 2114 996 2115 994 2115 1034 2115 1022 2116 998 2116 1020 2116 1000 2117 998 2117 1022 2117 996 2118 985 2118 994 2118 988 2119 985 2119 996 2119 1000 2120 990 2120 998 2120 992 2121 990 2121 1000 2121 988 2122 977 2122 985 2122 987 2123 977 2123 988 2123 992 2124 981 2124 990 2124 983 2125 981 2125 992 2125 987 2126 970 2126 977 2126 979 2127 970 2127 987 2127 983 2128 973 2128 981 2128 975 2129 973 2129 983 2129 979 2130 941 2130 970 2130 944 2131 941 2131 979 2131 975 2132 945 2132 973 2132 947 2131 945 2131 975 2131 944 2133 922 2133 941 2133 929 2134 922 2134 944 2134 947 2135 935 2135 945 2135 938 2136 935 2136 947 2136 929 2137 918 2137 922 2137 928 2138 918 2138 929 2138 938 2139 931 2139 935 2139 937 2138 931 2138 938 2138 928 358 930 358 918 358 930 358 919 358 918 358 930 349 844 349 919 349 932 349 446 349 930 349 446 2140 844 2140 930 2140 937 358 940 358 931 358 940 358 932 358 931 358 940 349 446 349 932 349 446 2141 445 2141 844 2141 445 2142 437 2142 844 2142 1426 299 1427 299 1428 299 1429 299 1426 299 1428 299 1430 5 1429 5 1428 5 1427 358 1430 358 1428 358 1431 5 1429 5 1430 5 1432 349 1431 349 1430 349 1427 358 1432 358 1430 358 1433 2143 1434 2143 1435 2143 1434 2144 1436 2144 1435 2144 1436 2145 1437 2145 1435 2145 1438 358 1433 358 1435 358 1437 358 1438 358 1435 358 1436 2146 1439 2146 1437 2146 1439 2147 1440 2147 1437 2147 1440 358 1438 358 1437 358 1441 2148 1442 2148 1433 2148 1442 2148 1434 2148 1433 2148 1438 358 1441 358 1433 358 1439 2147 1443 2147 1440 2147 1443 2149 1444 2149 1440 2149 1444 358 1438 358 1440 358 1445 2150 1446 2150 1441 2150 1446 2151 1442 2151 1441 2151 1438 358 1445 358 1441 358 1443 2152 1447 2152 1444 2152 1447 2153 1448 2153 1444 2153 1448 2154 1438 2154 1444 2154 1449 2155 1450 2155 1445 2155 1450 2156 1446 2156 1445 2156 1438 2157 1449 2157 1445 2157 1447 2158 1451 2158 1448 2158 1451 2159 1452 2159 1448 2159 1452 2160 1438 2160 1448 2160 1453 2161 1454 2161 1449 2161 1454 2161 1450 2161 1449 2161 1438 2162 1453 2162 1449 2162 1451 2159 1455 2159 1452 2159 1455 2163 1456 2163 1452 2163 1456 358 1438 358 1452 358 1457 2164 1458 2164 1453 2164 1458 2165 1454 2165 1453 2165 1438 2166 1457 2166 1453 2166 1455 2167 1459 2167 1456 2167 1459 2168 1460 2168 1456 2168 1460 2169 1438 2169 1456 2169 1461 2170 1462 2170 1457 2170 1462 2171 1458 2171 1457 2171 1438 2172 1461 2172 1457 2172 1459 2173 1463 2173 1460 2173 1463 2174 1464 2174 1460 2174 1464 358 1438 358 1460 358 1465 2175 1466 2175 1461 2175 1466 2176 1462 2176 1461 2176 1438 2177 1465 2177 1461 2177 1463 2178 1467 2178 1464 2178 1467 2179 1468 2179 1464 2179 1468 358 1438 358 1464 358 1469 2180 1470 2180 1465 2180 1470 2181 1466 2181 1465 2181 1438 2182 1469 2182 1465 2182 1471 2183 1472 2183 1468 2183 1467 2184 1471 2184 1468 2184 1472 358 1438 358 1468 358 1473 358 1474 358 1438 358 1474 358 1469 358 1438 358 1475 2169 1476 2169 1438 2169 1476 358 1477 358 1438 358 1477 358 1473 358 1438 358 1478 358 1479 358 1438 358 1479 358 1480 358 1438 358 1480 358 1475 358 1438 358 1481 358 1482 358 1438 358 1482 358 1483 358 1438 358 1483 358 1478 358 1438 358 1484 2169 1485 2169 1438 2169 1485 2185 1486 2185 1438 2185 1486 358 1481 358 1438 358 1472 358 1487 358 1438 358 1487 2186 1488 2186 1438 2186 1488 358 1484 358 1438 358 1474 2187 1489 2187 1469 2187 1489 2188 1470 2188 1469 2188 1471 2183 1490 2183 1472 2183 1490 2189 1487 2189 1472 2189 1473 2190 1491 2190 1474 2190 1491 2191 1489 2191 1474 2191 1490 2192 1492 2192 1487 2192 1492 2193 1488 2193 1487 2193 1477 2194 1493 2194 1473 2194 1493 2195 1491 2195 1473 2195 1492 2196 1494 2196 1488 2196 1494 2197 1484 2197 1488 2197 1476 2198 1495 2198 1477 2198 1495 2199 1493 2199 1477 2199 1494 2200 1496 2200 1484 2200 1496 2201 1485 2201 1484 2201 1475 2202 1497 2202 1476 2202 1497 2202 1495 2202 1476 2202 1496 2201 1498 2201 1485 2201 1498 2203 1486 2203 1485 2203 1480 2204 1499 2204 1475 2204 1499 2205 1497 2205 1475 2205 1498 2206 1500 2206 1486 2206 1500 2207 1481 2207 1486 2207 1479 2208 1501 2208 1480 2208 1501 2208 1499 2208 1480 2208 1500 2207 1502 2207 1481 2207 1502 2209 1482 2209 1481 2209 1478 2210 1503 2210 1479 2210 1503 2211 1501 2211 1479 2211 1502 2212 1504 2212 1482 2212 1504 2213 1483 2213 1482 2213 1483 2214 1505 2214 1478 2214 1505 2215 1503 2215 1478 2215 1504 2216 1505 2216 1483 2216 1506 0 1432 0 1427 0 1426 0 1506 0 1427 0 1506 349 1431 349 1432 349 1429 358 306 358 437 358 1463 358 1459 358 437 358 1467 2217 1463 2217 437 2217 1459 358 1455 358 437 358 1455 358 1451 358 437 358 1451 358 1447 358 437 358 1447 358 1443 358 437 358 1443 358 1439 358 437 358 1439 2218 1429 2218 437 2218 1471 358 1467 358 437 358 445 358 1471 358 437 358 1429 358 1431 358 306 358 1431 358 310 358 306 358 1462 358 1426 358 1429 358 1434 358 1442 358 1429 358 1442 358 1446 358 1429 358 1446 358 1450 358 1429 358 1450 358 1454 358 1429 358 1454 358 1458 358 1429 358 1458 2219 1462 2219 1429 2219 1439 358 1436 358 1429 358 1436 2220 1434 2220 1429 2220 1506 358 310 358 1431 358 1466 358 1426 358 1462 358 1470 2221 1426 2221 1466 2221 445 2222 1490 2222 1471 2222 1489 2223 1426 2223 1470 2223 445 2224 1492 2224 1490 2224 1491 358 1426 358 1489 358 445 2225 1494 2225 1492 2225 1493 2226 1426 2226 1491 2226 445 2227 1496 2227 1494 2227 1495 358 1426 358 1493 358 445 2228 1498 2228 1496 2228 1497 358 1426 358 1495 358 445 2229 1500 2229 1498 2229 1499 358 1426 358 1497 358 1426 2230 1502 2230 1500 2230 445 2231 1426 2231 1500 2231 1501 358 1426 358 1499 358 1426 2232 1504 2232 1502 2232 1503 358 1426 358 1501 358 1426 2233 1505 2233 1504 2233 1505 2234 1426 2234 1503 2234 310 358 1506 358 1426 358 445 358 310 358 1426 358</p>
        </triangles>
      </mesh>
    </geometry>
  </library_geometries>
  <library_materials>
    <material id="m_grey50" name="grey50">
      <instance_effect url="#m_grey50-fx"/>
    </material>
  </library_materials>
  <library_effects>
    <effect id="m_grey50-fx" name="grey50">
      <profile_COMMON>
        <technique sid="standard">
          <phong>
            <ambient>
              <color sid="ambient">0.5 0.5 0.5 1</color>
            </ambient>
            <diffuse>
              <color sid="diffuse">0.5 0.5 0.5 1</color>
            </diffuse>
            <specular>
              <color sid="specular">0.5 0.5 0.5 1</color>
            </specular>
          </phong>
        </technique>
      </profile_COMMON>
    </effect>
  </library_effects>

  <library_visual_scenes>
    <visual_scene id="Scene" name="Scene">
      <node id="M-CAISSE" name="M-CAISSE" type="NODE">
        <matrix sid="transform">-0.001 0 -8.74228e-11 0.84 -8.74228e-11 4.37114e-11 0.001 -0.5375 0 0.001 -4.37114e-11 -0.071 0 0 0 1</matrix>
        <instance_geometry url="#M-CAISSE-mesh" name="M-CAISSE">
        <bind_material>
          <technique_common>
            <instance_material symbol="grey50" target="#m_grey50"/>
          </technique_common>
        </bind_material>
      </instance_geometry>
      </node>
      <node id="Camera" name="Camera" type="NODE">
        <matrix sid="transform">0.6859207 -0.3240135 0.6515582 7.358891 0.7276763 0.3054208 -0.6141704 -6.925791 0 0.8953956 0.4452714 4.958309 0 0 0 1</matrix>
        <instance_camera url="#Camera-camera"/>
      </node>
      <node id="Light" name="Light" type="NODE">
        <matrix sid="transform">-0.2908646 -0.7711008 0.5663932 4.076245 0.9551712 -0.1998834 0.2183912 1.005454 -0.05518906 0.6045247 0.7946723 5.903862 0 0 0 1</matrix>
        <instance_light url="#Light-light"/>
      </node>
    </visual_scene>
  </library_visual_scenes>
  <scene>
    <instance_visual_scene url="#Scene"/>
  </scene>
</COLLADA>