<?xml version="1.0" encoding="utf-8"?>
<COLLADA xmlns="http://www.collada.org/2005/11/COLLADASchema" version="1.4.1" xmlns:xsi="http://www.w3.org/2001/XMLSchema-instance">
  <asset>
    <contributor>
      <author>Blender User</author>
      <authoring_tool>Blender 2.80.75 commit date:2019-07-29, commit time:14:47, hash:f6cb5f54494e</authoring_tool>
    </contributor>
    <created>2019-08-19T15:43:51</created>
    <modified>2019-08-19T15:43:51</modified>
    <unit name="meter" meter="1"/>
    <up_axis>Z_UP</up_axis>
  </asset>
  <library_cameras>
    <camera id="Camera-camera" name="Camera">
      <optics>
        <technique_common>
          <perspective>
            <xfov sid="xfov">39.59775</xfov>
            <aspect_ratio>1.777778</aspect_ratio>
            <znear sid="znear">0.1</znear>
            <zfar sid="zfar">100</zfar>
          </perspective>
        </technique_common>
      </optics>
      <extra>
        <technique profile="blender">
          <shiftx sid="shiftx" type="float">0</shiftx>
          <shifty sid="shifty" type="float">0</shifty>
          <dof_distance sid="dof_distance" type="float">10</dof_distance>
        </technique>
      </extra>
    </camera>
  </library_cameras>
  <library_lights>
    <light id="Light-light" name="Light">
      <technique_common>
        <point>
          <color sid="color">1000 1000 1000</color>
          <constant_attenuation>1</constant_attenuation>
          <linear_attenuation>0</linear_attenuation>
          <quadratic_attenuation>0.00111109</quadratic_attenuation>
        </point>
      </technique_common>
      <extra>
        <technique profile="blender">
          <type sid="type" type="int">0</type>
          <flag sid="flag" type="int">0</flag>
          <mode sid="mode" type="int">1</mode>
          <gamma sid="blender_gamma" type="float">1</gamma>
          <red sid="red" type="float">1</red>
          <green sid="green" type="float">1</green>
          <blue sid="blue" type="float">1</blue>
          <shadow_r sid="blender_shadow_r" type="float">0</shadow_r>
          <shadow_g sid="blender_shadow_g" type="float">0</shadow_g>
          <shadow_b sid="blender_shadow_b" type="float">0</shadow_b>
          <energy sid="blender_energy" type="float">1000</energy>
          <dist sid="blender_dist" type="float">29.99998</dist>
          <spotsize sid="spotsize" type="float">75</spotsize>
          <spotblend sid="spotblend" type="float">0.15</spotblend>
          <att1 sid="att1" type="float">0</att1>
          <att2 sid="att2" type="float">1</att2>
          <falloff_type sid="falloff_type" type="int">2</falloff_type>
          <clipsta sid="clipsta" type="float">0.04999995</clipsta>
          <clipend sid="clipend" type="float">30.002</clipend>
          <bias sid="bias" type="float">1</bias>
          <soft sid="soft" type="float">3</soft>
          <bufsize sid="bufsize" type="int">2880</bufsize>
          <samp sid="samp" type="int">3</samp>
          <buffers sid="buffers" type="int">1</buffers>
          <area_shape sid="area_shape" type="int">1</area_shape>
          <area_size sid="area_size" type="float">0.1</area_size>
          <area_sizey sid="area_sizey" type="float">0.1</area_sizey>
          <area_sizez sid="area_sizez" type="float">1</area_sizez>
        </technique>
      </extra>
    </light>
  </library_lights>
  <library_images/>
  <library_geometries>
    <geometry id="M-MAT-mesh" name="M-MAT">
      <mesh>
        <source id="M-MAT-mesh-positions">
          <float_array id="M-MAT-mesh-positions-array" count="7629">760 0 63.78 760 0 289.78 0 0 63.78 0 0 289.78 0 90 63.78 760 90 63.78 760 90 289.78 0 90 289.78 54.1 90 176.78 54.46249 90 172.6367 55.53892 90 168.6194 57.29663 90 164.85 59.68216 90 161.4431 62.62308 90 158.5022 66.03 90 156.1166 69.7994 90 154.3589 73.81675 90 153.2825 77.95999 90 152.92 82.10326 90 153.2825 86.12061 90 154.3589 350 90 86.78 270 90 136.78 410 90 86.78 490 90 136.78 688.031 90 166.5757 689.6182 90 168.8425 678.6267 90 161.1462 681.2996 90 161.8624 690.7876 90 171.3504 691.5039 90 174.0233 675.87 90 160.905 683.8075 90 163.0318 686.0743 90 164.619 670.4404 90 161.8624 673.1134 90 161.1462 350 96 86.78 410 96 86.78 490 96 136.78 270 90 216.78 270 96 136.78 490 90 216.78 659.995 90 176.78 660.2362 90 174.0233 660.9524 90 171.3504 662.1218 90 168.8425 663.7091 90 166.5757 665.6658 90 164.619 667.9325 90 163.0318 490 96 216.78 82.10326 159.4 153.2825 77.95999 159.4 152.92 73.81675 159.4 153.2825 86.12061 159.4 154.3589 69.7994 159.4 154.3589 89.89 90 156.1166 89.89 159.4 156.1166 66.03 159.4 156.1166 93.29692 90 158.5022 93.29692 159.4 158.5022 62.62308 159.4 158.5022 96.23781 90 161.4431 96.23781 159.4 161.4431 678.6267 140.85 161.1462 675.87 140.85 160.905 673.1134 140.85 161.1462 681.2996 140.85 161.8624 59.68216 159.4 161.4431 98.62337 90 164.85 98.62337 159.4 164.85 670.4404 140.85 161.8624 683.8075 140.85 163.0318 667.9325 140.85 163.0318 686.0743 140.85 164.619 665.6658 140.85 164.619 688.031 140.85 166.5757 57.29663 159.4 164.85 100.3811 90 168.6194 100.3811 159.4 168.6194 663.7091 140.85 166.5757 689.6182 140.85 168.8425 55.53892 159.4 168.6194 101.4575 90 172.6367 101.4575 159.4 172.6367 662.1218 140.85 168.8425 690.7876 140.85 171.3504 660.9524 140.85 171.3504 691.5039 140.85 174.0233 54.46249 159.4 172.6367 101.82 90 176.78 101.82 159.4 176.78 660.2362 140.85 174.0233 691.745 90 176.78 691.745 140.85 176.78 101.4575 90 180.9232 101.4575 159.4 180.9232 691.5039 90 179.5367 691.5039 140.85 179.5367 660.2362 90 179.5367 659.995 140.85 176.78 54.46249 90 180.9232 54.1 159.4 176.78 660.9524 90 182.2096 660.2362 140.85 179.5367 690.7876 90 182.2096 690.7876 140.85 182.2096 55.53892 90 184.9406 54.46249 159.4 180.9232 350 90 266.78 100.3811 90 184.9406 100.3811 159.4 184.9406 662.1218 90 184.7175 660.9524 140.85 182.2096 689.6182 90 184.7175 689.6182 140.85 184.7175 663.7091 90 186.9842 662.1218 140.85 184.7175 688.031 90 186.9842 688.031 140.85 186.9842 57.29663 90 188.71 55.53892 159.4 184.9406 98.62337 90 188.71 98.62337 159.4 188.71 665.6658 90 188.941 663.7091 140.85 186.9842 686.0743 90 188.941 686.0743 140.85 188.941 59.68216 90 192.1169 57.29663 159.4 188.71 96.23781 90 192.1169 96.23781 159.4 192.1169 667.9325 90 190.5281 665.6658 140.85 188.941 683.8075 90 190.5281 683.8075 140.85 190.5281 670.4404 90 191.6976 667.9325 140.85 190.5281 681.2996 90 191.6976 681.2996 140.85 191.6976 673.1134 90 192.4138 670.4404 140.85 191.6976 678.6267 90 192.4138 678.6267 140.85 192.4138 62.62308 90 195.0578 59.68216 159.4 192.1169 93.29692 90 195.0578 93.29692 159.4 195.0578 675.87 90 192.655 673.1134 140.85 192.4138 675.87 140.85 192.655 410 90 266.78 66.03 90 197.4434 62.62308 159.4 195.0578 89.89 90 197.4434 89.89 159.4 197.4434 69.7994 90 199.2011 66.03 159.4 197.4434 86.12061 90 199.2011 86.12061 159.4 199.2011 73.81675 90 200.2775 69.7994 159.4 199.2011 82.10326 90 200.2775 82.10326 159.4 200.2775 77.95999 90 200.64 73.81675 159.4 200.2775 77.95999 159.4 200.64 270 96 216.78 410 96 266.78 350 96 266.78 365 96 150.7992 369.7394 96 148.5892 357.0187 96 157.4964 360.7164 96 153.7987 374.7906 96 147.2358 380 96 146.78 385.2095 96 147.2358 390.2606 96 148.5892 395 96 150.7992 399.2836 96 153.7987 350 96 176.78 350.4558 96 171.5706 351.8092 96 166.5194 354.0192 96 161.78 402.9813 96 157.4964 405.9808 96 161.78 408.1908 96 166.5194 409.5442 96 171.5706 385.2095 702 147.2358 380 702 146.78 374.7906 702 147.2358 390.2606 702 148.5892 369.7394 702 148.5892 395 702 150.7992 365 702 150.7992 399.2836 702 153.7987 360.7164 702 153.7987 402.9813 702 157.4964 357.0187 702 157.4964 405.9808 702 161.78 354.0192 702 161.78 408.1908 702 166.5194 351.8092 702 166.5194 409.5442 702 171.5706 350.4558 702 171.5706 410 96 176.78 410 702 176.78 409.5442 96 181.9894 409.5442 702 181.9894 350.4558 96 181.9894 350 702 176.78 351.8092 96 187.0406 350.4558 702 181.9894 408.1908 96 187.0406 408.1908 702 187.0406 354.0192 96 191.78 351.8092 702 187.0406 405.9808 96 191.78 405.9808 702 191.78 357.0187 96 196.0636 354.0192 702 191.78 402.9813 96 196.0636 402.9813 702 196.0636 360.7164 96 199.7613 357.0187 702 196.0636 399.2836 96 199.7613 399.2836 702 199.7613 365 96 202.7608 360.7164 702 199.7613 395 96 202.7608 395 702 202.7608 369.7394 96 204.9708 365 702 202.7608 390.2606 96 204.9708 390.2606 702 204.9708 374.7906 96 206.3242 369.7394 702 204.9708 385.2095 96 206.3242 385.2095 702 206.3242 380 96 206.78 374.7906 702 206.3242 380 702 206.78 678.614 141.701 161.218 675.87 141.701 160.978 673.126 141.701 161.218 681.2746 141.701 161.9309 670.4654 141.701 161.9309 683.771 141.701 163.095 667.969 141.701 163.095 686.0274 141.701 164.6749 665.7127 141.701 164.6749 687.975 141.701 166.6226 663.765 141.701 166.6226 689.5549 141.701 168.879 662.185 141.701 168.879 690.7191 141.701 171.3754 661.0209 141.701 171.3754 691.432 141.701 174.036 660.3081 141.701 174.036 691.672 141.701 176.78 660.0679 141.701 176.78 691.432 141.701 179.524 660.3081 141.701 179.524 690.7191 141.701 182.1846 661.0209 141.701 182.1846 689.5549 141.701 184.681 662.185 141.701 184.681 687.975 141.701 186.9374 663.765 141.701 186.9374 686.0274 141.701 188.8851 665.7127 141.701 188.8851 683.771 141.701 190.465 667.969 141.701 190.465 681.2746 141.701 191.6291 670.4654 141.701 191.6291 678.614 141.701 192.342 673.126 141.701 192.342 675.87 141.701 192.582 678.5764 142.5272 161.4315 675.87 142.5272 161.1947 673.1636 142.5272 161.4315 681.2005 142.5272 162.1346 670.5395 142.5272 162.1346 683.6627 142.5272 163.2827 668.0773 142.5272 163.2827 685.888 142.5272 164.841 665.8519 142.5272 164.841 687.809 142.5272 166.762 663.931 142.5272 166.762 689.3673 142.5272 168.9873 662.3728 142.5272 168.9873 690.5154 142.5272 171.4495 661.2246 142.5272 171.4495 691.2185 142.5272 174.0736 660.5215 142.5272 174.0736 691.4553 142.5272 176.78 660.2847 142.5272 176.78 691.2185 142.5272 179.4864 660.5215 142.5272 179.4864 690.5154 142.5272 182.1105 661.2246 142.5272 182.1105 689.3673 142.5272 184.5726 662.3728 142.5272 184.5726 687.809 142.5272 186.798 663.931 142.5272 186.798 685.888 142.5272 188.719 665.8519 142.5272 188.719 683.6627 142.5272 190.2773 668.0773 142.5272 190.2773 681.2005 142.5272 191.4254 670.5395 142.5272 191.4254 678.5764 142.5272 192.1285 673.1636 142.5272 192.1285 675.87 142.5272 192.3653 678.5148 143.3045 161.7803 675.87 143.3045 161.5489 673.2252 143.3045 161.7803 681.0794 143.3045 162.4675 670.6607 143.3045 162.4675 683.4855 143.3045 163.5895 668.2545 143.3045 163.5895 685.6604 143.3045 165.1123 666.0797 143.3045 165.1123 687.5377 143.3045 166.9897 664.2023 143.3045 166.9897 689.0605 143.3045 169.1645 662.6795 143.3045 169.1645 690.1826 143.3045 171.5707 661.5575 143.3045 171.5707 690.8697 143.3045 174.1351 660.8703 143.3045 174.1351 691.1011 143.3045 176.78 660.6389 143.3045 176.78 690.8697 143.3045 179.4248 660.8703 143.3045 179.4248 690.1826 143.3045 181.9893 661.5575 143.3045 181.9893 689.0605 143.3045 184.3955 662.6795 143.3045 184.3955 687.5377 143.3045 186.5704 664.2023 143.3045 186.5704 685.6604 143.3045 188.4477 666.0797 143.3045 188.4477 683.4855 143.3045 189.9705 668.2545 143.3045 189.9705 681.0794 143.3045 191.0925 670.6607 143.3045 191.0925 678.5148 143.3045 191.7797 673.2252 143.3045 191.7797 675.87 143.3045 192.0111 678.4313 144.0101 162.2543 675.87 144.0101 162.0303 673.3087 144.0101 162.2543 680.9147 144.0101 162.9198 670.8253 144.0101 162.9198 683.2449 144.0101 164.0063 668.4951 144.0101 164.0063 685.351 144.0101 165.481 666.389 144.0101 165.481 687.169 144.0101 167.299 664.5711 144.0101 167.299 688.6437 144.0101 169.4051 663.0963 144.0101 169.4051 689.7302 144.0101 171.7353 662.0098 144.0101 171.7353 690.3956 144.0101 174.2187 661.3443 144.0101 174.2187 690.6198 144.0101 176.78 661.1203 144.0101 176.78 690.3956 144.0101 179.3413 661.3443 144.0101 179.3413 689.7302 144.0101 181.8247 662.0098 144.0101 181.8247 688.6437 144.0101 184.1549 663.0963 144.0101 184.1549 687.169 144.0101 186.261 664.5711 144.0101 186.261 685.351 144.0101 188.079 666.389 144.0101 188.079 683.2449 144.0101 189.5536 668.4951 144.0101 189.5536 680.9147 144.0101 190.6402 670.8253 144.0101 190.6402 678.4313 144.0101 191.3057 673.3087 144.0101 191.3057 675.87 144.0101 191.5298 678.3281 144.6235 162.8397 675.87 144.6235 162.6247 673.4119 144.6235 162.8397 680.7114 144.6235 163.4783 671.0286 144.6235 163.4783 682.9477 144.6235 164.5211 668.7924 144.6235 164.5211 684.9689 144.6235 165.9364 666.7711 144.6235 165.9364 686.7136 144.6235 167.6811 665.0264 144.6235 167.6811 688.1289 144.6235 169.7023 663.6111 144.6235 169.7023 689.1716 144.6235 171.9386 662.5684 144.6235 171.9386 689.8103 144.6235 174.3219 661.9298 144.6235 174.3219 690.0253 144.6235 176.78 661.7147 144.6235 176.78 689.8103 144.6235 179.238 661.9298 144.6235 179.238 689.1716 144.6235 181.6214 662.5684 144.6235 181.6214 688.1289 144.6235 183.8577 663.6111 144.6235 183.8577 686.7136 144.6235 185.8789 665.0264 144.6235 185.8789 684.9689 144.6235 187.6236 666.7711 144.6235 187.6236 682.9477 144.6235 189.0389 668.7924 144.6235 189.0389 680.7114 144.6235 190.0817 671.0286 144.6235 190.0817 678.3281 144.6235 190.7203 673.4119 144.6235 190.7203 675.87 144.6235 190.9353 678.2082 145.1268 163.5194 675.87 145.1268 163.3148 673.5318 145.1268 163.5194 680.4754 145.1268 164.1269 671.2647 145.1268 164.1269 682.6026 145.1268 165.1188 669.1374 145.1268 165.1188 684.5253 145.1268 166.4651 667.2147 145.1268 166.4651 686.1849 145.1268 168.1247 665.5551 145.1268 168.1247 687.5312 145.1268 170.0474 664.2088 145.1268 170.0474 688.5231 145.1268 172.1746 663.2169 145.1268 172.1746 689.1306 145.1268 174.4418 662.6094 145.1268 174.4418 689.3352 145.1268 176.78 662.4048 145.1268 176.78 689.1306 145.1268 179.1182 662.6094 145.1268 179.1182 688.5231 145.1268 181.3854 663.2169 145.1268 181.3854 687.5312 145.1268 183.5126 664.2088 145.1268 183.5126 686.1849 145.1268 185.4353 665.5551 145.1268 185.4353 684.5253 145.1268 187.0949 667.2147 145.1268 187.0949 682.6026 145.1268 188.4412 669.1374 145.1268 188.4412 680.4754 145.1268 189.4331 671.2647 145.1268 189.4331 678.2082 145.1268 190.0406 673.5318 145.1268 190.0406 675.87 145.1268 190.2452 678.0752 145.5052 164.2735 675.87 145.5052 164.0805 673.6647 145.5052 164.2735 680.2135 145.5052 164.8464 671.5266 145.5052 164.8464 682.2197 145.5052 165.7819 669.5203 145.5052 165.7819 684.033 145.5052 167.0516 667.7069 145.5052 167.0516 685.5983 145.5052 168.617 666.1417 145.5052 168.617 686.8681 145.5052 170.4303 664.872 145.5052 170.4303 687.8036 145.5052 172.4365 663.9364 145.5052 172.4365 688.3765 145.5052 174.5748 663.3635 145.5052 174.5748 688.5695 145.5052 176.78 663.1705 145.5052 176.78 688.3765 145.5052 178.9852 663.3635 145.5052 178.9852 687.8036 145.5052 181.1235 663.9364 145.5052 181.1235 686.8681 145.5052 183.1297 664.872 145.5052 183.1297 685.5983 145.5052 184.943 666.1417 145.5052 184.943 684.033 145.5052 186.5083 667.7069 145.5052 186.5083 682.2197 145.5052 187.778 669.5203 145.5052 187.778 680.2135 145.5052 188.7136 671.5266 145.5052 188.7136 678.0752 145.5052 189.2865 673.6647 145.5052 189.2865 675.87 145.5052 189.4794 677.933 145.7478 165.08 675.87 145.7478 164.8995 673.807 145.7478 165.08 679.9334 145.7478 165.616 671.8067 145.7478 165.616 681.8103 145.7478 166.4912 669.9298 145.7478 166.4912 683.5066 145.7478 167.679 668.2333 145.7478 167.679 684.971 145.7478 169.1434 666.7691 145.7478 169.1434 686.1588 145.7478 170.8398 665.5812 145.7478 170.8398 687.034 145.7478 172.7166 664.706 145.7478 172.7166 687.57 145.7478 174.717 664.1701 145.7478 174.717 687.7505 145.7478 176.78 663.9895 145.7478 176.78 687.57 145.7478 178.843 664.1701 145.7478 178.843 687.034 145.7478 180.8433 664.706 145.7478 180.8433 686.1588 145.7478 182.7202 665.5812 145.7478 182.7202 684.971 145.7478 184.4166 666.7691 145.7478 184.4166 683.5066 145.7478 185.881 668.2333 145.7478 185.881 681.8103 145.7478 187.0688 669.9298 145.7478 187.0688 679.9334 145.7478 187.944 671.8067 145.7478 187.944 677.933 145.7478 188.48 673.807 145.7478 188.48 675.87 145.7478 188.6605 677.7857 145.8475 165.9155 675.87 145.8475 165.7479 673.9543 145.8475 165.9155 679.6432 145.8475 166.4132 672.0968 145.8475 166.4132 681.3861 145.8475 167.2259 670.354 145.8475 167.2259 682.9613 145.8475 168.3289 668.7787 145.8475 168.3289 684.3211 145.8475 169.6887 667.4189 145.8475 169.6887 685.4241 145.8475 171.2639 666.3159 145.8475 171.2639 686.2368 145.8475 173.0068 665.5032 145.8475 173.0068 686.7345 145.8475 174.8643 665.0054 145.8475 174.8643 686.9022 145.8475 176.78 664.8379 145.8475 176.78 686.7345 145.8475 178.6957 665.0054 145.8475 178.6957 686.2368 145.8475 180.5532 665.5032 145.8475 180.5532 685.4241 145.8475 182.2961 666.3159 145.8475 182.2961 684.3211 145.8475 183.8713 667.4189 145.8475 183.8713 682.9613 145.8475 185.2311 668.7787 145.8475 185.2311 681.3861 145.8475 186.3341 670.354 145.8475 186.3341 679.6432 145.8475 187.1468 672.0968 145.8475 187.1468 677.7857 145.8475 187.6445 673.9543 145.8475 187.6445 675.87 145.8475 187.8121 675.87 145.8874 166.0872 674.0132 145.8874 166.2496 672.2128 145.8874 166.732 677.7268 145.8874 166.2496 670.5236 145.8874 167.5198 679.5272 145.8874 166.732 668.9968 145.8874 168.5888 681.2164 145.8874 167.5198 667.6788 145.8874 169.9068 682.7432 145.8874 168.5888 666.6098 145.8874 171.4336 684.0612 145.8874 169.9068 665.822 145.8874 173.1228 685.1303 145.8874 171.4336 665.3396 145.8874 174.9232 685.918 145.8874 173.1228 665.1772 145.8874 176.78 686.4003 145.8874 174.9232 665.3396 145.8874 178.6368 686.5628 145.8874 176.78 665.822 145.8874 180.4372 686.4003 145.8874 178.6368 666.6098 145.8874 182.1264 685.918 145.8874 180.4372 667.6788 145.8874 183.6532 685.1303 145.8874 182.1264 668.9968 145.8874 184.9712 684.0612 145.8874 183.6532 670.5236 145.8874 186.0402 682.7432 145.8874 184.9712 672.2128 145.8874 186.828 681.2164 145.8874 186.0402 674.0132 145.8874 187.3104 679.5272 145.8874 186.828 675.87 145.8874 187.4728 677.7268 145.8874 187.3104 675.87 145.9844 166.4148 674.0701 145.9844 166.5722 672.3249 145.9844 167.0399 677.6699 145.9844 166.5722 670.6874 145.9844 167.8034 679.4151 145.9844 167.0399 669.2073 145.9844 168.8398 681.0526 145.9844 167.8034 667.9298 145.9844 170.1174 682.5327 145.9844 168.8398 666.8934 145.9844 171.5974 683.8102 145.9844 170.1174 666.1299 145.9844 173.2349 684.8466 145.9844 171.5974 665.6622 145.9844 174.9801 685.6101 145.9844 173.2349 665.5048 145.9844 176.78 686.0778 145.9844 174.9801 665.6622 145.9844 178.5799 686.2352 145.9844 176.78 666.1299 145.9844 180.3251 686.0778 145.9844 178.5799 666.8934 145.9844 181.9626 685.6101 145.9844 180.3251 667.9298 145.9844 183.4426 684.8466 145.9844 181.9626 669.2073 145.9844 184.7202 683.8102 145.9844 183.4426 670.6874 145.9844 185.7565 682.5327 145.9844 184.7202 672.3249 145.9844 186.5201 681.0526 145.9844 185.7565 674.0701 145.9844 186.9877 679.4151 145.9844 186.5201 675.87 145.9844 187.1452 677.6699 145.9844 186.9877 675.87 146.1358 166.7211 674.1233 146.1358 166.8739 672.4296 146.1358 167.3277 677.6167 146.1358 166.8739 670.8405 146.1358 168.0687 679.3104 146.1358 167.3277 669.4042 146.1358 169.0744 680.8995 146.1358 168.0687 668.1644 146.1358 170.3143 682.3358 146.1358 169.0744 667.1588 146.1358 171.7505 683.5756 146.1358 170.3143 666.4177 146.1358 173.3396 684.5813 146.1358 171.7505 665.9639 146.1358 175.0333 685.3223 146.1358 173.3396 665.811 146.1358 176.78 685.7761 146.1358 175.0333 665.9639 146.1358 178.5267 685.9289 146.1358 176.78 666.4177 146.1358 180.2203 685.7761 146.1358 178.5267 667.1588 146.1358 181.8095 685.3223 146.1358 180.2203 668.1644 146.1358 183.2458 684.5813 146.1358 181.8095 669.4042 146.1358 184.4856 683.5756 146.1358 183.2458 670.8405 146.1358 185.4913 682.3358 146.1358 184.4856 672.4296 146.1358 186.2323 680.8995 146.1358 185.4913 674.1233 146.1358 186.6861 679.3104 146.1358 186.2323 675.87 146.1358 186.8389 677.6167 146.1358 186.6861 675.87 146.3371 166.9971 674.1712 146.3371 167.1457 672.5241 146.3371 167.5871 677.5688 146.3371 167.1457 670.9786 146.3371 168.3078 679.216 146.3371 167.5871 669.5817 146.3371 169.2859 680.7614 146.3371 168.3078 668.3759 146.3371 170.4917 682.1583 146.3371 169.2859 667.3978 146.3371 171.8886 683.3641 146.3371 170.4917 666.6771 146.3371 173.4341 684.3422 146.3371 171.8886 666.2357 146.3371 175.0812 685.0629 146.3371 173.4341 666.0871 146.3371 176.78 685.5042 146.3371 175.0812 666.2357 146.3371 178.4788 685.6528 146.3371 176.78 666.6771 146.3371 180.1259 685.5042 146.3371 178.4788 667.3978 146.3371 181.6714 685.0629 146.3371 180.1259 668.3759 146.3371 183.0683 684.3422 146.3371 181.6714 669.5817 146.3371 184.2741 683.3641 146.3371 183.0683 670.9786 146.3371 185.2522 682.1583 146.3371 184.2741 672.5241 146.3371 185.9729 680.7614 146.3371 185.2522 674.1712 146.3371 186.4142 679.216 146.3371 185.9729 675.87 146.3371 186.5629 677.5688 146.3371 186.4142 675.87 146.5825 167.2349 674.2125 146.5825 167.3799 672.6054 146.5825 167.8105 677.5275 146.5825 167.3799 671.0975 146.5825 168.5137 679.1346 146.5825 167.8105 669.7345 146.5825 169.468 680.6425 146.5825 168.5137 668.5581 146.5825 170.6445 682.0055 146.5825 169.468 667.6037 146.5825 172.0074 683.182 146.5825 170.6445 666.9006 146.5825 173.5154 684.1363 146.5825 172.0074 666.4699 146.5825 175.1225 684.8395 146.5825 173.5154 666.3249 146.5825 176.78 685.2701 146.5825 175.1225 666.4699 146.5825 178.4375 685.4151 146.5825 176.78 666.9006 146.5825 180.0446 685.2701 146.5825 178.4375 667.6037 146.5825 181.5525 684.8395 146.5825 180.0446 668.5581 146.5825 182.9155 684.1363 146.5825 181.5525 669.7345 146.5825 184.092 683.182 146.5825 182.9155 671.0975 146.5825 185.0463 682.0055 146.5825 184.092 672.6054 146.5825 185.7495 680.6425 146.5825 185.0463 674.2125 146.5825 186.1801 679.1346 146.5825 185.7495 675.87 146.5825 186.3251 677.5275 146.5825 186.1801 675.87 146.8647 167.4274 674.246 146.8647 167.5695 672.6712 146.8647 167.9915 677.494 146.8647 167.5695 671.1937 146.8647 168.6804 679.0688 146.8647 167.9915 669.8583 146.8647 169.6155 680.5463 146.8647 168.6804 668.7055 146.8647 170.7683 681.8817 146.8647 169.6155 667.7705 146.8647 172.1037 683.0345 146.8647 170.7683 667.0814 146.8647 173.5812 683.9696 146.8647 172.1037 666.6595 146.8647 175.1559 684.6585 146.8647 173.5812 666.5175 146.8647 176.78 685.0805 146.8647 175.1559 666.6595 146.8647 178.404 685.2226 146.8647 176.78 667.0814 146.8647 179.9788 685.0805 146.8647 178.404 667.7705 146.8647 181.4563 684.6585 146.8647 179.9788 668.7055 146.8647 182.7917 683.9696 146.8647 181.4563 669.8583 146.8647 183.9445 683.0345 146.8647 182.7917 671.1937 146.8647 184.8796 681.8817 146.8647 183.9445 672.6712 146.8647 185.5685 680.5463 146.8647 184.8796 674.246 146.8647 185.9905 679.0688 146.8647 185.5685 675.87 146.8647 186.1326 677.494 146.8647 185.9905 675.87 147.1756 167.5691 674.2706 147.1756 167.709 672.7197 147.1756 168.1246 677.4695 147.1756 167.709 671.2646 147.1756 168.8031 679.0203 147.1756 168.1246 669.9494 147.1756 169.7241 680.4755 147.1756 168.8031 668.8141 147.1756 170.8594 681.7907 147.1756 169.7241 667.8931 147.1756 172.1746 682.926 147.1756 170.8594 667.2146 147.1756 173.6297 683.8469 147.1756 172.1746 666.799 147.1756 175.1805 684.5254 147.1756 173.6297 666.6591 147.1756 176.78 684.9409 147.1756 175.1805 666.799 147.1756 178.3795 685.0809 147.1756 176.78 667.2146 147.1756 179.9303 684.9409 147.1756 178.3795 667.8931 147.1756 181.3854 684.5254 147.1756 179.9303 668.8141 147.1756 182.7006 683.8469 147.1756 181.3854 669.9494 147.1756 183.8359 682.926 147.1756 182.7006 671.2646 147.1756 184.7568 681.7907 147.1756 183.8359 672.7197 147.1756 185.4354 680.4755 147.1756 184.7568 674.2706 147.1756 185.8509 679.0203 147.1756 185.4354 675.87 147.1756 185.9909 677.4695 147.1756 185.8509 675.87 147.5061 167.6558 674.2856 147.5061 167.7944 672.7493 147.5061 168.2061 677.4544 147.5061 167.7944 671.3079 147.5061 168.8782 678.9907 147.5061 168.2061 670.0051 147.5061 169.7905 680.4321 147.5061 168.8782 668.8805 147.5061 170.9151 681.7349 147.5061 169.7905 667.9682 147.5061 172.2179 682.8596 147.5061 170.9151 667.2961 147.5061 173.6593 683.7718 147.5061 172.2179 666.8844 147.5061 175.1956 684.4439 147.5061 173.6593 666.7458 147.5061 176.78 684.8555 147.5061 175.1956 666.8844 147.5061 178.3644 684.9942 147.5061 176.78 667.2961 147.5061 179.9006 684.8555 147.5061 178.3644 667.9682 147.5061 181.3421 684.4439 147.5061 179.9006 668.8805 147.5061 182.6449 683.7718 147.5061 181.3421 670.0051 147.5061 183.7695 682.8596 147.5061 182.6449 671.3079 147.5061 184.6818 681.7349 147.5061 183.7695 672.7493 147.5061 185.3539 680.4321 147.5061 184.6818 674.2856 147.5061 185.7656 678.9907 147.5061 185.3539 675.87 147.5061 185.9042 677.4544 147.5061 185.7656 675.87 147.8465 167.685 674.2907 147.8465 167.8232 672.7593 147.8465 168.2335 677.4494 147.8465 167.8232 671.3225 147.8465 168.9035 678.9807 147.8465 168.2335 670.0238 147.8465 169.8128 680.4175 147.8465 168.9035 668.9028 147.8465 170.9338 681.7161 147.8465 169.8128 667.9935 147.8465 172.2325 682.8372 147.8465 170.9338 667.3235 147.8465 173.6693 683.7465 147.8465 172.2325 666.9132 147.8465 175.2007 684.4165 147.8465 173.6693 666.775 147.8465 176.78 684.8269 147.8465 175.2007 666.9132 147.8465 178.3593 684.965 147.8465 176.78 667.3235 147.8465 179.8907 684.8269 147.8465 178.3593 667.9935 147.8465 181.3275 684.4165 147.8465 179.8907 668.9028 147.8465 182.6262 683.7465 147.8465 181.3275 670.0238 147.8465 183.7472 682.8372 147.8465 182.6262 671.3225 147.8465 184.6565 681.7161 147.8465 183.7472 672.7593 147.8465 185.3265 680.4175 147.8465 184.6565 674.2907 147.8465 185.7368 678.9807 147.8465 185.3265 675.87 147.8465 185.875 677.4494 147.8465 185.7368 677.4494 585.3001 167.8232 675.87 585.3001 167.685 674.2907 585.3001 167.8232 678.9807 585.3001 168.2335 672.7593 585.3001 168.2335 680.4175 585.3001 168.9035 671.3225 585.3001 168.9035 681.7161 585.3001 169.8128 670.0238 585.3001 169.8128 682.8372 585.3001 170.9338 668.9028 585.3001 170.9338 683.7465 585.3001 172.2325 667.9935 585.3001 172.2325 684.4165 585.3001 173.6693 667.3235 585.3001 173.6693 684.8269 585.3001 175.2007 666.9132 585.3001 175.2007 684.965 585.3001 176.78 666.775 585.3001 176.78 684.8269 585.3001 178.3593 666.9132 585.3001 178.3593 684.4165 585.3001 179.8907 667.3235 585.3001 179.8907 683.7465 585.3001 181.3275 667.9935 585.3001 181.3275 682.8372 585.3001 182.6262 668.9028 585.3001 182.6262 681.7161 585.3001 183.7472 670.0238 585.3001 183.7472 680.4175 585.3001 184.6565 671.3225 585.3001 184.6565 678.9807 585.3001 185.3265 672.7593 585.3001 185.3265 677.4494 585.3001 185.7368 674.2907 585.3001 185.7368 675.87 585.3001 185.875 82.07685 161.1365 153.4321 77.95999 161.1365 153.0719 73.84313 161.1365 153.4321 86.06864 161.1365 154.5017 69.85137 161.1365 154.5017 89.81404 161.1365 156.2482 66.10597 161.1365 156.2482 93.19925 161.1365 158.6186 62.72074 161.1365 158.6186 96.12143 161.1365 161.5407 59.79857 161.1365 161.5407 98.49179 161.1365 164.926 57.42821 161.1365 164.926 100.2383 161.1365 168.6714 55.68167 161.1365 168.6714 101.3079 161.1365 172.6631 54.6121 161.1365 172.6631 101.6681 161.1365 176.78 54.25191 161.1365 176.78 101.3079 161.1365 180.8969 54.6121 161.1365 180.8969 100.2383 161.1365 184.8886 55.68167 161.1365 184.8886 98.49179 161.1365 188.634 57.42821 161.1365 188.634 96.12143 161.1365 192.0193 59.79857 161.1365 192.0193 93.19925 161.1365 194.9414 62.72074 161.1365 194.9414 89.81404 161.1365 197.3118 66.10597 161.1365 197.3118 86.06864 161.1365 199.0583 69.85137 161.1365 199.0583 82.07685 161.1365 200.1279 73.84313 161.1365 200.1279 77.95999 161.1365 200.4881 81.99853 162.8202 153.8764 77.95999 162.8202 153.5231 73.92147 162.8202 153.8764 85.91435 162.8202 154.9256 70.00566 162.8202 154.9256 89.58847 162.8202 156.6389 66.33154 162.8202 156.6389 92.90925 162.8202 158.9642 63.01072 162.8202 158.9642 95.77584 162.8202 161.8307 60.14416 162.8202 161.8307 98.10108 162.8202 165.1515 57.81892 162.8202 165.1515 99.81436 162.8202 168.8257 56.10564 162.8202 168.8257 100.8636 162.8202 172.7415 55.05639 162.8202 172.7415 101.2169 162.8202 176.78 54.70306 162.8202 176.78 100.8636 162.8202 180.8185 55.05639 162.8202 180.8185 99.81436 162.8202 184.7343 56.10564 162.8202 184.7343 98.10108 162.8202 188.4085 57.81892 162.8202 188.4085 95.77584 162.8202 191.7293 60.14416 162.8202 191.7293 92.90925 162.8202 194.5958 63.01072 162.8202 194.5958 89.58847 162.8202 196.9211 66.33154 162.8202 196.9211 85.91435 162.8202 198.6344 70.00566 162.8202 198.6344 81.99853 162.8202 199.6836 73.92147 162.8202 199.6836 77.95999 162.8202 200.0369 81.87059 164.4 154.6019 77.95999 164.4 154.2597 74.04939 164.4 154.6019 85.66237 164.4 155.6179 70.25761 164.4 155.6179 89.22014 164.4 157.2769 66.69986 164.4 157.2769 92.43575 164.4 159.5285 63.48425 164.4 159.5285 95.2115 164.4 162.3043 60.70849 164.4 162.3043 97.46311 164.4 165.5199 58.4569 164.4 165.5199 99.12211 164.4 169.0776 56.79789 164.4 169.0776 100.1381 164.4 172.8694 55.78187 164.4 172.8694 100.4803 164.4 176.78 55.43974 164.4 176.78 100.1381 164.4 180.6906 55.78187 164.4 180.6906 99.12211 164.4 184.4824 56.79789 164.4 184.4824 97.46311 164.4 188.0401 58.4569 164.4 188.0401 95.2115 164.4 191.2557 60.70849 164.4 191.2557 92.43575 164.4 194.0315 63.48425 164.4 194.0315 89.22014 164.4 196.2831 66.69986 164.4 196.2831 85.66237 164.4 197.9421 70.25761 164.4 197.9421 81.87059 164.4 198.9581 74.04939 164.4 198.9581 77.95999 164.4 199.3002 81.69699 165.8279 155.5865 77.95999 165.8279 155.2595 74.22302 165.8279 155.5865 85.32041 165.8279 156.5574 70.59956 165.8279 156.5574 88.72023 165.8279 158.1427 67.19977 165.8279 158.1427 91.79306 165.8279 160.2944 64.12691 165.8279 160.2944 94.44562 165.8279 162.9469 61.47438 165.8279 162.9469 96.59725 165.8279 166.0198 59.32275 165.8279 166.0198 98.18259 165.8279 169.4196 57.73738 165.8279 169.4196 99.15349 165.8279 173.043 56.76648 165.8279 173.043 99.48046 165.8279 176.78 56.43955 165.8279 176.78 99.15349 165.8279 180.517 56.76648 165.8279 180.517 98.18259 165.8279 184.1404 57.73738 165.8279 184.1404 96.59725 165.8279 187.5402 59.32275 165.8279 187.5402 94.44562 165.8279 190.6131 61.47438 165.8279 190.6131 91.79306 165.8279 193.2656 64.12691 165.8279 193.2656 88.72023 165.8279 195.4172 67.19977 165.8279 195.4172 85.32041 165.8279 197.0026 70.59956 165.8279 197.0026 81.69699 165.8279 197.9735 74.22302 165.8279 197.9735 77.95999 165.8279 198.3004 81.48295 167.0605 156.8003 77.95999 167.0605 156.4921 74.43705 167.0605 156.8003 84.89886 167.0605 157.7156 71.02114 167.0605 157.7156 88.10392 167.0605 159.2102 67.81605 167.0605 159.2102 91.0008 167.0605 161.2386 64.91921 167.0605 161.2386 93.50142 167.0605 163.7392 62.41858 167.0605 163.7392 95.52983 167.0605 166.6361 60.39017 167.0605 166.6361 97.02436 167.0605 169.8411 58.89562 167.0605 169.8411 97.93965 167.0605 173.257 57.98033 167.0605 173.257 98.24789 167.0605 176.78 57.67211 167.0605 176.78 97.93965 167.0605 180.3029 57.98033 167.0605 180.3029 97.02436 167.0605 183.7189 58.89562 167.0605 183.7189 95.52983 167.0605 186.9239 60.39017 167.0605 186.9239 93.50142 167.0605 189.8208 62.41858 167.0605 189.8208 91.0008 167.0605 192.3214 64.91921 167.0605 192.3214 88.10392 167.0605 194.3498 67.81605 167.0605 194.3498 84.89886 167.0605 195.8444 71.02114 167.0605 195.8444 81.48295 167.0605 196.7597 74.43705 167.0605 196.7597 77.95999 167.0605 197.0679 81.235 168.0603 158.2065 77.95999 168.0603 157.92 74.68498 168.0603 158.2065 84.41049 168.0603 159.0574 71.50949 168.0603 159.0574 87.39001 168.0603 160.4468 68.52999 168.0603 160.4468 90.08297 168.0603 162.3324 65.83703 168.0603 162.3324 92.40759 168.0603 164.657 63.51239 168.0603 164.657 94.29324 168.0603 167.35 61.62676 168.0603 167.35 95.6826 168.0603 170.3295 60.23738 168.0603 170.3295 96.53348 168.0603 173.505 59.38652 168.0603 173.505 96.82 168.0603 176.78 59.1 168.0603 176.78 96.53348 168.0603 180.055 59.38652 168.0603 180.055 95.6826 168.0603 183.2305 60.23738 168.0603 183.2305 94.29324 168.0603 186.21 61.62676 168.0603 186.21 92.40759 168.0603 188.903 63.51239 168.0603 188.903 90.08297 168.0603 191.2276 65.83703 168.0603 191.2276 87.39001 168.0603 193.1132 68.52999 168.0603 193.1132 84.41049 168.0603 194.5026 71.50949 168.0603 194.5026 81.235 168.0603 195.3535 74.68498 168.0603 195.3535 77.95999 168.0603 195.64 80.96067 168.7969 159.7623 77.95999 168.7969 159.4998 74.95931 168.7969 159.7623 83.87017 168.7969 160.5419 72.04983 168.7969 160.5419 86.6001 168.7969 161.8149 69.3199 168.7969 161.8149 89.06749 168.7969 163.5426 66.85251 168.7969 163.5426 91.19741 168.7969 165.6725 64.7226 168.7969 165.6725 92.9251 168.7969 168.1399 62.99489 168.7969 168.1399 94.19808 168.7969 170.8698 61.72192 168.7969 170.8698 94.97768 168.7969 173.7793 60.94232 168.7969 173.7793 95.24021 168.7969 176.78 60.67979 168.7969 176.78 94.97768 168.7969 179.7807 60.94232 168.7969 179.7807 94.19808 168.7969 182.6902 61.72192 168.7969 182.6902 92.9251 168.7969 185.4201 62.99489 168.7969 185.4201 91.19741 168.7969 187.8875 64.7226 168.7969 187.8875 89.06749 168.7969 190.0174 66.85251 168.7969 190.0174 86.6001 168.7969 191.7451 69.3199 168.7969 191.7451 83.87017 168.7969 193.0181 72.04983 168.7969 193.0181 80.96067 168.7969 193.7977 74.95931 168.7969 193.7977 77.95999 168.7969 194.0602 80.6683 169.2481 161.4205 77.95999 169.2481 161.1835 75.2517 169.2481 161.4205 83.29431 169.2481 162.1241 72.6257 169.2481 162.1241 85.75824 169.2481 163.2731 70.16176 169.2481 163.2731 87.98522 169.2481 164.8324 67.93479 169.2481 164.8324 89.90759 169.2481 166.7548 66.01239 169.2481 166.7548 91.46694 169.2481 168.9818 64.45304 169.2481 168.9818 92.61591 169.2481 171.4457 63.3041 169.2481 171.4457 93.31954 169.2481 174.0717 62.60046 169.2481 174.0717 93.55647 169.2481 176.78 62.36351 169.2481 176.78 93.31954 169.2481 179.4883 62.60046 169.2481 179.4883 92.61591 169.2481 182.1143 63.3041 169.2481 182.1143 91.46694 169.2481 184.5782 64.45304 169.2481 184.5782 89.90759 169.2481 186.8052 66.01239 169.2481 186.8052 87.98522 169.2481 188.7276 67.93479 169.2481 188.7276 85.75824 169.2481 190.287 70.16176 169.2481 190.287 83.29431 169.2481 191.4359 72.6257 169.2481 191.4359 80.6683 169.2481 192.1395 75.2517 169.2481 192.1395 77.95999 169.2481 192.3765 80.36676 169.4 163.1306 77.95999 169.4 162.92 75.55324 169.4 163.1306 82.7004 169.4 163.7559 73.2196 169.4 163.7559 84.89001 169.4 164.7769 71.02999 169.4 164.7769 86.86904 169.4 166.1626 69.05097 169.4 166.1626 88.57736 169.4 167.871 67.34261 169.4 167.871 89.96311 169.4 169.85 65.9569 169.4 169.85 90.98414 169.4 172.0396 64.93586 169.4 172.0396 91.60942 169.4 174.3732 64.31055 169.4 174.3732 91.82 169.4 176.78 64.1 169.4 176.78 91.60942 169.4 179.1868 64.31055 169.4 179.1868 90.98414 169.4 181.5204 64.93586 169.4 181.5204 89.96311 169.4 183.71 65.9569 169.4 183.71 88.57736 169.4 185.689 67.34261 169.4 185.689 86.86904 169.4 187.3974 69.05097 169.4 187.3974 84.89001 169.4 188.7831 71.02999 169.4 188.7831 82.7004 169.4 189.8041 73.2196 169.4 189.8041 80.36676 169.4 190.4294 75.55324 169.4 190.4294 77.95999 169.4 190.64 77.95999 169.4 176.78 675.87 585.3001 176.78 324.8005 712.9497 98.78 332.0491 709.9472 98.78 277.62 702 98.78 277.62 825 98.78 297.5 769.5 98.78 297.5 757.5 98.78 298.1156 749.6783 98.78 299.9472 742.0491 98.78 302.9497 734.8005 98.78 307.0491 728.1107 98.78 312.1447 722.1447 98.78 318.1108 717.0491 98.78 339.6783 708.1156 98.78 347.5 707.5 98.78 482.38 702 98.78 277.62 702 254.78 420.3217 708.1156 98.78 427.9508 709.9472 98.78 412.5 707.5 98.78 435.1995 712.9497 98.78 441.8893 717.0491 98.78 447.8553 722.1447 98.78 452.9508 728.1107 98.78 457.0503 734.8005 98.78 460.0528 742.0491 98.78 461.8844 749.6783 98.78 462.5 757.5 98.78 482.38 825 98.78 482.38 825 254.78 482.38 702 254.78 277.62 825 254.78 332.0491 709.9472 254.78 324.8005 712.9497 254.78 318.1108 717.0491 254.78 312.1447 722.1447 254.78 347.5 707.5 254.78 339.6783 708.1156 254.78 307.0491 728.1107 254.78 302.9497 734.8005 254.78 299.9472 742.0491 254.78 298.1156 749.6783 254.78 297.5 757.5 254.78 460.0528 742.0491 254.78 457.0503 734.8005 254.78 461.8844 749.6783 254.78 452.9508 728.1107 254.78 447.8553 722.1447 254.78 441.8893 717.0491 254.78 435.1995 712.9497 254.78 427.9508 709.9472 254.78 420.3217 708.1156 254.78 462.5 769.5 254.78 462.5 757.5 254.78 412.5 707.5 254.78 412.5 707.5 50 347.5 707.5 50 339.6783 708.1156 50 347.5 708.2597 41.3176 420.3217 708.1156 50 420.2029 708.8659 41.3176 412.5 708.2597 41.3176 339.6783 708.1156 303.56 347.5 707.5 303.56 412.5 707.5 303.56 412.5 708.2597 312.2424 347.5 708.2597 312.2424 339.7971 708.8659 312.2424 420.3217 708.1156 303.56 332.0491 709.9472 50 339.7971 708.8659 41.3176 427.9508 709.9472 50 427.7161 710.6696 41.3176 332.0491 709.9472 303.56 332.2839 710.6696 312.2424 427.9508 709.9472 303.56 420.2029 708.8659 312.2424 347.5 710.5154 32.89899 412.5 710.5154 32.89899 419.85 711.0939 32.89899 412.5 710.5154 320.661 347.5 710.5154 320.661 340.15 711.0939 320.661 332.2839 710.6696 41.3176 340.15 711.0939 32.89899 427.0191 712.815 32.89899 332.981 712.815 320.661 427.7161 710.6696 312.2424 419.85 711.0939 320.661 324.8005 712.9497 50 435.1995 712.9497 50 434.8547 713.6265 41.3176 324.8005 712.9497 303.56 325.1453 713.6265 312.2424 435.1995 712.9497 303.56 347.5 714.1987 25.00001 412.5 714.1987 25.00001 419.2738 714.7318 25.00001 412.5 714.1987 328.56 347.5 714.1987 328.56 340.7262 714.7318 328.56 325.1453 713.6265 41.3176 332.981 712.815 32.89899 433.8306 715.6364 32.89899 326.1694 715.6364 320.661 434.8547 713.6265 312.2424 427.0191 712.815 320.661 340.7262 714.7318 25.00001 425.8808 716.3181 25.00001 334.1192 716.3181 328.56 419.2738 714.7318 328.56 326.1694 715.6364 32.89899 334.1192 716.3181 25.00001 432.1584 718.9183 25.00001 327.8416 718.9183 328.56 433.8306 715.6364 320.661 425.8808 716.3181 328.56 318.1108 717.0491 50 441.8893 717.0491 50 441.4428 717.6637 41.3176 318.1108 717.0491 303.56 318.5572 717.6637 312.2424 441.8893 717.0491 303.56 318.5572 717.6637 41.3176 440.1169 719.4887 32.89899 319.8831 719.4887 320.661 441.4428 717.6637 312.2424 347.5 719.1978 17.86062 412.5 719.1978 17.86062 418.4918 719.6693 17.86062 412.5 719.1978 335.6994 347.5 719.1978 335.6994 341.5082 719.6693 335.6994 341.5082 719.6693 17.86062 424.336 721.0725 17.86062 335.664 721.0725 335.6994 418.4918 719.6693 335.6994 319.8831 719.4887 32.89899 327.8416 718.9183 25.00001 437.9519 722.4686 25.00001 322.0482 722.4686 328.56 440.1169 719.4887 320.661 432.1584 718.9183 328.56 335.664 721.0725 17.86062 429.8889 723.3724 17.86062 330.1112 723.3724 335.6994 424.336 721.0725 335.6994 312.1447 722.1447 50 447.8553 722.1447 50 447.3182 722.6818 41.3176 312.1447 722.1447 303.56 312.6818 722.6818 312.2424 447.8553 722.1447 303.56 312.6818 722.6818 41.3176 445.7232 724.2769 32.89899 314.2769 724.2769 320.661 447.3182 722.6818 312.2424 322.0482 722.4686 25.00001 330.1112 723.3724 17.86062 435.0135 726.5129 17.86062 324.9865 726.5129 335.6994 437.9519 722.4686 328.56 429.8889 723.3724 335.6994 347.5 725.3607 11.69778 412.5 725.3607 11.69778 417.5277 725.7563 11.69778 412.5 725.3607 341.8622 347.5 725.3607 341.8622 342.4723 725.7563 341.8622 314.2769 724.2769 32.89899 443.1186 726.8814 25.00001 316.8814 726.8814 328.56 445.7232 724.2769 320.661 342.4723 725.7563 11.69778 422.4316 726.9337 11.69778 337.5684 726.9337 341.8622 417.5277 725.7563 341.8622 337.5684 726.9337 11.69778 427.091 728.8636 11.69778 332.909 728.8636 341.8622 422.4316 726.9337 341.8622 307.0491 728.1107 50 452.9508 728.1107 50 452.3363 728.5573 41.3176 307.0491 728.1107 303.56 307.6637 728.5573 312.2424 452.9508 728.1107 303.56 316.8814 726.8814 25.00001 324.9865 726.5129 17.86062 439.5838 730.4163 17.86062 320.4162 730.4163 335.6994 443.1186 726.8814 328.56 435.0135 726.5129 335.6994 307.6637 728.5573 41.3176 450.5114 729.8831 32.89899 309.4886 729.8831 320.661 452.3363 728.5573 312.2424 332.909 728.8636 11.69778 431.3911 731.4987 11.69778 328.609 731.4987 341.8622 427.091 728.8636 341.8622 309.4886 729.8831 32.89899 447.5315 732.0482 25.00001 312.4685 732.0482 328.56 450.5114 729.8831 320.661 347.5 732.5 6.698728 412.5 732.5 6.698728 416.4109 732.8078 6.698728 412.5 732.5 346.8613 347.5 732.5 346.8613 343.5892 732.8078 346.8613 343.5892 732.8078 6.698728 420.2254 733.7236 6.698728 339.7746 733.7236 346.8613 416.4109 732.8078 346.8613 320.4162 730.4163 17.86062 328.609 731.4987 11.69778 435.226 734.7741 11.69778 324.774 734.7741 341.8622 439.5838 730.4163 335.6994 431.3911 731.4987 341.8622 312.4685 732.0482 25.00001 443.4872 734.9866 17.86062 316.5129 734.9866 335.6994 447.5315 732.0482 328.56 339.7746 733.7236 6.698728 423.8498 735.2249 6.698728 336.1502 735.2249 346.8613 420.2254 733.7236 346.8613 302.9497 734.8005 50 457.0503 734.8005 50 456.3735 735.1453 41.3176 302.9497 734.8005 303.56 303.6265 735.1453 312.2424 457.0503 734.8005 303.56 303.6265 735.1453 41.3176 454.3636 736.1694 32.89899 305.6364 736.1694 320.661 456.3735 735.1453 312.2424 336.1502 735.2249 6.698728 427.1946 737.2746 6.698728 332.8054 737.2746 346.8613 423.8498 735.2249 346.8613 305.6364 736.1694 32.89899 451.0817 737.8416 25.00001 308.9183 737.8416 328.56 454.3636 736.1694 320.661 316.5129 734.9866 17.86062 324.774 734.7741 11.69778 438.5013 738.609 11.69778 321.4987 738.609 341.8622 443.4872 734.9866 335.6994 435.226 734.7741 341.8622 332.8054 737.2746 6.698728 430.1777 739.8223 6.698728 329.8223 739.8223 346.8613 427.1946 737.2746 346.8613 308.9183 737.8416 25.00001 446.6275 740.1112 17.86062 313.3725 740.1112 335.6994 451.0817 737.8416 328.56 347.5 740.399 3.015369 412.5 740.399 3.015369 415.1752 740.6095 3.015369 412.5 740.399 350.5446 347.5 740.399 350.5446 344.8248 740.6095 350.5446 344.8248 740.6095 3.015369 417.7845 741.236 3.015369 342.2155 741.236 350.5446 415.1752 740.6095 350.5446 342.2155 741.236 3.015369 420.2637 742.2629 3.015369 339.7363 742.2629 350.5446 417.7845 741.236 350.5446 321.4987 738.609 11.69778 329.8223 739.8223 6.698728 432.7254 742.8054 6.698728 327.2746 742.8054 346.8613 438.5013 738.609 341.8622 430.1777 739.8223 346.8613 299.9472 742.0491 50 460.0528 742.0491 50 459.3304 742.2839 41.3176 299.9472 742.0491 303.56 300.6696 742.2839 312.2424 460.0528 742.0491 303.56 313.3725 740.1112 17.86062 441.1364 742.909 11.69778 318.8636 742.909 341.8622 446.6275 740.1112 335.6994 300.6696 742.2839 41.3176 457.185 742.981 32.89899 302.815 742.981 320.661 459.3304 742.2839 312.2424 339.7363 742.2629 3.015369 422.5517 743.665 3.015369 337.4483 743.665 350.5446 420.2637 742.2629 350.5446 302.815 742.981 32.89899 453.682 744.1192 25.00001 306.318 744.1192 328.56 457.185 742.981 320.661 337.4483 743.665 3.015369 424.5922 745.4078 3.015369 335.4078 745.4078 350.5446 422.5517 743.665 350.5446 306.318 744.1192 25.00001 448.9276 745.664 17.86062 311.0724 745.664 335.6994 453.682 744.1192 328.56 327.2746 742.8054 6.698728 318.8636 742.909 11.69778 434.7752 746.1503 6.698728 325.2248 746.1503 346.8613 432.7254 742.8054 346.8613 441.1364 742.909 341.8622 335.4078 745.4078 3.015369 426.335 747.4483 3.015369 333.665 747.4483 350.5446 424.5922 745.4078 350.5446 311.0724 745.664 17.86062 443.0664 747.5684 11.69778 316.9336 747.5684 341.8622 448.9276 745.664 335.6994 347.5 748.8176 0.7596165 412.5 748.8176 0.7596165 413.8582 748.9245 0.7596165 412.5 748.8176 352.8004 347.5 748.8176 352.8004 346.1418 748.9245 352.8004 346.1418 748.9245 0.7596165 415.183 749.2426 0.7596165 344.817 749.2426 352.8004 413.8582 748.9245 352.8004 344.817 749.2426 0.7596165 416.4418 749.7639 0.7596165 343.5583 749.7639 352.8004 415.183 749.2426 352.8004 298.1156 749.6783 50 461.8844 749.6783 50 461.1342 749.7971 41.3176 298.1156 749.6783 303.56 298.8659 749.7971 312.2424 461.8844 749.6783 303.56 343.5583 749.7639 0.7596165 417.6034 750.4758 0.7596165 342.3966 750.4758 352.8004 416.4418 749.7639 352.8004 298.8659 749.7971 41.3176 458.9062 750.15 32.89899 301.0938 750.15 320.661 461.1342 749.7971 312.2424 333.665 747.4483 3.015369 325.2248 746.1503 6.698728 427.7371 749.7363 3.015369 332.2629 749.7363 350.5446 426.335 747.4483 350.5446 434.7752 746.1503 346.8613 316.9336 747.5684 11.69778 436.2764 749.7746 6.698728 323.7236 749.7746 346.8613 443.0664 747.5684 341.8622 301.0938 750.15 32.89899 455.2682 750.7261 25.00001 304.7319 750.7261 328.56 458.9062 750.15 320.661 342.3966 750.4758 0.7596165 418.6394 751.3606 0.7596165 341.3606 751.3606 352.8004 417.6034 750.4758 352.8004 304.7319 750.7261 25.00001 450.3307 751.5083 17.86062 309.6694 751.5083 335.6994 455.2682 750.7261 328.56 341.3606 751.3606 0.7596165 419.5242 752.3966 0.7596165 340.4758 752.3966 352.8004 418.6394 751.3606 352.8004 309.6694 751.5083 17.86062 444.2437 752.4723 11.69778 315.7563 752.4723 341.8622 450.3307 751.5083 335.6994 332.2629 749.7363 3.015369 323.7236 749.7746 6.698728 428.764 752.2155 3.015369 331.236 752.2155 350.5446 427.7371 749.7363 350.5446 436.2764 749.7746 346.8613 340.4758 752.3966 0.7596165 420.2361 753.5583 0.7596165 339.7639 753.5583 352.8004 419.5242 752.3966 352.8004 315.7563 752.4723 11.69778 437.1922 753.5892 6.698728 322.8078 753.5892 346.8613 444.2437 752.4723 341.8622 347.5 757.5 0 412.5 757.5 0 412.5 757.5 353.56 347.5 757.5 353.56 297.5 757.5 50 462.5 757.5 50 461.7404 757.5 41.3176 297.5 757.5 303.56 298.2596 757.5 312.2424 462.5 757.5 303.56 339.7639 753.5583 0.7596165 331.236 752.2155 3.015369 420.7575 754.817 0.7596165 339.2425 754.817 352.8004 420.2361 753.5583 352.8004 428.764 752.2155 350.5446 322.8078 753.5892 6.698728 429.3905 754.8248 3.015369 330.6095 754.8248 350.5446 437.1922 753.5892 346.8613 298.2596 757.5 41.3176 459.4846 757.5 32.89899 300.5154 757.5 320.661 461.7404 757.5 312.2424 300.5154 757.5 32.89899 455.8013 757.5 25.00001 304.1987 757.5 328.56 459.4846 757.5 320.661 304.1987 757.5 25.00001 450.8022 757.5 17.86062 309.1978 757.5 335.6994 455.8013 757.5 328.56 309.1978 757.5 17.86062 444.6394 757.5 11.69778 315.3606 757.5 341.8622 450.8022 757.5 335.6994 339.2425 754.817 0.7596165 330.6095 754.8248 3.015369 421.0755 756.1418 0.7596165 338.9245 756.1418 352.8004 420.7575 754.817 352.8004 429.3905 754.8248 350.5446 315.3606 757.5 11.69778 437.5 757.5 6.698728 322.5 757.5 346.8613 444.6394 757.5 341.8622 322.5 757.5 6.698728 429.601 757.5 3.015369 330.399 757.5 350.5446 437.5 757.5 346.8613 338.9245 756.1418 0.7596165 421.0755 756.1418 352.8004 330.399 757.5 3.015369 421.1824 757.5 0.7596165 338.8176 757.5 352.8004 429.601 757.5 350.5446 338.8176 757.5 0.7596165 421.1824 757.5 352.8004 347.5 769.5 0 412.5 769.5 0 421.1824 769.5 0.7596165 338.8176 769.5 0.7596165 429.601 769.5 3.015369 330.399 769.5 3.015369 437.5 769.5 6.698728 322.5 769.5 6.698728 444.6394 769.5 11.69778 315.3606 769.5 11.69778 450.8022 769.5 17.86062 309.1978 769.5 17.86062 455.8013 769.5 25.00001 304.1987 769.5 25.00001 459.4846 769.5 32.89899 300.5154 769.5 32.89899 461.7404 769.5 41.3176 298.2596 769.5 41.3176 462.5 769.5 50 297.5 769.5 50 462.5 769.5 98.78 297.5 769.5 254.78 462.5 769.5 303.56 297.5 769.5 303.56 461.7404 769.5 312.2424 298.2596 769.5 312.2424 459.4846 769.5 320.661 300.5154 769.5 320.661 455.8013 769.5 328.56 304.1987 769.5 328.56 450.8022 769.5 335.6994 309.1978 769.5 335.6994 444.6394 769.5 341.8622 315.3606 769.5 341.8622 437.5 769.5 346.8613 322.5 769.5 346.8613 429.601 769.5 350.5446 330.399 769.5 350.5446 421.1824 769.5 352.8004 338.8176 769.5 352.8004 412.5 769.5 353.56 347.5 769.5 353.56 347.5 778.1824 0.7596165 338.9245 770.8582 0.7596165 339.2425 772.183 0.7596165 339.7639 773.4417 0.7596165 340.4758 774.6034 0.7596165 341.3606 775.6394 0.7596165 342.3966 776.5242 0.7596165 343.5583 777.2361 0.7596165 344.817 777.7575 0.7596165 346.1418 778.0755 0.7596165 413.8582 778.0755 0.7596165 415.183 777.7575 0.7596165 412.5 778.1824 0.7596165 416.4418 777.2361 0.7596165 417.6034 776.5242 0.7596165 418.6394 775.6394 0.7596165 419.5242 774.6034 0.7596165 420.2361 773.4417 0.7596165 420.7575 772.183 0.7596165 421.0755 770.8582 0.7596165 330.6095 772.1752 3.015369 322.8078 773.4108 6.698728 429.3905 772.1752 3.015369 315.7563 774.5277 11.69778 437.1922 773.4108 6.698728 309.6694 775.4918 17.86062 444.2437 774.5277 11.69778 304.7319 776.2738 25.00001 450.3307 775.4918 17.86062 301.0938 776.85 32.89899 455.2682 776.2738 25.00001 298.8659 777.2029 41.3176 458.9062 776.85 32.89899 298.1156 777.3217 50 461.1342 777.2029 41.3176 298.1156 777.3217 98.78 461.8844 777.3217 50 461.8844 777.3217 98.78 298.1156 777.3217 254.78 298.1156 777.3217 303.56 461.8844 777.3217 254.78 298.8659 777.2029 312.2424 461.8844 777.3217 303.56 301.0938 776.85 320.661 461.1342 777.2029 312.2424 304.7319 776.2738 328.56 458.9062 776.85 320.661 309.6694 775.4918 335.6994 455.2682 776.2738 328.56 315.7563 774.5277 341.8622 450.3307 775.4918 335.6994 322.8078 773.4108 346.8613 444.2437 774.5277 341.8622 330.6095 772.1752 350.5446 437.1922 773.4108 346.8613 338.9245 770.8582 352.8004 429.3905 772.1752 350.5446 421.0755 770.8582 352.8004 346.1418 778.0755 352.8004 344.817 777.7575 352.8004 347.5 778.1824 352.8004 343.5583 777.2361 352.8004 342.3966 776.5242 352.8004 341.3606 775.6394 352.8004 340.4758 774.6034 352.8004 339.7639 773.4417 352.8004 339.2425 772.183 352.8004 412.5 778.1824 352.8004 420.7575 772.183 352.8004 420.2361 773.4417 352.8004 419.5242 774.6034 352.8004 418.6394 775.6394 352.8004 417.6034 776.5242 352.8004 416.4418 777.2361 352.8004 415.183 777.7575 352.8004 413.8582 778.0755 352.8004 331.236 774.7845 3.015369 428.764 774.7845 350.5446 323.7236 777.2255 6.698728 428.764 774.7845 3.015369 331.236 774.7845 350.5446 436.2764 777.2255 346.8613 332.2629 777.2637 3.015369 427.7371 777.2637 350.5446 316.9336 779.4317 11.69778 436.2764 777.2255 6.698728 323.7236 777.2255 346.8613 443.0664 779.4317 341.8622 333.665 779.5518 3.015369 427.7371 777.2637 3.015369 332.2629 777.2637 350.5446 426.335 779.5518 350.5446 311.0724 781.336 17.86062 443.0664 779.4317 11.69778 316.9336 779.4317 341.8622 448.9276 781.336 335.6994 335.4078 781.5922 3.015369 426.335 779.5518 3.015369 333.665 779.5518 350.5446 424.5922 781.5922 350.5446 325.2248 780.8497 6.698728 434.7752 780.8497 346.8613 306.318 782.8809 25.00001 448.9276 781.336 17.86062 311.0724 781.336 335.6994 453.682 782.8809 328.56 337.4483 783.335 3.015369 424.5922 781.5922 3.015369 335.4078 781.5922 350.5446 422.5517 783.335 350.5446 302.815 784.0191 32.89899 453.682 782.8809 25.00001 306.318 782.8809 328.56 457.185 784.0191 320.661 339.7363 784.7371 3.015369 422.5517 783.335 3.015369 337.4483 783.335 350.5446 420.2637 784.7371 350.5446 300.6696 784.7161 41.3176 457.185 784.0191 32.89899 302.815 784.0191 320.661 459.3304 784.7161 312.2424 299.9472 784.9509 50 459.3304 784.7161 41.3176 300.6696 784.7161 312.2424 460.0528 784.9509 303.56 318.8636 784.091 11.69778 434.7752 780.8497 6.698728 325.2248 780.8497 346.8613 441.1364 784.091 341.8622 342.2155 785.764 3.015369 420.2637 784.7371 3.015369 339.7363 784.7371 350.5446 417.7845 785.764 350.5446 327.2746 784.1947 6.698728 432.7254 784.1947 346.8613 299.9472 784.9509 98.78 460.0528 784.9509 50 460.0528 784.9509 98.78 299.9472 784.9509 254.78 299.9472 784.9509 303.56 460.0528 784.9509 254.78 344.8248 786.3905 3.015369 417.7845 785.764 3.015369 342.2155 785.764 350.5446 415.1752 786.3905 350.5446 347.5 786.601 3.015369 415.1752 786.3905 3.015369 344.8248 786.3905 350.5446 412.5 786.601 350.5446 412.5 786.601 3.015369 347.5 786.601 350.5446 313.3725 786.8889 17.86062 441.1364 784.091 11.69778 318.8636 784.091 341.8622 446.6275 786.8889 335.6994 329.8223 787.1777 6.698728 432.7254 784.1947 6.698728 327.2746 784.1947 346.8613 430.1777 787.1777 346.8613 321.4987 788.3911 11.69778 438.5013 788.3911 341.8622 308.9183 789.1583 25.00001 446.6275 786.8889 17.86062 313.3725 786.8889 335.6994 451.0817 789.1583 328.56 332.8054 789.7254 6.698728 430.1777 787.1777 6.698728 329.8223 787.1777 346.8613 427.1946 789.7254 346.8613 305.6364 790.8306 32.89899 451.0817 789.1583 25.00001 308.9183 789.1583 328.56 454.3636 790.8306 320.661 336.1502 791.7752 6.698728 427.1946 789.7254 6.698728 332.8054 789.7254 346.8613 423.8498 791.7752 346.8613 303.6265 791.8547 41.3176 454.3636 790.8306 32.89899 305.6364 790.8306 320.661 456.3735 791.8547 312.2424 316.5129 792.0135 17.86062 438.5013 788.3911 11.69778 321.4987 788.3911 341.8622 443.4872 792.0135 335.6994 324.774 792.226 11.69778 435.226 792.226 341.8622 302.9497 792.1995 50 456.3735 791.8547 41.3176 303.6265 791.8547 312.2424 457.0503 792.1995 303.56 339.7746 793.2764 6.698728 423.8498 791.7752 6.698728 336.1502 791.7752 346.8613 420.2254 793.2764 346.8613 302.9497 792.1995 98.78 457.0503 792.1995 50 457.0503 792.1995 98.78 302.9497 792.1995 254.78 302.9497 792.1995 303.56 457.0503 792.1995 254.78 343.5892 794.1922 6.698728 420.2254 793.2764 6.698728 339.7746 793.2764 346.8613 416.4109 794.1922 346.8613 347.5 794.5 6.698728 416.4109 794.1922 6.698728 343.5892 794.1922 346.8613 412.5 794.5 346.8613 412.5 794.5 6.698728 347.5 794.5 346.8613 312.4685 794.9519 25.00001 443.4872 792.0135 17.86062 316.5129 792.0135 335.6994 447.5315 794.9519 328.56 328.609 795.5013 11.69778 435.226 792.226 11.69778 324.774 792.226 341.8622 431.3911 795.5013 341.8622 320.4162 796.5838 17.86062 439.5838 796.5838 335.6994 309.4886 797.1169 32.89899 447.5315 794.9519 25.00001 312.4685 794.9519 328.56 450.5114 797.1169 320.661 332.909 798.1364 11.69778 431.3911 795.5013 11.69778 328.609 795.5013 341.8622 427.091 798.1364 341.8622 307.6637 798.4428 41.3176 450.5114 797.1169 32.89899 309.4886 797.1169 320.661 452.3363 798.4428 312.2424 337.5684 800.0664 11.69778 427.091 798.1364 11.69778 332.909 798.1364 341.8622 422.4316 800.0664 341.8622 307.0491 798.8893 50 452.3363 798.4428 41.3176 307.6637 798.4428 312.2424 452.9508 798.8893 303.56 316.8814 800.1187 25.00001 439.5838 796.5838 17.86062 320.4162 796.5838 335.6994 443.1186 800.1187 328.56 307.0491 798.8893 98.78 452.9508 798.8893 50 452.9508 798.8893 98.78 307.0491 798.8893 254.78 307.0491 798.8893 303.56 452.9508 798.8893 254.78 324.9865 800.4872 17.86062 435.0135 800.4872 335.6994 342.4723 801.2437 11.69778 422.4316 800.0664 11.69778 337.5684 800.0664 341.8622 417.5277 801.2437 341.8622 347.5 801.6394 11.69778 417.5277 801.2437 11.69778 342.4723 801.2437 341.8622 412.5 801.6394 341.8622 412.5 801.6394 11.69778 347.5 801.6394 341.8622 314.2769 802.7232 32.89899 443.1186 800.1187 25.00001 316.8814 800.1187 328.56 445.7232 802.7232 320.661 330.1112 803.6276 17.86062 435.0135 800.4872 17.86062 324.9865 800.4872 335.6994 429.8889 803.6276 335.6994 322.0482 804.5314 25.00001 437.9519 804.5314 328.56 312.6818 804.3182 41.3176 445.7232 802.7232 32.89899 314.2769 802.7232 320.661 447.3182 804.3182 312.2424 335.664 805.9276 17.86062 429.8889 803.6276 17.86062 330.1112 803.6276 335.6994 424.336 805.9276 335.6994 312.1447 804.8554 50 447.3182 804.3182 41.3176 312.6818 804.3182 312.2424 447.8553 804.8554 303.56 312.1447 804.8554 98.78 447.8553 804.8554 50 447.8553 804.8554 98.78 312.1447 804.8554 254.78 312.1447 804.8554 303.56 447.8553 804.8554 254.78 341.5082 807.3307 17.86062 424.336 805.9276 17.86062 335.664 805.9276 335.6994 418.4918 807.3307 335.6994 319.8831 807.5114 32.89899 437.9519 804.5314 25.00001 322.0482 804.5314 328.56 440.1169 807.5114 320.661 327.8416 808.0817 25.00001 432.1584 808.0817 328.56 347.5 807.8022 17.86062 418.4918 807.3307 17.86062 341.5082 807.3307 335.6994 412.5 807.8022 335.6994 412.5 807.8022 17.86062 347.5 807.8022 335.6994 318.5572 809.3363 41.3176 440.1169 807.5114 32.89899 319.8831 807.5114 320.661 441.4428 809.3363 312.2424 334.1192 810.682 25.00001 432.1584 808.0817 25.00001 327.8416 808.0817 328.56 425.8808 810.682 328.56 318.1108 809.9508 50 441.4428 809.3363 41.3176 318.5572 809.3363 312.2424 441.8893 809.9508 303.56 326.1694 811.3637 32.89899 433.8306 811.3637 320.661 318.1108 809.9508 98.78 441.8893 809.9508 50 441.8893 809.9508 98.78 318.1108 809.9508 254.78 318.1108 809.9508 303.56 441.8893 809.9508 254.78 340.7262 812.2681 25.00001 425.8808 810.682 25.00001 334.1192 810.682 328.56 419.2738 812.2681 328.56 347.5 812.8013 25.00001 419.2738 812.2681 25.00001 340.7262 812.2681 328.56 412.5 812.8013 328.56 325.1453 813.3735 41.3176 433.8306 811.3637 32.89899 326.1694 811.3637 320.661 434.8547 813.3735 312.2424 412.5 812.8013 25.00001 347.5 812.8013 328.56 332.981 814.185 32.89899 427.0191 814.185 320.661 324.8005 814.0503 50 434.8547 813.3735 41.3176 325.1453 813.3735 312.2424 435.1995 814.0503 303.56 324.8005 814.0503 98.78 435.1995 814.0503 50 435.1995 814.0503 98.78 324.8005 814.0503 254.78 324.8005 814.0503 303.56 435.1995 814.0503 254.78 340.15 815.9062 32.89899 427.0191 814.185 32.89899 332.981 814.185 320.661 419.85 815.9062 320.661 332.2839 816.3304 41.3176 427.7161 816.3304 312.2424 347.5 816.4846 32.89899 419.85 815.9062 32.89899 340.15 815.9062 320.661 412.5 816.4846 320.661 412.5 816.4846 32.89899 347.5 816.4846 320.661 332.0491 817.0529 50 427.7161 816.3304 41.3176 332.2839 816.3304 312.2424 427.9508 817.0529 303.56 332.0491 817.0529 98.78 427.9508 817.0529 50 427.9508 817.0529 98.78 332.0491 817.0529 254.78 332.0491 817.0529 303.56 427.9508 817.0529 254.78 339.7971 818.1342 41.3176 420.2029 818.1342 312.2424 347.5 818.7404 41.3176 420.2029 818.1342 41.3176 339.7971 818.1342 312.2424 412.5 818.7404 312.2424 339.6783 818.8845 50 420.3217 818.8845 303.56 412.5 818.7404 41.3176 347.5 818.7404 312.2424 339.6783 818.8845 98.78 420.3217 818.8845 50 420.3217 818.8845 98.78 339.6783 818.8845 254.78 339.6783 818.8845 303.56 420.3217 818.8845 254.78 347.5 819.5 50 412.5 819.5 303.56 412.5 819.5 50 347.5 819.5 303.56 347.5 819.5 98.78 412.5 819.5 98.78 347.5 819.5 254.78 412.5 819.5 254.78 312 825 176.78 313.0331 825 164.9719 316.1009 825 153.5226 321.1103 825 142.78 327.909 825 133.0704 336.2904 825 124.689 346 825 117.8903 356.7426 825 112.8809 368.1919 825 109.8131 380 825 108.78 403.2574 825 112.8809 414 825 117.8903 423.7096 825 124.689 432.091 825 133.0704 438.8897 825 142.78 446.9669 825 164.9719 443.8991 825 153.5226 391.8081 825 109.8131 391.8081 845 109.8131 380 845 108.78 368.1919 845 109.8131 403.2574 845 112.8809 356.7426 845 112.8809 414 845 117.8903 346 845 117.8903 423.7096 845 124.689 336.2904 845 124.689 432.091 845 133.0704 327.909 845 133.0704 438.8897 845 142.78 321.1103 845 142.78 443.8991 845 153.5226 316.1009 845 153.5226 446.9669 845 164.9719 313.0331 845 164.9719 448 825 176.78 448 845 176.78 446.9669 825 188.5881 446.9669 845 188.5881 313.0331 825 188.5881 312 845 176.78 316.1009 825 200.0374 313.0331 845 188.5881 443.8991 825 200.0374 443.8991 845 200.0374 321.1103 825 210.78 316.1009 845 200.0374 438.8897 825 210.78 438.8897 845 210.78 327.909 825 220.4896 321.1103 845 210.78 432.091 825 220.4896 432.091 845 220.4896 336.2904 825 228.871 327.909 845 220.4896 423.7096 825 228.871 423.7096 845 228.871 346 825 235.6697 336.2904 845 228.871 414 825 235.6697 414 845 235.6697 356.7426 825 240.6791 346 845 235.6697 403.2574 825 240.6791 403.2574 845 240.6791 368.1919 825 243.7469 356.7426 845 240.6791 391.8081 825 243.7469 391.8081 845 243.7469 380 825 244.78 368.1919 845 243.7469 380 845 244.78 391.6445 855.7662 110.7407 380 855.7662 109.7219 368.3555 855.7662 110.7407 402.9352 855.7662 113.766 357.0648 855.7662 113.766 413.529 855.7662 118.706 346.471 855.7662 118.706 423.1041 855.7662 125.4105 336.8959 855.7662 125.4105 431.3695 855.7662 133.6759 328.6305 855.7662 133.6759 438.074 855.7662 143.251 321.926 855.7662 143.251 443.014 855.7662 153.8448 316.986 855.7662 153.8448 446.0393 855.7662 165.1355 313.9607 855.7662 165.1355 447.0581 855.7662 176.78 312.9419 855.7662 176.78 446.0393 855.7662 188.4245 313.9607 855.7662 188.4245 443.014 855.7662 199.7152 316.986 855.7662 199.7152 438.074 855.7662 210.309 321.926 855.7662 210.309 431.3695 855.7662 219.8841 328.6305 855.7662 219.8841 423.1041 855.7662 228.1495 336.8959 855.7662 228.1495 413.529 855.7662 234.854 346.471 855.7662 234.854 402.9352 855.7662 239.794 357.0648 855.7662 239.794 391.6445 855.7662 242.8193 368.3555 855.7662 242.8193 380 855.7662 243.8381 391.1588 866.2053 113.4953 380 866.2053 112.5191 368.8412 866.2053 113.4953 401.9786 866.2053 116.3945 358.0215 866.2053 116.3945 412.1305 866.2053 121.1284 347.8695 866.2053 121.1284 421.3061 866.2053 127.5533 338.6939 866.2053 127.5533 429.2268 866.2053 135.4739 330.7733 866.2053 135.4739 435.6516 866.2053 144.6495 324.3484 866.2053 144.6495 440.3855 866.2053 154.8015 319.6145 866.2053 154.8015 443.2847 866.2053 165.6212 316.7153 866.2053 165.6212 444.2609 866.2053 176.78 315.7391 866.2053 176.78 443.2847 866.2053 187.9388 316.7153 866.2053 187.9388 440.3855 866.2053 198.7585 319.6145 866.2053 198.7585 435.6516 866.2053 208.9105 324.3484 866.2053 208.9105 429.2268 866.2053 218.0861 330.7733 866.2053 218.0861 421.3061 866.2053 226.0067 338.6939 866.2053 226.0067 412.1305 866.2053 232.4316 347.8695 866.2053 232.4316 401.9786 866.2053 237.1655 358.0215 866.2053 237.1655 391.1588 866.2053 240.0647 368.8412 866.2053 240.0647 380 866.2053 241.0409 390.3657 876 117.9933 380 876 117.0864 369.6343 876 117.9933 400.4164 876 120.6864 359.5836 876 120.6864 409.8468 876 125.0839 350.1532 876 125.0839 418.3703 876 131.0521 341.6297 876 131.0521 425.7279 876 138.4097 334.2721 876 138.4097 431.6961 876 146.9332 328.3038 876 146.9332 436.0936 876 156.3636 323.9064 876 156.3636 438.7867 876 166.4143 321.2133 876 166.4143 439.6936 876 176.78 320.3064 876 176.78 438.7867 876 187.1457 321.2133 876 187.1457 436.0936 876 197.1964 323.9064 876 197.1964 431.6961 876 206.6268 328.3038 876 206.6268 425.7279 876 215.1503 334.2721 876 215.1503 418.3703 876 222.5079 341.6297 876 222.5079 409.8468 876 228.4761 350.1532 876 228.4761 400.4164 876 232.8736 359.5836 876 232.8736 390.3657 876 235.5667 369.6343 876 235.5667 380 876 236.4736 389.2893 884.8529 124.098 380 884.8529 123.2853 370.7107 884.8529 124.098 398.2963 884.8529 126.5114 361.7037 884.8529 126.5114 406.7474 884.8529 130.4522 353.2526 884.8529 130.4522 414.3858 884.8529 135.8006 345.6142 884.8529 135.8006 420.9794 884.8529 142.3942 339.0206 884.8529 142.3942 426.3278 884.8529 150.0326 333.6722 884.8529 150.0326 430.2686 884.8529 158.4837 329.7314 884.8529 158.4837 432.682 884.8529 167.4907 327.3179 884.8529 167.4907 433.4948 884.8529 176.78 326.5053 884.8529 176.78 432.682 884.8529 186.0693 327.3179 884.8529 186.0693 430.2686 884.8529 195.0763 329.7314 884.8529 195.0763 426.3278 884.8529 203.5274 333.6722 884.8529 203.5274 420.9794 884.8529 211.1658 339.0206 884.8529 211.1658 414.3858 884.8529 217.7593 345.6142 884.8529 217.7593 406.7474 884.8529 223.1078 353.2526 884.8529 223.1078 398.2963 884.8529 227.0486 361.7037 884.8529 227.0486 389.2893 884.8529 229.462 370.7107 884.8529 229.462 380 884.8529 230.2747 387.9623 892.4948 131.6238 380 892.4948 130.9272 372.0377 892.4948 131.6238 395.6826 892.4948 133.6924 364.3174 892.4948 133.6924 402.9264 892.4948 137.0703 357.0736 892.4948 137.0703 409.4736 892.4948 141.6547 350.5264 892.4948 141.6547 415.1253 892.4948 147.3064 344.8747 892.4948 147.3064 419.7097 892.4948 153.8536 340.2903 892.4948 153.8536 423.0876 892.4948 161.0974 336.9124 892.4948 161.0974 425.1562 892.4948 168.8177 334.8438 892.4948 168.8177 425.8528 892.4948 176.78 334.1472 892.4948 176.78 425.1562 892.4948 184.7423 334.8438 892.4948 184.7423 423.0876 892.4948 192.4626 336.9124 892.4948 192.4626 419.7097 892.4948 199.7064 340.2903 892.4948 199.7064 415.1253 892.4948 206.2536 344.8747 892.4948 206.2536 409.4736 892.4948 211.9053 350.5264 892.4948 211.9053 402.9264 892.4948 216.4897 357.0736 892.4948 216.4897 395.6826 892.4948 219.8676 364.3174 892.4948 219.8676 387.9623 892.4948 221.9362 372.0377 892.4948 221.9362 380 892.4948 222.6328 386.425 898.6936 140.3421 380 898.6936 139.78 373.575 898.6936 140.3421 392.6548 898.6936 142.0114 367.3453 898.6936 142.0114 398.5 898.6936 144.7371 361.5 898.6936 144.7371 403.7832 898.6936 148.4364 356.2169 898.6936 148.4364 408.3436 898.6936 152.9969 351.6564 898.6936 152.9969 412.0429 898.6936 158.28 347.9571 898.6936 158.28 414.7686 898.6936 164.1253 345.2314 898.6936 164.1253 416.4379 898.6936 170.355 343.5621 898.6936 170.355 417 898.6936 176.78 343 898.6936 176.78 416.4379 898.6936 183.205 343.5621 898.6936 183.205 414.7686 898.6936 189.4347 345.2314 898.6936 189.4347 412.0429 898.6936 195.28 347.9571 898.6936 195.28 408.3436 898.6936 200.5631 351.6564 898.6936 200.5631 403.7832 898.6936 205.1236 356.2169 898.6936 205.1236 398.5 898.6936 208.8229 361.5 898.6936 208.8229 392.6548 898.6936 211.5486 367.3453 898.6936 211.5486 386.425 898.6936 213.2179 373.575 898.6936 213.2179 380 898.6936 213.78 384.7242 903.2609 149.9881 380 903.2609 149.5747 375.2759 903.2609 149.9881 389.3048 903.2609 151.2154 370.6953 903.2609 151.2154 393.6026 903.2609 153.2196 366.3974 903.2609 153.2196 397.4872 903.2609 155.9396 362.5128 903.2609 155.9396 400.8404 903.2609 159.2928 359.1596 903.2609 159.2928 403.5604 903.2609 163.1774 356.4396 903.2609 163.1774 405.5646 903.2609 167.4752 354.4354 903.2609 167.4752 406.7919 903.2609 172.0559 353.2081 903.2609 172.0559 407.2052 903.2609 176.78 352.7947 903.2609 176.78 406.7919 903.2609 181.5041 353.2081 903.2609 181.5041 405.5646 903.2609 186.0847 354.4354 903.2609 186.0847 403.5604 903.2609 190.3826 356.4396 903.2609 190.3826 400.8404 903.2609 194.2672 359.1596 903.2609 194.2672 397.4872 903.2609 197.6204 362.5128 903.2609 197.6204 393.6026 903.2609 200.3404 366.3974 903.2609 200.3404 389.3048 903.2609 202.3446 370.6953 903.2609 202.3446 384.7242 903.2609 203.5719 375.2759 903.2609 203.5719 380 903.2609 203.9852 382.9114 906.0581 160.2685 380 906.0581 160.0138 377.0886 906.0581 160.2685 385.7344 906.0581 161.0249 374.2656 906.0581 161.0249 388.3831 906.0581 162.2601 371.6169 906.0581 162.2601 390.7771 906.0581 163.9364 369.2229 906.0581 163.9364 392.8436 906.0581 166.0029 367.1564 906.0581 166.0029 394.5199 906.0581 168.3969 365.4801 906.0581 168.3969 395.7551 906.0581 171.0456 364.2449 906.0581 171.0456 396.5115 906.0581 173.8686 363.4885 906.0581 173.8686 396.7662 906.0581 176.78 363.2338 906.0581 176.78 396.5115 906.0581 179.6914 363.4885 906.0581 179.6914 395.7551 906.0581 182.5144 364.2449 906.0581 182.5144 394.5199 906.0581 185.1631 365.4801 906.0581 185.1631 392.8436 906.0581 187.5571 367.1564 906.0581 187.5571 390.7771 906.0581 189.6236 369.2229 906.0581 189.6236 388.3831 906.0581 191.2999 371.6169 906.0581 191.2999 385.7344 906.0581 192.5351 374.2656 906.0581 192.5351 382.9114 906.0581 193.2915 377.0886 906.0581 193.2915 380 906.0581 193.5462 381.0419 907 170.8712 380 907 170.78 378.9581 907 170.8712 382.0521 907 171.1418 377.9479 907 171.1418 383 907 171.5838 377 907 171.5838 383.8567 907 172.1837 376.1433 907 172.1837 384.5963 907 172.9233 375.4037 907 172.9233 385.1961 907 173.78 374.8038 907 173.78 385.6382 907 174.7279 374.3619 907 174.7279 385.9089 907 175.7381 374.0912 907 175.7381 386 907 176.78 374 907 176.78 385.9089 907 177.8219 374.0912 907 177.8219 385.6382 907 178.8321 374.3619 907 178.8321 385.1961 907 179.78 374.8038 907 179.78 384.5963 907 180.6367 375.4037 907 180.6367 383.8567 907 181.3763 376.1433 907 181.3763 383 907 181.9761 377 907 181.9761 382.0521 907 182.4181 377.9479 907 182.4181 381.0419 907 182.6888 378.9581 907 182.6888 380 907 182.78 380 907 176.78</float_array>
          <technique_common>
            <accessor source="#M-MAT-mesh-positions-array" count="2543" stride="3">
              <param name="X" type="float"/>
              <param name="Y" type="float"/>
              <param name="Z" type="float"/>
            </accessor>
          </technique_common>
        </source>
        <source id="M-MAT-mesh-normals">
          <float_array id="M-MAT-mesh-normals-array" count="14121">0 -1 0 0 -1 0 -1 0 0 0 0 -1 0 0 -1 1 0 0 0 0 1 0 1 0 0 1 -2.8232e-6 0 1 3.94645e-6 -0.529999 0 -0.8479984 0.529999 0 -0.8479984 0 1 -4.05466e-6 0 1 4.16299e-6 0.08715397 0 -0.9961948 -0.08716148 0 -0.9961942 0.0871607 0 -0.9961944 -0.2588179 0 -0.9659262 -0.0871548 0 -0.9961948 0.2588183 0 -0.9659261 0.2588183 0 -0.9659261 -0.4226245 0 -0.906305 0 1 -4.44326e-5 0.4226244 0 -0.906305 0.4226189 0 -0.9063076 -0.5735759 0 -0.8191525 -0.4226188 0 -0.9063075 0.5735759 0 -0.8191525 -0.7071024 0 -0.7071112 0.7071061 0 -0.7071076 0.7071093 0 -0.7071043 0.08714801 0 -0.9961954 -0.08716177 0 -0.9961942 0.08716177 0 -0.9961942 -0.2588251 0 -0.9659243 -0.08714801 0 -0.9961954 0.2588252 0 -0.9659242 0.2588121 0 -0.9659277 -0.8191542 0 -0.5735734 -0.7071057 0 -0.7071079 0 1 4.24607e-6 0.8191503 0 -0.5735791 0.8191525 0 -0.5735759 -0.4226256 0 -0.9063044 -0.2588123 0 -0.9659277 0.4226256 0 -0.9063044 0.4226143 0 -0.9063098 -0.5735815 0 -0.8191486 -0.4226143 0 -0.9063098 0.5735711 0 -0.8191559 -0.7071016 0 -0.707112 0.7071127 0 -0.7071009 -0.9063063 0 -0.4226217 -0.8191564 0 -0.5735704 0 1 -3.521e-6 0.9063091 0 -0.4226157 0.906309 0 -0.4226157 -0.8191468 0 -0.5735841 0.8191468 0 -0.5735841 0.8191514 0 -0.5735775 -0.9659271 0 -0.2588144 -0.9063062 0 -0.4226219 0 1 3.10229e-6 0.9659254 0 -0.2588205 0.965925 0 -0.2588221 -0.9063113 0 -0.4226108 -0.8191514 0 -0.5735775 0.9063114 0 -0.4226107 0.9063138 0 -0.4226055 -0.9659277 0 -0.2588122 -0.9063139 0 -0.4226053 0.9659222 0 -0.2588328 0.9659213 0 -0.2588363 -0.9961947 0 -0.08715599 -0.9659267 0 -0.2588161 0 1 -2.86251e-6 0.9961948 0 -0.08715593 0.9961947 0 -0.0871554 -0.9961938 0 -0.08716708 -0.9659268 0 -0.2588157 0.9961956 0 -0.0871452 0.9961956 0 -0.0871464 0 1 2.74581e-6 0.9961948 0 0.08715593 0.9961947 0 0.08715599 0.9961956 0 0.0871464 -0.9961937 0 0.08716833 -0.9961937 0 -0.08716833 0 1 -9.20899e-7 -0.9961947 0 0.08715599 -0.9961947 0 -0.08715534 0 1 3.041e-6 -0.9659268 0 0.2588157 0.9659213 0 0.2588362 0.9659221 0 0.2588328 0 1 3.17919e-7 -0.9659267 0 0.2588161 -0.9961948 0 0.08715593 0 1 -3.58074e-6 0.965925 0 0.2588222 0.9659255 0 0.2588204 0 1 -4.16299e-6 -0.9063138 0 0.4226055 -0.9659277 0 0.2588122 0.9063139 0 0.4226053 0.9063113 0 0.4226108 0 1 5.53547e-7 -0.8191514 0 0.5735775 -0.9063114 0 0.4226107 0.8191514 0 0.5735775 0.8191468 0 0.5735841 0 1 -6.97764e-7 -0.9063074 0 0.4226191 -0.9659271 0 0.2588145 0 1 3.60102e-6 0.9063102 0 0.422613 0.9063102 0 0.4226131 0 1 -6.13111e-7 -0.7071086 0 0.7071051 -0.8191468 0 0.5735841 0.7071196 0 0.707094 0.7071127 0 0.7071009 0 1 -1.3989e-7 -0.819152 0 0.5735766 -0.9063073 0 0.4226192 0.8191481 0 0.5735822 0.8191503 0 0.5735791 0 1 1.42806e-6 -0.5735815 0 0.8191486 -0.7071016 0 0.707112 0 1 2.8232e-6 0.5735711 0 0.8191559 0.5735617 0 0.8191624 0 1 1.78254e-6 -0.4226256 0 0.9063044 -0.5735722 0 0.8191552 0.4226256 0 0.9063044 0.4226143 0 0.9063098 0 1 -3.73165e-6 -0.2588251 0 0.9659243 -0.4226143 0 0.9063098 0.2588252 0 0.9659242 0.2588121 0 0.9659277 0 1 7.91397e-7 -0.7071092 0 0.7071045 -0.8191542 0 0.5735735 0 1 -4.04429e-6 0.7071128 0 0.7071008 0.7071026 0 0.7071111 0 1 1.9736e-5 -0.08715486 0 0.9961948 -0.2588123 0 0.9659277 0.08715486 0 0.9961948 0 1 0 0 1 7.75706e-7 -0.5735759 0 0.8191525 -0.707099 0 0.7071146 0 1 9.11901e-6 0.5735759 0 0.8191525 0.5735805 0 0.8191494 0 1 -6.57544e-7 -0.4226133 0 0.9063102 -0.5735805 0 0.8191494 0.4226132 0 0.9063102 0.4226245 0 0.906305 0 1 5.56099e-7 -0.2588179 0 0.9659262 -0.4226244 0 0.906305 0.2588183 0 0.9659261 0.2588183 0 0.9659261 0 1 -1.53514e-7 -0.08715474 0 0.9961948 0.08715397 0 0.9961948 0.0871607 0 0.9961944 -0.08716148 0 0.9961942 -0.529999 0 0.8479984 0.529999 0 0.8479984 0.08715832 0 -0.9961945 -0.08715343 0 -0.996195 0.08715343 0 -0.996195 -0.2588165 0 -0.9659265 -0.08715832 0 -0.9961945 0.2588179 0 -0.9659261 -0.4226223 0 -0.9063059 0.4226201 0 -0.9063069 0.422616 0 -0.9063088 -0.5735768 0 -0.8191519 -0.4226183 0 -0.9063078 0.5735768 0 -0.8191519 0.5735735 0 -0.8191542 -0.707111 0 -0.7071027 -0.5735735 0 -0.8191542 0.707111 0 -0.7071027 0.707106 0 -0.7071076 -0.8191514 0 -0.5735775 -0.707106 0 -0.7071076 0.819154 0 -0.5735736 0.8191524 0 -0.5735759 -0.9063068 0 -0.4226205 -0.8191497 0 -0.5735798 0.9063068 0 -0.4226205 0.9063076 0 -0.4226186 -0.9659262 0 -0.2588182 -0.9063076 0 -0.4226186 0.9659262 0 -0.2588182 0.9659258 0 -0.2588194 -0.9961951 0 -0.08715236 -0.9659258 0 -0.2588194 0.9961945 0 -0.0871582 0.9961945 0 0.0871582 -0.9961951 0 0.08715236 -0.9659258 0 0.2588194 0.9659258 0 0.2588194 0.9659262 0 0.2588182 -0.9063076 0 0.4226186 -0.9659262 0 0.2588182 0.9063076 0 0.4226186 0.9063068 0 0.4226205 -0.8191497 0 0.5735798 -0.9063068 0 0.4226205 0.8191524 0 0.5735759 0.819154 0 0.5735736 -0.707106 0 0.7071076 -0.8191514 0 0.5735775 0.707106 0 0.7071076 0.7071085 0 0.7071051 -0.5735768 0 0.8191519 -0.7071085 0 0.7071051 0.5735768 0 0.8191519 0.5735735 0 0.8191542 -0.4226223 0 0.9063059 -0.5735735 0 0.8191542 0.4226201 0 0.9063069 0.422616 0 0.9063088 -0.2588211 0 0.9659253 -0.4226183 0 0.9063078 0.2588226 0 0.965925 0.2588179 0 0.9659261 -0.08715832 0 0.9961945 -0.2588165 0 0.9659265 0.08715832 0 0.9961945 0.08715343 0 0.996195 -0.08715343 0 0.996195 0.0868448 0.08507591 -0.9925826 0.08683747 0.08511239 -0.9925801 -0.08684468 0.08509832 -0.9925807 -0.08683979 0.08510166 -0.9925808 -0.2578781 0.08511793 -0.9624208 0.2578921 0.08513772 -0.9624153 0.257878 0.08503836 -0.9624279 -0.2578884 0.08511531 -0.9624183 -0.4210715 0.08512258 -0.9030243 0.4211001 0.0851109 -0.9030122 0.4210625 0.08503741 -0.9030366 -0.4210945 0.08503603 -0.9030218 -0.5715029 0.08516633 -0.8161686 0.5714995 0.0852136 -0.816166 0.5714838 0.08519268 -0.8161793 -0.5714942 0.08508658 -0.8161831 -0.7045339 0.08505511 -0.7045549 0.7045474 0.08511328 -0.7045345 0.7045485 0.08498787 -0.7045485 -0.7045425 0.08519309 -0.7045296 -0.8161824 0.08510559 -0.5714921 0.8161835 0.08511084 -0.5714898 0.8161628 0.08519232 -0.5715072 -0.8161551 0.08519017 -0.5715187 -0.9030241 0.0851233 -0.4210718 0.903022 0.08511179 -0.4210789 0.9030123 0.08519202 -0.4210832 -0.9030283 0.08498597 -0.4210907 -0.9624383 0.08492344 -0.2578774 0.9624005 0.08531713 -0.2578882 0.9624312 0.08498787 -0.2578823 -0.9624143 0.08519393 -0.2578778 -0.9925899 0.08498442 -0.08685016 0.9925807 0.08511227 -0.08682948 0.992591 0.08498585 -0.0868358 -0.9925715 0.08519279 -0.0868563 -0.9925793 0.08511102 0.08684837 0.9925895 0.08500975 0.08683025 0.9925824 0.08508884 0.08683341 -0.9925891 0.08498674 0.08685785 -0.9624248 0.08508819 0.2578735 0.9624175 0.08511209 0.2578927 0.9624152 0.08519285 0.2578746 -0.9624312 0.08498787 0.2578823 -0.903025 0.08509594 0.4210754 0.9030269 0.08511227 0.4210682 0.9030074 0.08519154 0.4210939 -0.9030332 0.08498644 0.42108 -0.8161866 0.08509981 0.5714871 0.8161793 0.08511173 0.5714959 0.8161744 0.08508843 0.5715063 -0.816158 0.08508807 0.5715298 -0.7045443 0.08511453 0.7045374 0.7045539 0.08511251 0.704528 0.7045488 0.0850901 0.7045358 -0.7045488 0.0850901 0.7045358 -0.5714992 0.08506894 0.8161814 0.5714942 0.0852167 0.8161695 0.5714767 0.08508789 0.8161951 -0.5714888 0.08508968 0.8161866 -0.4210942 0.08511227 0.9030147 0.4210682 0.08511227 0.9030269 0.4210945 0.08503603 0.9030218 -0.4210732 0.08503699 0.9030317 -0.2578901 0.08512735 0.9624168 0.2578692 0.085087 0.962426 0.257901 0.08508932 0.9624173 -0.2578768 0.08508986 0.9624237 -0.08684563 0.08508318 0.9925819 0.0868377 0.08508014 0.9925828 0.08685761 0.08507579 0.9925815 -0.08685284 0.08507585 0.9925819 0.08433365 0.2528713 -0.9638175 0.08432239 0.2528357 -0.9638277 -0.08431082 0.2528418 -0.9638271 -0.08434599 0.2528472 -0.9638227 -0.250397 0.2528362 -0.9345455 0.2504135 0.2529047 -0.9345225 0.2503957 0.2528293 -0.9345477 -0.2504081 0.2528285 -0.9345446 -0.4088786 0.2529299 -0.8768379 0.4088908 0.2528986 -0.8768414 0.4088751 0.2528337 -0.8768674 -0.4088845 0.2528396 -0.8768613 -0.5549519 0.2528636 -0.7925203 0.5549525 0.2528444 -0.7925261 0.5549353 0.2528879 -0.7925242 -0.5549459 0.2527348 -0.7925656 -0.6841335 0.2528604 -0.6841222 0.6841434 0.2528463 -0.6841174 0.6840794 0.2529798 -0.684132 -0.6841413 0.2527874 -0.6841413 -0.7925408 0.2527972 -0.554953 0.7925423 0.2528455 -0.5549288 0.7925453 0.2527894 -0.5549501 -0.7925291 0.2528852 -0.5549295 -0.8768408 0.2529493 -0.4088606 0.8768772 0.2527457 -0.4089083 0.8768479 0.2528845 -0.4088853 -0.8768528 0.2528859 -0.4088743 -0.934523 0.2529232 -0.2503933 0.9345413 0.2528473 -0.2504016 0.9345303 0.2528843 -0.2504047 -0.9345769 0.25269 -0.2504273 -0.9638532 0.252733 -0.0843389 0.963801 0.2529415 -0.08431166 0.963841 0.2527866 -0.08431822 -0.9638134 0.2528846 -0.08434087 -0.9637991 0.252941 0.08433419 0.963801 0.2529415 0.08431166 0.9638411 0.2527866 0.08431702 -0.9638647 0.2526876 0.08434391 -0.9345267 0.252905 0.2503977 0.9345167 0.2529445 0.2503951 0.9345538 0.2527855 0.2504175 -0.9345553 0.2527859 0.2504114 -0.8768385 0.2529616 0.4088578 0.8768772 0.2527457 0.4089083 0.8768528 0.2528859 0.4088743 -0.8768479 0.2528845 0.4088853 -0.7925149 0.252934 0.5549275 0.792548 0.2528473 0.5549198 0.7925233 0.2528834 0.5549386 -0.7925502 0.2527868 0.5549443 -0.6841398 0.2528043 0.6841365 0.6841133 0.252939 0.6841133 0.6841038 0.2528836 0.6841433 -0.6841292 0.2528881 0.6841161 -0.5549351 0.2529073 0.7925181 0.5549435 0.2528462 0.7925317 0.5549518 0.2528368 0.7925289 -0.5549623 0.2526838 0.7925703 -0.4088802 0.2528806 0.8768515 0.4088706 0.2528942 0.876852 0.4088898 0.2527903 0.8768729 -0.4088751 0.2528337 0.8768674 -0.2504153 0.2528544 0.9345358 0.2504256 0.2529038 0.9345195 0.2504081 0.2528285 0.9345446 -0.2504142 0.2528347 0.9345413 -0.08432191 0.252862 0.9638209 0.08432191 0.2528581 0.963822 0.08432108 0.2528595 0.9638216 -0.08432185 0.2528604 0.9638213 0.07936179 0.4133711 -0.9070976 0.07935971 0.4133681 -0.9070992 -0.07936602 0.4133719 -0.9070969 -0.07935518 0.4133728 -0.9070974 -0.2356712 0.4133738 -0.8795347 0.2356736 0.4133368 -0.8795514 0.2356648 0.4133762 -0.8795353 -0.235668 0.4133531 -0.8795452 -0.3848174 0.4134065 -0.8252338 0.384832 0.4133301 -0.8252652 0.384824 0.4133445 -0.8252617 -0.3848327 0.4132999 -0.8252801 -0.5222572 0.4134552 -0.7458568 0.5223067 0.4133445 -0.7458835 0.5222566 0.4134371 -0.7458673 -0.5222847 0.4133464 -0.7458979 -0.6438568 0.4134022 -0.6438534 0.6438561 0.4134196 -0.6438429 0.6438642 0.4133529 -0.6438776 -0.6438665 0.4133457 -0.64388 -0.7458902 0.4133657 -0.5222803 0.7458711 0.413421 -0.5222638 0.7458866 0.4133476 -0.5222998 -0.7458919 0.4133505 -0.5222899 -0.8252809 0.4132919 -0.3848394 0.8252673 0.4133311 -0.3848264 0.8252531 0.413347 -0.3848398 -0.8252206 0.4134384 -0.3848112 -0.8794935 0.4134745 -0.2356479 0.8795191 0.4134145 -0.2356578 0.8795441 0.4133518 -0.2356749 -0.8795821 0.4132556 -0.2357016 -0.9070705 0.413429 -0.07937031 0.9070757 0.4134209 -0.07935214 0.9070668 0.4134403 -0.0793547 -0.9070646 0.4134454 -0.07935231 -0.9070767 0.4134154 0.07937085 0.9070783 0.4134161 0.07934796 0.9070665 0.4134401 0.07935804 -0.9070668 0.4134403 0.0793547 -0.8795221 0.4134057 0.2356622 0.8795514 0.4133368 0.2356736 0.8795093 0.4134368 0.2356552 -0.8795405 0.4133501 0.2356907 -0.8252897 0.4132766 0.3848369 0.8252631 0.413329 0.3848376 0.8252574 0.4133424 0.3848356 -0.8251882 0.4135231 0.3847898 -0.7458919 0.4133733 0.5222718 0.7459094 0.4133296 0.5222814 0.7458587 0.4134398 0.5222667 -0.7458926 0.4133434 0.5222945 -0.6438847 0.4133149 0.6438814 0.6438561 0.4134196 0.6438429 0.6438586 0.4133493 0.6438856 -0.6438378 0.413435 0.6438513 -0.5222658 0.4134648 0.7458454 0.5222887 0.4134303 0.7458485 0.5222749 0.4133492 0.7459031 -0.5222749 0.4133492 0.7459031 -0.3848074 0.4133906 0.8252463 0.3848097 0.4134184 0.8252313 0.3848126 0.4133467 0.825266 -0.3848155 0.4133892 0.8252434 -0.2356846 0.4133464 0.8795439 0.2356629 0.4133709 0.8795382 0.2356743 0.4133525 0.8795439 -0.2356521 0.4133775 0.8795381 -0.07936674 0.413389 0.907089 0.07935428 0.4133952 0.9070873 0.07936602 0.4133719 0.9070969 -0.07935303 0.4133684 0.9070997 0.0720843 0.5620285 -0.8239709 0.07209151 0.5620679 -0.8239433 -0.07208377 0.5620378 -0.8239646 -0.07209211 0.5620584 -0.8239497 -0.2140607 0.5620711 -0.7989081 0.2140618 0.5621102 -0.7988803 0.2140724 0.5620661 -0.7989085 -0.2140709 0.5620718 -0.798905 -0.3495512 0.5620628 -0.7495995 0.3495354 0.5620591 -0.7496097 0.3495458 0.5620893 -0.7495822 -0.3495445 0.5620539 -0.7496092 -0.4744026 0.5620343 -0.6775394 0.4743843 0.5620935 -0.6775032 0.4744294 0.5620187 -0.6775336 -0.4744145 0.5620568 -0.6775124 -0.5848573 0.5620532 -0.5848405 0.5848537 0.5620222 -0.5848739 0.5848426 0.5620878 -0.5848217 -0.5848423 0.5620452 -0.5848631 -0.6775296 0.5620323 -0.4744189 0.6775743 0.5619537 -0.4744483 0.6775063 0.5620843 -0.4743908 -0.6775404 0.5620071 -0.4744334 -0.7496397 0.5620024 -0.3495621 0.7495788 0.5620948 -0.3495443 0.7495938 0.5620875 -0.3495238 -0.7496467 0.5620055 -0.349542 -0.798835 0.5621713 -0.2140703 0.7988899 0.5620995 -0.2140545 0.7989479 0.5620136 -0.2140631 -0.7989999 0.5619291 -0.2140907 -0.8240095 0.5619711 -0.07208943 0.8240203 0.5619548 -0.07209372 0.8239324 0.5620836 -0.07209348 -0.8239335 0.5620843 -0.07207614 -0.8240201 0.5619547 0.07209712 0.8240205 0.5619549 0.07209038 0.8239322 0.5620834 0.07209694 -0.8239337 0.5620844 0.07207268 -0.7988474 0.5621538 0.2140701 0.7988839 0.5621047 0.2140632 0.7989047 0.5620847 0.2140374 -0.7989949 0.5619354 0.2140931 -0.7496673 0.5619574 0.3495752 0.7495663 0.5621007 0.3495614 0.7495999 0.5620816 0.3495202 -0.7495938 0.5620875 0.3495238 -0.6775615 0.5619779 0.4744379 0.6775369 0.5620248 0.4744173 0.6775442 0.5620044 0.4744312 -0.6775063 0.5620843 0.4743908 -0.5848648 0.5620129 0.5848715 0.5848318 0.5621025 0.5848184 0.5848285 0.5620809 0.5848424 -0.584838 0.5620901 0.5848242 -0.4743781 0.5621132 0.6774911 0.474413 0.5620198 0.6775442 0.4743997 0.5620949 0.6774913 -0.4744294 0.5620187 0.6775336 -0.349528 0.5621173 0.7495694 0.3495413 0.5620577 0.7496079 0.3495451 0.5620716 0.7495958 -0.3495689 0.5620262 0.7496187 -0.2140639 0.5620794 0.7989014 0.2140586 0.5620926 0.7988936 0.2140756 0.5620843 0.7988948 -0.2140742 0.5620527 0.7989175 -0.07208412 0.5620409 0.8239624 0.0720852 0.5620587 0.8239502 0.07208484 0.5620194 0.8239771 -0.0720846 0.5620682 0.8239437 0.06269764 0.6945537 -0.7167037 0.06271898 0.6945152 -0.7167392 -0.06271082 0.6945321 -0.7167235 -0.06270462 0.6945453 -0.7167113 -0.186209 0.6945234 -0.6949558 0.1862217 0.6945151 -0.6949607 0.1861965 0.6945382 -0.6949443 -0.1862083 0.6945202 -0.6949591 -0.3040533 0.6945335 -0.6520544 0.3040381 0.6945544 -0.6520392 0.3041002 0.6944396 -0.6521325 -0.3040634 0.6945297 -0.6520537 -0.4126512 0.6945503 -0.5893376 0.4126392 0.6945697 -0.5893234 0.4126927 0.6944873 -0.5893828 -0.4126499 0.6945435 -0.5893466 -0.5087286 0.6945561 -0.5087112 0.5087733 0.6944779 -0.5087733 0.5087203 0.6945502 -0.5087276 -0.5087613 0.6944901 -0.5087686 -0.5893411 0.6945348 -0.4126725 0.5893456 0.694532 -0.4126707 0.5893312 0.6945595 -0.4126449 -0.5893359 0.6945566 -0.4126432 -0.6520295 0.6945598 -0.3040465 0.6520988 0.6944805 -0.3040789 0.6520372 0.6945547 -0.3040418 -0.6520386 0.6945562 -0.3040352 -0.6949235 0.6945546 -0.1862131 0.6949965 0.6944814 -0.1862137 0.6948671 0.6946133 -0.1862046 -0.6949219 0.6945592 -0.1862022 -0.716658 0.6946007 -0.06269878 0.7166678 0.6945894 -0.0627129 0.7168163 0.6944369 -0.06270587 -0.7167614 0.6944927 -0.06271499 -0.7167204 0.6945359 0.0627042 0.7167719 0.6944811 0.06272327 0.7167042 0.6945534 0.06269544 -0.7166999 0.6945562 0.06271386 -0.6948931 0.6945868 0.1862069 0.6948845 0.6945991 0.1861925 0.6949835 0.6944902 0.1862293 -0.6949254 0.6945555 0.186203 -0.6520415 0.6945503 0.3040424 0.6520524 0.694535 0.304054 0.6520883 0.6944931 0.3040728 -0.6520828 0.6945027 0.3040626 -0.5893172 0.694568 0.4126508 0.5893411 0.6945348 0.4126725 0.5893359 0.6945566 0.4126432 -0.5893751 0.6944953 0.4126902 -0.5087375 0.6945405 0.5087236 0.5087411 0.6945454 0.5087133 0.5087409 0.6945202 0.5087481 -0.5087613 0.6944901 0.5087686 -0.4126462 0.6945538 0.5893371 0.4126768 0.69451 0.5893673 0.4126666 0.6945135 0.5893703 -0.4126595 0.6945474 0.5893353 -0.3040336 0.694572 0.6520226 0.3040616 0.6944968 0.6520897 0.3040696 0.6945146 0.6520668 -0.3040814 0.6945128 0.6520633 -0.1862123 0.6945356 0.6949428 0.1862109 0.6945305 0.6949481 0.1862125 0.6945034 0.6949748 -0.186204 0.6945081 0.6949723 -0.06270456 0.6945398 0.7167167 0.06270521 0.6945378 0.7167185 0.06271082 0.6945321 0.7167235 -0.06270927 0.6945455 0.7167106 0.05148154 0.8069097 -0.588427 0.05147802 0.8069242 -0.5884076 -0.05148094 0.8069149 -0.5884202 -0.05147927 0.8069135 -0.5884221 -0.1528736 0.8069357 -0.5705125 0.1528745 0.8069407 -0.5705052 0.1528781 0.8069058 -0.5705536 -0.1528788 0.8069038 -0.5705563 -0.2496199 0.8069299 -0.5353077 0.2496018 0.8069587 -0.5352727 0.2496132 0.8069169 -0.5353302 -0.2496173 0.8069302 -0.5353084 -0.3388026 0.8068901 -0.4838815 0.3388098 0.8069071 -0.4838481 0.3387826 0.8069194 -0.4838464 -0.3387876 0.8069313 -0.4838231 -0.4176495 0.806935 -0.4176422 0.4176384 0.8069427 -0.4176384 0.4176893 0.806886 -0.4176969 -0.4176481 0.8069286 -0.4176558 -0.4838544 0.8069152 -0.3387815 0.4839181 0.8068592 -0.3388239 0.4837884 0.8069701 -0.3387449 -0.4837801 0.8069689 -0.3387597 -0.5353362 0.8069128 -0.2496135 0.5352466 0.8069774 -0.2495969 0.5353084 0.8069302 -0.2496173 -0.535303 0.8069335 -0.2496183 -0.5705314 0.8069223 -0.1528738 0.5705101 0.8069356 -0.1528826 0.5706329 0.8068456 -0.1528999 -0.5705766 0.806888 -0.1528863 -0.5884408 0.8068996 -0.05148273 0.588448 0.806895 -0.05147427 0.5884029 0.806928 -0.05147063 -0.5884024 0.8069275 -0.05148583 -0.5884475 0.8068943 0.0514906 0.5884482 0.8068952 0.05146706 0.5883979 0.8069317 0.05147087 -0.5883975 0.8069311 0.05148607 -0.5705181 0.8069325 0.1528702 0.5706177 0.8068555 0.1529042 0.5705204 0.8069307 0.1528712 -0.5705767 0.8068881 0.1528849 -0.5353801 0.8068773 0.249634 0.5352916 0.80694 0.2496213 0.5352612 0.8069694 0.2495917 -0.5352502 0.806976 0.2495937 -0.4838476 0.8069183 0.338784 0.4838274 0.8069403 0.3387604 0.4838336 0.8069233 0.3387918 -0.4838302 0.8069305 0.3387796 -0.4176235 0.806958 0.4176235 0.4176445 0.8069403 0.4176372 0.4176687 0.8069073 0.4176763 -0.4176893 0.806886 0.4176969 -0.3387801 0.8069233 0.4838419 0.3387892 0.806916 0.4838476 0.3388043 0.8069101 0.483847 -0.3388184 0.8068828 0.4838824 -0.2496154 0.8069446 0.5352874 0.2495979 0.8069461 0.5352934 0.2496173 0.8069302 0.5353084 -0.2496132 0.8069169 0.5353302 -0.1528814 0.8069188 0.5705344 0.1528745 0.8069407 0.5705052 0.1528762 0.8069111 0.5705466 -0.1528705 0.8069271 0.5705255 -0.05148005 0.8069301 0.5883992 0.05147927 0.8069135 0.5884221 0.05148875 0.8069095 0.5884268 -0.05148816 0.8069025 0.5884364 0.03872805 0.895823 -0.4427202 0.03873372 0.8958059 -0.4427546 -0.03872638 0.8958112 -0.4427446 -0.0387361 0.8957992 -0.4427677 -0.1150308 0.8958168 -0.4292786 0.1150283 0.8958281 -0.429256 0.1150291 0.8957874 -0.4293407 -0.1150315 0.8957982 -0.4293174 -0.1878226 0.89582 -0.402777 0.1878432 0.8957958 -0.4028211 0.1878232 0.8958082 -0.4028028 -0.1878232 0.8958082 -0.4028028 -0.2549118 0.8958215 -0.3640382 0.2549165 0.8958244 -0.3640279 0.2549094 0.8958113 -0.364065 -0.2549295 0.8958029 -0.3640717 -0.3142734 0.8958105 -0.3142544 0.3142582 0.8958172 -0.3142505 0.3142896 0.8957868 -0.3143057 -0.3142401 0.8958286 -0.3142361 -0.3640614 0.8958105 -0.2549174 0.3640953 0.895793 -0.2549309 0.3640033 0.8958389 -0.2549006 -0.3640302 0.8958303 -0.2548924 -0.4027903 0.8958157 -0.1878141 0.4028345 0.8957917 -0.1878346 0.402829 0.8957908 -0.1878508 -0.4028283 0.8957893 -0.1878587 -0.4292455 0.895834 -0.1150212 0.4292342 0.8958408 -0.1150105 0.4293256 0.8957924 -0.1150462 -0.4293262 0.8957937 -0.1150342 -0.4427447 0.8958107 -0.03873586 0.4427387 0.895814 -0.0387296 0.4427866 0.8957896 -0.03874391 -0.4427866 0.8957896 -0.03874391 -0.4427809 0.8957927 0.03873968 0.4427387 0.895814 0.0387296 0.4427801 0.8957928 0.03874403 -0.4427353 0.8958152 0.03873944 -0.4292756 0.8958204 0.115014 0.4292337 0.8958399 0.115018 0.4293328 0.8957906 0.1150338 -0.4292824 0.8958149 0.1150324 -0.4027729 0.8958246 0.1878095 0.4028409 0.8957889 0.1878341 0.4028216 0.8957923 0.1878592 -0.4028358 0.8957878 0.1878502 -0.3640903 0.895796 0.2549273 0.3640938 0.8957895 0.2549451 0.3640443 0.8958202 0.2549079 -0.3639998 0.8958402 0.2549011 -0.3142589 0.8958194 0.3142437 0.3142582 0.8958172 0.3142505 0.3142547 0.8958169 0.3142547 -0.3142911 0.8957914 0.3142911 -0.2549408 0.8958011 0.3640681 0.2549129 0.8958253 0.3640282 0.2549147 0.8958157 0.3640506 -0.2548822 0.8958308 0.3640365 -0.1878337 0.8958121 0.4027894 0.1878329 0.8958079 0.402799 0.1878221 0.8958057 0.402809 -0.1877976 0.8958345 0.4027565 -0.1150384 0.8958156 0.4292793 0.1150262 0.8958106 0.4292929 0.1150314 0.8958058 0.4293016 -0.1150267 0.8958002 0.4293144 -0.03873807 0.895816 0.4427337 0.03874069 0.895812 0.4427416 0.03872966 0.895814 0.4427385 -0.03873318 0.895793 0.4427806 0.02484112 0.958516 -0.2839543 0.0248416 0.9585162 -0.2839535 -0.02483844 0.9585252 -0.2839235 -0.02484077 0.9585191 -0.2839441 -0.07376766 0.9585186 -0.275319 0.07377016 0.9585182 -0.2753201 0.07377225 0.9585241 -0.2752987 -0.07376927 0.9585375 -0.2752529 -0.1204612 0.958507 -0.2583673 0.1204543 0.9585162 -0.2583361 0.1204484 0.9585326 -0.2582782 -0.120459 0.9585298 -0.2582834 -0.163472 0.9585219 -0.2334799 0.1634781 0.9585255 -0.2334604 0.1634942 0.9585173 -0.2334827 -0.1634827 0.9585191 -0.2334836 -0.2015744 0.9585052 -0.2015825 0.2015267 0.9585245 -0.2015389 0.2015548 0.9585152 -0.2015548 -0.2015246 0.9585307 -0.2015116 -0.2335084 0.9585099 -0.1635016 0.2334898 0.9585148 -0.1634995 0.2334601 0.9585273 -0.163468 -0.2334705 0.9585186 -0.1635043 -0.258317 0.9585203 -0.1204629 0.2583371 0.9585149 -0.1204622 0.2582945 0.9585291 -0.1204415 -0.2583335 0.9585189 -0.1204382 -0.2752905 0.9585265 -0.07377141 0.27526 0.9585359 -0.07376217 0.2753228 0.9585179 -0.07376307 -0.2753266 0.9585157 -0.07377588 -0.28391 0.9585293 -0.02483534 0.2839188 0.9585266 -0.02483808 0.2839535 0.9585161 -0.02484589 -0.2839535 0.9585161 -0.02484589 -0.2839188 0.9585266 0.02483606 0.2839188 0.9585266 0.02483808 0.2839535 0.9585161 0.02484589 -0.2839535 0.9585161 0.02484589 -0.2753028 0.9585227 0.07377362 0.2752943 0.9585254 0.07377129 0.275286 0.9585282 0.07376623 -0.2753228 0.9585179 0.07376307 -0.258333 0.958515 0.1204704 0.258305 0.9585255 0.1204473 0.2583324 0.9585149 0.1204723 -0.2583029 0.9585279 0.1204327 -0.2334786 0.9585183 0.1634945 0.2334942 0.9585164 0.1634836 0.2334523 0.9585307 0.1634598 -0.2334908 0.9585148 0.1634981 -0.2015514 0.9585123 0.2015717 0.2015228 0.9585252 0.201539 0.2015407 0.9585175 0.2015581 -0.2015246 0.9585307 0.2015116 -0.1634656 0.9585255 0.2334691 0.1634808 0.9585176 0.2334908 0.1635003 0.9585185 0.2334741 -0.1634942 0.9585173 0.2334827 -0.1204501 0.9585157 0.2583401 0.1204493 0.9585087 0.2583665 0.120454 0.9585333 0.2582727 -0.1204644 0.9585213 0.2583125 -0.07376295 0.9585218 0.2753094 0.07377415 0.9585179 0.2753199 0.07376974 0.9585269 0.2752895 -0.07377725 0.9585329 0.2752665 -0.024836 0.9585222 0.2839337 0.02483558 0.958522 0.2839347 0.02484267 0.9585108 0.283972 -0.02483993 0.9585219 0.2839347 0.01020872 0.9931124 -0.1167206 0.01020979 0.9931193 -0.116662 -0.01020854 0.9931126 -0.1167186 -0.01021015 0.9931187 -0.1166663 -0.0303204 0.9931124 -0.113175 0.03031712 0.9931117 -0.1131818 0.03031915 0.9931158 -0.1131457 -0.03031581 0.9931184 -0.1131231 -0.04950791 0.9931108 -0.1062068 0.04950243 0.9931138 -0.1061824 0.04951542 0.9931154 -0.1061601 -0.04950958 0.9931206 -0.1061154 -0.06718641 0.9931129 -0.09598308 0.06719118 0.9931136 -0.09597253 0.06719857 0.9931145 -0.09595805 -0.06719374 0.9931173 -0.09593242 -0.08283817 0.9931148 -0.08283168 0.08282166 0.9931159 -0.08283466 0.08284187 0.9931139 -0.08283716 -0.08283334 0.9931144 -0.08284032 -0.09596294 0.9931138 -0.06720221 0.09596627 0.9931139 -0.06719589 0.09596955 0.9931134 -0.06719851 -0.09595549 0.9931167 -0.06717002 -0.1061704 0.9931147 -0.04951024 0.106163 0.9931152 -0.04951548 0.1061786 0.9931144 -0.04949903 -0.106155 0.9931174 -0.049488 -0.1131359 0.9931172 -0.03030979 0.1131615 0.9931141 -0.03031605 0.1131465 0.993116 -0.03030759 -0.1131655 0.9931133 -0.03032606 -0.1167024 0.9931145 -0.01021748 0.1167074 0.9931138 -0.0102179 0.1166919 0.9931157 -0.01020973 -0.1166919 0.9931159 -0.01020038 -0.1166914 0.9931157 0.01021647 0.1166914 0.9931157 0.01021647 0.1167092 0.9931136 0.01022058 -0.1167092 0.9931138 0.01020193 -0.1131507 0.9931151 0.03032183 0.1131438 0.9931161 0.03031188 0.1131656 0.9931138 0.03030741 -0.1131632 0.9931138 0.03031671 -0.1061664 0.9931147 0.04951804 0.1061777 0.9931136 0.04951363 0.106155 0.9931174 0.049488 -0.1061809 0.9931139 0.04950249 -0.09594649 0.9931167 0.067182 0.09596627 0.9931139 0.06719589 0.09596717 0.9931124 0.06721711 -0.09596729 0.9931137 0.06719851 -0.08284384 0.993113 0.08284598 0.08283305 0.9931139 0.08284604 0.08283567 0.9931142 0.08284032 -0.08282732 0.993117 0.08281564 -0.06718641 0.9931149 0.09596264 0.06718438 0.9931148 0.09596598 0.06720101 0.9931162 0.09593951 -0.06719624 0.9931147 0.09595805 -0.04950457 0.9931136 0.1061823 0.04950797 0.9931127 0.1061897 0.04951119 0.9931201 0.1061188 -0.0495131 0.9931156 0.1061601 -0.03031826 0.9931121 0.1131779 0.03031933 0.9931147 0.1131554 0.030321 0.993118 0.1131252 -0.03032147 0.9931169 0.1131356 -0.01020848 0.9931113 0.1167293 0.01021009 0.9931145 0.1167032 0.01020872 0.9931163 0.1166864 -0.01020979 0.9931193 0.116662 0.01020878 0.9931208 -0.1166485 -0.0102086 0.9931147 -0.1167012 -0.01020997 0.9931211 -0.1166458 -0.03032046 0.9931068 -0.1132242 -0.03031104 0.9931221 -0.1130921 0.03031527 0.9931208 -0.1131026 0.01021003 0.9931042 -0.1167901 -0.04950195 0.9931121 -0.1061978 -0.04950857 0.9931153 -0.1061654 0.04950857 0.9931153 -0.1061654 0.03031778 0.9931156 -0.1131476 -0.06719458 0.9931118 -0.09598922 -0.06718975 0.9931156 -0.09595453 0.06718826 0.9931156 -0.09595453 0.04950451 0.9931153 -0.1061673 -0.08284056 0.9931125 -0.08285558 -0.08281582 0.99312 -0.08279103 0.08281868 0.9931197 -0.08279103 0.06717038 0.9931169 -0.09595257 -0.09593325 0.9931178 -0.06718569 -0.09597551 0.993116 -0.06715279 0.09597551 0.993116 -0.06715279 0.08282941 0.9931111 -0.08288347 -0.1061956 0.99311 -0.04954838 -0.106188 0.9931132 -0.04950171 0.106188 0.9931132 -0.04950171 0.09593546 0.9931166 -0.06719928 -0.1131464 0.9931158 -0.03031706 -0.1131309 0.9931176 -0.03031235 0.1131295 0.9931182 -0.03030073 0.1061905 0.9931101 -0.04955804 -0.1166326 0.9931229 -0.01019263 -0.1167185 0.9931126 -0.01021277 0.1166321 0.993123 -0.01019358 0.11316 0.9931138 -0.03033232 -0.1166815 0.9931168 0.0102207 -0.1166753 0.9931179 0.01018565 0.1166752 0.9931177 0.01020318 0.1167231 0.993112 -0.0102126 -0.1131274 0.9931177 0.03032398 -0.1131309 0.993118 0.03030067 0.1131295 0.9931182 0.03030073 0.1166633 0.9931191 0.01020705 -0.1061788 0.9931116 0.04955333 -0.1061474 0.9931196 0.04946017 0.1061851 0.9931135 0.04950177 0.113137 0.9931169 0.03031414 -0.09594005 0.993116 0.0672025 -0.09595918 0.9931184 0.0671404 0.09594142 0.993121 0.06712794 0.1061804 0.993112 0.04954129 -0.0828312 0.993115 0.08283573 -0.08283263 0.9931172 0.08280634 0.08283263 0.9931172 0.08280634 0.09592407 0.9931191 0.06717932 -0.06719911 0.9931088 0.09601765 -0.06717902 0.9931223 0.09589052 0.06716656 0.9931249 0.09587281 0.0828191 0.9931139 0.08285969 -0.04950523 0.9931116 0.1062021 -0.0494982 0.9931228 0.1060997 0.04949676 0.9931228 0.1060997 0.06719267 0.9931094 0.09601444 -0.03031742 0.9931047 0.1132425 -0.03031599 0.9931204 0.1131052 0.03031247 0.9931221 0.1130921 0.04950904 0.9931102 0.1062131 -0.01021111 0.9931132 0.1167134 -0.0102083 0.9931215 0.1166431 0.03031778 0.9931156 0.1131476 0.0102083 0.9931215 0.1166431 0.01021105 0.9931041 0.1167905 0.02484077 0.958546 -0.2838533 -0.02483594 0.9585124 -0.2839669 -0.02484434 0.9585255 -0.283922 -0.07375502 0.9585118 -0.2753458 -0.07376623 0.9585588 -0.2751793 0.0737515 0.9585416 -0.2752429 0.02484244 0.9585249 -0.2839241 -0.1204524 0.9585094 -0.2583622 -0.1204429 0.9585418 -0.2582465 0.1204488 0.9585411 -0.2582463 0.07375127 0.9585309 -0.2752806 -0.1634728 0.9585248 -0.2334671 -0.1634288 0.9585518 -0.2333873 0.163495 0.9585196 -0.2334732 0.120451 0.9584984 -0.2584036 -0.2015338 0.9585215 -0.2015463 -0.201522 0.9585341 -0.2014979 0.201524 0.9585433 -0.2014518 0.1634437 0.9585393 -0.2334281 -0.2334218 0.9585387 -0.163456 -0.2334101 0.9585464 -0.1634279 0.2334043 0.9585477 -0.1634281 0.2014942 0.9585316 -0.2015376 -0.2582676 0.9585356 -0.1204463 -0.2582445 0.9585483 -0.1203955 0.2582389 0.9585497 -0.1203957 0.2334883 0.9585132 -0.1635106 -0.2752566 0.9585369 -0.07376217 -0.2752286 0.9585459 -0.07375043 0.2753304 0.9585159 -0.07375973 0.2583103 0.958522 -0.1204633 -0.2838761 0.9585393 -0.02483958 -0.2840627 0.9584838 -0.02484619 0.2838531 0.958546 -0.02483987 0.2752629 0.9585341 -0.0737763 -0.2839233 0.9585251 0.02484375 -0.2839578 0.9585149 0.02484303 0.2838587 0.9585446 0.02483385 0.2839233 0.9585251 -0.02484375 -0.2752631 0.9585349 0.07376396 -0.2752284 0.9585455 0.07375645 0.275336 0.9585143 0.07375961 0.2840426 0.9584895 0.02485471 -0.2583283 0.9585165 0.1204689 -0.2582865 0.9585341 0.1204178 0.2582445 0.9585483 0.1203955 0.275264 0.9585345 0.07376581 -0.2334602 0.9585226 0.1634953 -0.2334101 0.9585464 0.1634279 0.2335018 0.9585137 0.1634879 0.2583225 0.958518 0.120469 -0.2015261 0.9585142 0.2015881 -0.2015297 0.9585422 0.2014515 0.201522 0.9585341 0.2014979 0.2334599 0.9585221 0.1634994 -0.1634129 0.9585441 0.2334303 -0.1634725 0.958545 0.2333844 0.163459 0.9585361 0.2334303 0.2015151 0.9585319 0.2015151 -0.1204339 0.9585103 0.2583677 -0.1204488 0.9585411 0.2582463 0.1204591 0.9585269 0.2582943 0.1634655 0.9585316 0.2334442 -0.07376176 0.9585188 0.2753199 -0.07376199 0.9585573 0.2751857 0.07375067 0.958549 0.2752174 0.1204467 0.9585134 0.2583499 -0.02484124 0.9585289 0.2839106 -0.02484434 0.9585255 0.283922 0.0737515 0.9585158 0.2753327 0.02484506 0.9585517 0.2838336 0.02484446 0.9585042 0.2839939 0.0387358 0.8958142 -0.4427374 -0.03872418 0.895811 -0.4427449 -0.03873664 0.8958094 -0.4427472 -0.115033 0.8957889 -0.4293365 -0.1150176 0.8958432 -0.4292272 0.1150376 0.8958033 -0.4293052 0.03872644 0.8958117 -0.4427433 -0.1878345 0.89577 -0.4028825 -0.1878094 0.8958724 -0.4026666 0.1878488 0.8958323 -0.4027377 0.1150115 0.8958227 -0.4292718 -0.2549069 0.8958212 -0.3640424 -0.2549755 0.895756 -0.3641551 0.2549301 0.8957951 -0.3640903 0.1878108 0.8957901 -0.4028488 -0.3143209 0.8957526 -0.314372 -0.3142254 0.8958462 -0.3142006 0.3143923 0.8957443 -0.3143241 0.254918 0.8958091 -0.3640645 -0.3639765 0.8958479 -0.2549074 -0.3640745 0.8958173 -0.2548745 0.3640084 0.8958375 -0.2548982 0.3142391 0.8958078 -0.3142966 -0.4026702 0.8958697 -0.1878144 -0.4029498 0.8957278 -0.1878915 0.4028099 0.8957998 -0.1878482 0.3640912 0.895788 -0.2549539 -0.4292777 0.8958173 -0.1150301 -0.4293055 0.895804 -0.1150315 0.4291634 0.8958781 -0.1149839 0.4027249 0.8958525 -0.187779 -0.4426838 0.8958412 -0.03872632 -0.4427622 0.895802 -0.03873634 0.4427722 0.8957971 -0.0387361 0.4293539 0.8957729 -0.1150923 -0.4428051 0.8957802 0.03875082 -0.44261 0.8958781 0.03871625 0.4426049 0.8958804 0.03872257 0.4428053 0.8957806 -0.03873807 -0.4291599 0.8958792 0.1149892 -0.4294685 0.8957214 0.1150656 0.4293109 0.8958022 0.1150251 0.4429625 0.8957023 0.0387513 -0.4027827 0.8958136 0.1878413 -0.4027435 0.8958368 0.1878143 0.4028221 0.8957995 0.1878233 0.429251 0.8958259 0.115063 -0.36399 0.8958458 0.2548958 -0.364083 0.8958077 0.2548965 0.3640776 0.8958098 0.2548971 0.4027322 0.8958432 0.187808 -0.3142407 0.8957977 0.3143237 -0.3142806 0.8958228 0.3142124 0.3142757 0.8958088 0.3142571 0.364061 0.8958004 0.2549538 -0.2549414 0.8957889 0.3640979 -0.2549301 0.8957951 0.3640903 0.2549301 0.8957951 0.3640903 0.3143439 0.8957343 0.3144014 -0.1878108 0.8957901 0.4028488 -0.1878321 0.8958518 0.4027019 0.1878094 0.8958724 0.4026666 0.2549069 0.8958212 0.3640424 -0.1150168 0.8958126 0.4292914 -0.1150288 0.8958328 0.429246 0.1150254 0.8958046 0.4293058 0.1878431 0.8957599 0.402901 -0.03873258 0.8958072 0.4427522 -0.03873491 0.8958191 0.4427276 0.1150182 0.895825 0.4292649 0.0387358 0.8958142 0.4427374 0.03873056 0.8958109 0.4427447 0.05148875 0.806892 -0.5884508 -0.05148392 0.8068886 -0.5884558 -0.05148404 0.8068946 -0.5884478 -0.152877 0.8068907 -0.5705751 -0.152886 0.8068806 -0.5705872 0.1528861 0.8068465 -0.5706353 0.05148088 0.8068929 -0.5884502 -0.2496596 0.8068713 -0.5353773 -0.2495972 0.8069626 -0.5352688 0.2496503 0.8068887 -0.5353553 0.1528775 0.8069289 -0.5705212 -0.3387615 0.8069587 -0.4837959 -0.3387405 0.806942 -0.4838384 0.3388273 0.8068836 -0.4838749 0.249616 0.8069303 -0.5353087 -0.4177106 0.8068815 -0.4176843 -0.4177129 0.8068787 -0.4176874 0.417653 0.8069672 -0.4175764 0.3387723 0.8069421 -0.4838161 -0.4838967 0.8068709 -0.3388262 -0.4838909 0.8068891 -0.3387913 0.483793 0.8069515 -0.3387827 0.4176894 0.8068932 -0.4176828 -0.535338 0.8069057 -0.2496327 -0.5351938 0.8070151 -0.2495886 0.535541 0.8067407 -0.249731 0.4839079 0.8068677 -0.3388183 -0.5702751 0.8071101 -0.1528387 -0.5709538 0.8065995 -0.1530004 0.5703894 0.8070274 -0.1528491 0.5351695 0.8070518 -0.2495218 -0.5884936 0.8068616 -0.05147415 -0.5884629 0.8068831 -0.05148983 0.5882779 0.8070203 -0.05145341 0.5707075 0.8067899 -0.1529152 -0.5884309 0.8069069 0.05148178 -0.5884629 0.8068831 0.05148983 0.5882695 0.8070263 0.05145376 0.5882229 0.8070597 -0.05146473 -0.5704805 0.8069546 0.1528937 -0.5707741 0.8067363 0.1529489 0.570398 0.8070215 0.1528481 0.5882627 0.8070306 0.05146706 -0.5351244 0.8070824 0.24952 -0.5354584 0.8068012 0.249712 0.535541 0.8067407 0.249731 0.5708224 0.8067028 0.1529459 -0.4839285 0.8068494 0.3388326 -0.4839707 0.8068178 0.3388471 0.483793 0.8069515 0.3387827 0.5351921 0.8070335 0.2495324 -0.4177583 0.8068152 0.4177649 -0.4177113 0.8069003 0.4176475 0.4175542 0.8070298 0.4175542 0.4839228 0.8068444 0.3388523 -0.338761 0.8069362 0.4838336 -0.3387601 0.8069584 0.4837972 0.3388077 0.8068673 0.4839161 0.4176928 0.8068999 0.4176666 -0.2496283 0.8069277 0.5353069 -0.2496503 0.8068887 0.5353553 0.2496092 0.8069601 0.5352672 0.3387871 0.8069461 0.4837988 -0.1528711 0.8069121 0.5705465 -0.1528922 0.8068628 0.5706107 0.1528986 0.806845 0.5706342 0.249649 0.8068896 0.5353546 -0.05148088 0.8068929 0.5884502 -0.05148875 0.806892 0.5884508 0.1528706 0.806909 0.5705509 0.0514872 0.8068677 0.5884842 0.05148178 0.8069069 0.5884309 0.06270962 0.694529 -0.7167267 -0.06271523 0.6944931 -0.7167608 -0.06269425 0.6945567 -0.716701 -0.1862238 0.6945006 -0.6949746 -0.1861805 0.6946122 -0.6948746 0.1862194 0.6945545 -0.6949219 0.06269669 0.6945444 -0.7167128 -0.3041113 0.6944737 -0.6520911 -0.3039916 0.6946582 -0.6519503 0.3040819 0.6944897 -0.6520877 0.1861983 0.6945057 -0.6949763 -0.4126434 0.6945198 -0.5893791 -0.4126566 0.6945477 -0.589337 0.4126566 0.6945477 -0.589337 0.3040421 0.6945922 -0.651997 -0.5086885 0.6946268 -0.5086548 -0.5087213 0.6945444 -0.5087344 0.5087857 0.6944404 -0.508812 0.4126235 0.694567 -0.5893374 -0.589201 0.6947227 -0.4125563 -0.5895045 0.6943561 -0.4127398 0.5894144 0.6944444 -0.41272 0.5087347 0.694564 -0.5086944 -0.6521393 0.6944319 -0.3041031 -0.6521428 0.6944294 -0.3041015 0.6523433 0.694223 -0.3041425 0.5892912 0.694603 -0.4126289 -0.6948439 0.6946422 -0.1861835 -0.695024 0.6944468 -0.1862402 0.6950249 0.6944476 -0.1862339 0.6520697 0.6945056 -0.3040841 -0.7165835 0.6946776 -0.06269967 -0.7168176 0.6944343 -0.06271857 0.7168114 0.694441 -0.06271588 0.6949479 0.6945378 -0.1861844 -0.7167608 0.6944931 0.06271523 -0.7166024 0.6946582 0.06269758 0.7170207 0.6942238 0.06272763 0.7167674 0.6944865 -0.06271457 -0.6947433 0.69475 0.1861565 -0.6950249 0.6944476 0.1862339 0.6950249 0.6944476 0.1862339 0.7165902 0.6946706 0.06270027 -0.6519296 0.6946657 0.3040187 -0.6523381 0.6942175 0.3041663 0.6521531 0.6944404 0.3040539 0.6950061 0.6944682 0.1862269 -0.589332 0.6945434 0.4126709 -0.5893412 0.694568 0.4126163 0.5892298 0.6946467 0.4126432 0.6521854 0.6943734 0.304138 -0.5087287 0.6945827 0.5086749 -0.5087116 0.6945492 0.5087379 0.5087819 0.6944172 0.5088475 0.5894156 0.6944537 0.4127026 -0.4126251 0.6945698 0.5893329 -0.4126566 0.6945477 0.589337 0.4126566 0.6945477 0.589337 0.5087662 0.6945178 0.5087259 -0.3040657 0.6945616 0.6520187 -0.30407 0.6944924 0.6520903 0.304036 0.6945495 0.6520454 0.4126279 0.6945476 0.5893571 -0.18619 0.6945287 0.6949556 -0.1862126 0.6945817 0.6948965 0.1862077 0.6945036 0.6949759 0.3041093 0.6944691 0.6520969 -0.06269901 0.6945166 0.7167396 -0.06271076 0.6945154 0.7167397 0.1862099 0.6945562 0.6949226 0.06269538 0.6945431 0.7167142 0.06271052 0.6945489 0.7167073 0.0720908 0.5620262 -0.8239718 -0.07208496 0.5620875 -0.8239306 -0.07208752 0.5620813 -0.8239345 -0.2140691 0.5621011 -0.7988848 -0.214052 0.5620629 -0.7989162 0.2140483 0.5621606 -0.7988485 0.07208663 0.5620452 -0.8239593 -0.3495386 0.5621581 -0.7495339 -0.3495889 0.5618581 -0.7497354 0.3495537 0.561909 -0.7497137 0.2140644 0.5620887 -0.7988947 -0.4744293 0.5620133 -0.6775382 -0.4743475 0.5621499 -0.677482 0.4744691 0.5618798 -0.677621 0.3495566 0.5621048 -0.7495656 -0.5848235 0.5621415 -0.5847892 -0.5849264 0.5618777 -0.5849398 0.5848646 0.5620204 -0.5848646 0.474389 0.5620865 -0.6775056 -0.677569 0.5619755 -0.47443 -0.67744 0.5621597 -0.4743961 0.6775146 0.5620177 -0.4744578 0.5848886 0.5619704 -0.5848886 -0.7497109 0.5618854 -0.3495976 -0.7496248 0.5620304 -0.3495489 0.7496107 0.5620199 -0.3495962 0.677522 0.5620623 -0.4743943 -0.7989427 0.5620234 -0.2140571 -0.7989284 0.5620208 -0.2141172 0.7987446 0.5623213 -0.2140142 0.7494634 0.562317 -0.3494342 -0.8238207 0.5622538 -0.07204198 -0.8239712 0.5620264 -0.07209593 0.823971 0.5620262 -0.07210093 0.7989865 0.5619513 -0.2140825 -0.823899 0.5621383 0.07204997 -0.8239714 0.5620265 0.07209426 0.8239666 0.5620324 0.07210177 0.8238996 0.5621294 -0.07211059 -0.79895 0.5620148 0.2140522 -0.7989284 0.5620208 0.2141172 0.7987446 0.5623213 0.2140142 0.8239787 0.5620119 0.07212436 -0.7497705 0.5617929 0.3496186 -0.7496248 0.5620304 0.3495489 0.7494295 0.562314 0.3495117 0.7990819 0.5618059 0.2141081 -0.6775116 0.562081 0.474387 -0.6775219 0.5620126 0.4744535 0.6775219 0.5620126 0.4744535 0.7497065 0.5619096 0.3495681 -0.5848706 0.5620079 0.5848706 -0.5848557 0.5620248 0.5848692 0.5849176 0.5618821 0.5849444 0.6775556 0.5620078 0.474411 -0.4744037 0.562049 0.6775265 -0.4744118 0.5620269 0.6775391 0.4744049 0.5620029 0.6775639 0.5848416 0.562104 0.5848073 -0.3495674 0.5620672 0.7495887 -0.3495467 0.5620052 0.7496448 0.3495537 0.561909 0.7497137 0.4744732 0.5619007 0.6776008 -0.2140589 0.5621294 0.7988676 -0.2140649 0.5619894 0.7989645 0.2140741 0.5620135 0.798945 0.3495458 0.5621423 0.7495424 -0.07208436 0.5620827 0.8239338 -0.07208859 0.5620629 0.8239469 0.2140592 0.5621574 0.7988479 0.0720908 0.5620262 0.8239718 0.07208722 0.5620499 0.8239559 0.07937288 0.413408 -0.9070799 -0.07936125 0.4134246 -0.9070733 -0.07936984 0.4133647 -0.9070999 -0.2356588 0.4135059 -0.8794759 -0.2356595 0.4132608 -0.8795909 0.2356572 0.4131712 -0.8796337 0.07935714 0.4133474 -0.9071089 -0.3848528 0.4134398 -0.8252007 -0.3848117 0.4133899 -0.8252447 0.3848699 0.4132037 -0.8253108 0.2356582 0.4135361 -0.8794618 -0.5222961 0.4133331 -0.7458972 -0.5222615 0.4133577 -0.7459078 0.522273 0.4133775 -0.7458888 0.384813 0.4134269 -0.8252255 -0.6438863 0.4134188 -0.6438132 -0.6437654 0.4135535 -0.6438476 0.6438465 0.4133863 -0.6438739 0.5223138 0.4133639 -0.7458677 -0.7457996 0.4136233 -0.5222058 -0.7459496 0.4132071 -0.5223209 0.7458881 0.4133847 -0.5222683 0.643813 0.4135388 -0.6438095 -0.8253834 0.4130745 -0.3848528 -0.8250072 0.4139149 -0.3847567 0.8252491 0.4133784 -0.3848147 0.7459133 0.4134019 -0.5222186 -0.8794443 0.4135811 -0.2356452 -0.8796062 0.4132034 -0.235703 0.8794468 0.4135671 -0.2356603 0.8252863 0.4133042 -0.3848144 -0.9071423 0.4132788 -0.07933211 -0.9071753 0.4132048 -0.07933926 0.9071704 0.4132025 -0.07940822 0.8794637 0.4135485 -0.2356295 -0.9071319 0.4133018 0.07933121 -0.9071754 0.4132048 0.0793401 0.9071704 0.4132025 0.07940822 0.9069623 0.4136699 -0.07935118 -0.8793922 0.4136958 0.2356382 -0.8795293 0.4133866 0.2356687 0.8792873 0.4139305 0.2356175 0.9069049 0.4137967 0.07934617 -0.8253411 0.4131647 0.3848469 -0.8250908 0.4137376 0.3847683 0.8251743 0.4135602 0.3847798 0.8796357 0.4131561 0.2356756 -0.7458358 0.4135399 0.5222201 -0.7458881 0.4133847 0.5222683 0.7459496 0.4132071 0.5223209 0.8253977 0.4130399 0.3848595 -0.6438427 0.413549 0.6437731 -0.6438625 0.413379 0.6438625 0.6437814 0.4135462 0.6438362 0.7458885 0.41345 0.5222159 -0.5223079 0.4132142 0.7459548 -0.522263 0.4133805 0.7458941 0.5222316 0.4133665 0.7459238 0.6438565 0.4134465 0.6438252 -0.3848207 0.4134909 0.8251899 -0.3848409 0.4132968 0.8252778 0.3848117 0.4133899 0.8252447 0.5223284 0.413303 0.7458912 -0.2356833 0.413441 0.8794999 -0.2356542 0.4133062 0.879571 0.2356488 0.4133517 0.8795511 0.3848542 0.4132614 0.8252893 -0.07937371 0.4133893 0.9070883 -0.07937455 0.4133656 0.907099 0.2356765 0.4134568 0.8794943 0.07936197 0.4133403 0.9071117 0.07938486 0.4134027 0.9070812 0.08431524 0.2528762 -0.9638177 -0.08432513 0.2528631 -0.9638203 -0.08432155 0.2528117 -0.9638342 -0.2503865 0.2527738 -0.9345653 -0.2504245 0.2528309 -0.9345396 0.2504244 0.2528589 -0.934532 0.08432668 0.2528396 -0.9638264 -0.4088866 0.2526488 -0.8769153 -0.4088934 0.2528509 -0.876854 0.4088902 0.2529688 -0.8768213 0.2504104 0.2527837 -0.9345561 -0.5549513 0.2527881 -0.7925449 -0.5548961 0.2530563 -0.792498 0.5549153 0.2530524 -0.7924858 0.4088777 0.2528032 -0.876875 -0.6841391 0.2528184 -0.684132 -0.6841809 0.2526481 -0.6841531 0.6841573 0.2528516 -0.6841016 0.5549204 0.2527587 -0.7925758 -0.7925374 0.2526778 -0.5550121 -0.7925759 0.2526404 -0.5549743 0.7925661 0.252851 -0.5548923 0.6841191 0.2527933 -0.6841613 -0.8768965 0.2527246 -0.4088799 -0.8768159 0.2530544 -0.4088488 0.8768159 0.2530544 -0.4088488 0.7925363 0.2526864 -0.5550099 -0.9346381 0.2524198 -0.2504711 -0.934534 0.2528482 -0.2504277 0.934547 0.2528517 -0.2503755 0.8769149 0.2526527 -0.408885 -0.9638313 0.2528209 -0.08432626 -0.963827 0.2528472 -0.08429747 0.9638223 0.2528496 -0.08434349 0.9345719 0.2527039 -0.2504323 -0.9637879 0.2529883 0.08432126 -0.9638246 0.2528539 0.08430314 0.9638243 0.2528465 0.08432853 0.963895 0.2525671 -0.08435869 -0.9346101 0.2525278 0.2504669 -0.9345902 0.2526333 0.2504353 0.9345506 0.2528452 0.250369 0.9639267 0.2524423 0.08437097 -0.8769348 0.2525471 0.4089074 -0.8767666 0.2532628 0.4088258 0.8768095 0.2530606 0.4088588 0.9345836 0.2526682 0.2504246 -0.7925953 0.2524103 0.5550513 -0.7924726 0.2530437 0.554938 0.7925312 0.2528488 0.554943 0.8768623 0.2528692 0.408864 -0.6841046 0.2528722 0.6841467 -0.6841833 0.2528612 0.684072 0.6841759 0.2528637 0.6840785 0.7925329 0.2527606 0.5549808 -0.5548868 0.2530459 0.7925078 -0.5549614 0.2528572 0.7925158 0.5549517 0.2528591 0.7925218 0.6841272 0.2526928 0.6841904 -0.408888 0.252655 0.8769128 -0.4089017 0.2528646 0.876846 0.4089018 0.2529674 0.8768164 0.554894 0.2529445 0.792535 -0.2504096 0.2527968 0.9345528 -0.2503983 0.2528327 0.9345461 0.2504646 0.2526488 0.9345781 0.4088735 0.2527671 0.8768873 -0.08432382 0.2528311 0.9638289 -0.08433479 0.2528374 0.9638262 0.2503667 0.2529364 0.9345266 0.08434349 0.2528496 0.9638223 0.08431178 0.2528371 0.9638283 0.08683425 0.085065 -0.9925844 -0.08683282 0.08506518 -0.9925845 -0.08684271 0.0851438 -0.9925769 -0.2578545 0.08511579 -0.9624273 -0.2579022 0.08514827 -0.9624118 0.257876 0.08514893 -0.9624187 0.08684372 0.08511841 -0.9925791 -0.4210423 0.08515775 -0.9030347 -0.4211161 0.08514428 -0.9030016 0.4210815 0.08514583 -0.9030176 0.2578912 0.08514678 -0.9624149 -0.5714627 0.08503413 -0.8162105 -0.5715077 0.08492153 -0.8161908 0.571523 0.08514851 -0.8161565 0.4211004 0.0849567 -0.9030265 -0.7045536 0.08491742 -0.7045518 -0.7045745 0.0853706 -0.7044762 0.7045322 0.08514082 -0.7045463 0.571442 0.08517891 -0.81621 -0.8161544 0.08478045 -0.5715805 -0.8161617 0.08559101 -0.5714494 0.8161774 0.08536803 -0.5714604 0.7045279 0.08516085 -0.7045482 -0.9030432 0.08483678 -0.4210887 -0.9030107 0.08536714 -0.4210512 0.9030281 0.08514416 -0.4210593 0.8161916 0.08506602 -0.571485 -0.9623978 0.08545017 -0.2578543 -0.962395 0.08536523 -0.2578929 0.9624044 0.08536732 -0.2578571 0.9029847 0.08526265 -0.4211283 -0.9925576 0.08532541 -0.08688539 -0.9925593 0.08536571 -0.0868259 0.9925935 0.08492058 -0.08687227 0.9624508 0.08470177 -0.2579034 -0.9925314 0.08563709 0.08687835 -0.9925965 0.08492082 0.08683741 0.9925557 0.08536541 0.08686774 0.9925377 0.08563762 -0.08680492 -0.9624115 0.0852794 0.2578595 -0.9623939 0.08536636 0.2578964 0.9624422 0.0849201 0.2578635 0.9925722 0.0852316 0.08681094 -0.903032 0.08493083 0.421094 -0.9030281 0.08514416 0.4210593 0.9030281 0.08514416 0.4210593 0.9624149 0.08511543 0.2579011 -0.8161756 0.0848692 0.5715371 -0.8161465 0.08536624 0.5715047 0.8161774 0.08536803 0.5714604 0.9030064 0.08509039 0.4211164 -0.7045594 0.08497446 0.7045391 -0.704588 0.08514755 0.7044897 0.7045601 0.08514422 0.704518 0.8161896 0.08492845 0.5715083 -0.5714533 0.08478623 0.8162429 -0.571523 0.08514851 0.8161565 0.5714967 0.08514457 0.8161752 0.7045004 0.08519273 0.7045717 -0.4210755 0.08522635 0.9030127 -0.4210815 0.08514583 0.9030176 0.4211202 0.08503276 0.9030101 0.5714626 0.08519607 0.8161938 -0.257879 0.08510512 0.9624217 -0.2578891 0.08514857 0.9624152 0.2579022 0.08514827 0.9624118 0.4210438 0.08511579 0.9030379 -0.0868439 0.08509743 0.9925808 -0.08683383 0.08512073 0.9925797 0.2578529 0.08519268 0.962421 0.0868569 0.08511579 0.9925781 0.08681869 0.08508622 0.9925839 0.08716726 0 -0.9961938 0.08714491 0 -0.9961957 -0.08714491 0 -0.9961957 -0.08716726 0 -0.9961937 -0.2588073 0 -0.965929 0.2588283 0 -0.9659234 0.2588073 0 -0.965929 -0.2588284 0 -0.9659234 -0.422616 0 -0.9063089 0.4226345 0 -0.9063003 0.422616 0 -0.9063088 -0.4226345 0 -0.9063003 -0.573539 0 -0.8191784 0.5735873 0 -0.8191445 0.5735571 0 -0.8191657 -0.5735692 0 -0.8191571 -0.7071307 0 -0.7070829 0.7071003 0 -0.7071134 0.7071115 0 -0.7071021 -0.7071195 0 -0.7070941 -0.8191382 0 -0.5735962 0.8191638 0 -0.5735598 0.8191564 0 -0.5735704 -0.8191457 0 -0.5735856 -0.9063133 0 -0.4226067 0.9062945 0 -0.4226469 0.9062985 0 -0.4226382 -0.9063093 0 -0.4226152 -0.9659327 0 -0.2587935 0.9659231 0 -0.2588295 -0.996191 0 -0.08719938 0.9961977 0 -0.08712297 0.9961977 0 -0.08712297 -0.996191 0 -0.08719938 -0.996191 0 0.08719938 0.9961974 0 0.08712488 0.9961977 0 0.08712297 -0.9961907 0 0.08720129 -0.9659327 0 0.2587935 0.9659231 0 0.2588295 -0.9063133 0 0.4226067 0.9062985 0 0.4226382 0.9062985 0 0.4226382 -0.9063133 0 0.4226065 -0.8191457 0 0.5735856 0.8191563 0 0.5735704 0.8191637 0 0.5735598 -0.8191383 0 0.5735962 -0.7071195 0 0.7070941 0.7071003 0 0.7071134 0.7071003 0 0.7071133 -0.5735692 0 0.8191572 0.5735571 0 0.8191657 0.5735873 0 0.8191445 -0.573539 0 0.8191784 -0.4226345 0 0.9063003 0.422616 0 0.9063089 0.4226345 0 0.9063003 -0.422616 0 0.9063088 -0.2588283 0 0.9659234 0.2588283 0 0.9659234 0.2588284 0 0.9659234 -0.2588284 0 0.9659234 -0.08714491 0 0.9961957 0.08714491 0 0.9961957 0.08714491 0 0.9961957 -0.08714491 0 0.9961957 0.08682668 0.08682721 -0.9924325 0.08682489 0.08683228 -0.9924322 -0.08682811 0.08683282 -0.9924319 -0.08682346 0.08682423 -0.992433 -0.2578294 0.08682316 -0.9622816 0.2578375 0.08682912 -0.9622789 0.257838 0.08682858 -0.9622789 -0.2578501 0.08682984 -0.9622754 -0.4210265 0.08683228 -0.9028826 0.4210239 0.08682644 -0.9028843 0.4210235 0.08682882 -0.9028844 -0.4210236 0.08682459 -0.9028847 -0.5714049 0.08682805 -0.8160621 0.571406 0.08683192 -0.816061 0.571408 0.08682793 -0.81606 -0.5714083 0.08682376 -0.8160603 -0.7044336 0.08682894 -0.7044389 0.7044358 0.0868358 -0.7044358 0.7044366 0.08682382 -0.7044366 -0.7044355 0.0868417 -0.7044355 -0.8160598 0.08684074 -0.5714062 0.8160567 0.08683568 -0.5714114 0.8160603 0.08682376 -0.5714083 -0.8160608 0.08683317 -0.5714061 -0.902884 0.0868321 -0.4210234 0.902886 0.08682745 -0.4210202 0.9028823 0.08683204 -0.421027 -0.9028834 0.08681941 -0.4210276 -0.9622796 0.08681964 -0.2578378 0.9622774 0.08682763 -0.2578436 0.9622789 0.08681589 -0.2578422 -0.9622792 0.08682435 -0.2578381 -0.9924328 0.08682316 -0.08682692 0.9924327 0.08682668 -0.0868256 0.9924323 0.08683264 -0.0868231 -0.9924334 0.08681499 -0.08682775 -0.9924334 0.08681488 0.08682751 0.9924333 0.08681833 0.08682566 0.9924317 0.08684104 0.08682197 -0.9924328 0.08682346 0.08682769 -0.9622796 0.08681529 0.2578394 0.9622777 0.08683609 0.2578394 0.9622779 0.08680808 0.2578485 -0.9622792 0.08682942 0.2578361 -0.9028857 0.08681792 0.4210224 0.9028831 0.08684319 0.4210233 0.9028869 0.08681553 0.4210208 -0.9028856 0.08683234 0.4210201 -0.8160588 0.08683377 0.5714088 0.8160601 0.08682668 0.5714079 0.8160579 0.08683377 0.57141 -0.8160563 0.08684116 0.5714114 -0.7044349 0.08683741 0.7044365 0.7044363 0.08682739 0.7044363 0.704436 0.08683222 0.704436 -0.7044318 0.08683276 0.7044402 -0.5714101 0.08683258 0.8160579 0.5714119 0.08682733 0.8160574 0.5714078 0.08683216 0.8160597 -0.5714085 0.08681952 0.8160605 -0.421025 0.08682405 0.9028841 0.4210237 0.08683067 0.902884 0.4210166 0.08682489 0.9028878 -0.4210163 0.08683329 0.9028872 -0.2578435 0.08682727 0.9622774 0.2578374 0.08683121 0.9622787 0.2578459 0.08682632 0.9622768 -0.2578423 0.08682578 0.9622779 -0.0868268 0.08682441 0.9924327 0.08683329 0.08682698 0.9924319 0.08682668 0.08682352 0.9924328 -0.08683335 0.08682382 0.9924322 0.08420807 0.2579031 -0.9624942 0.08420664 0.25789 -0.9624978 -0.08420825 0.2578952 -0.9624963 -0.08420789 0.2579014 -0.9624947 -0.2500728 0.2579038 -0.9332466 0.2500713 0.2579001 -0.9332481 0.2500603 0.2579006 -0.9332509 -0.2500563 0.2578964 -0.9332532 -0.4083148 0.2578939 -0.8756539 0.4083222 0.2579018 -0.8756482 0.408321 0.2579015 -0.8756488 -0.4083272 0.2579054 -0.8756448 -0.5541793 0.2578991 -0.7914376 0.5541849 0.2578921 -0.791436 0.5541652 0.2579031 -0.7914461 -0.5541709 0.2578928 -0.7914455 -0.6831896 0.2578868 -0.6831885 0.683193 0.2578881 -0.6831845 0.6831819 0.2579016 -0.6831905 -0.6831882 0.2578911 -0.6831882 -0.7914459 0.257893 -0.5541704 0.7914483 0.2578921 -0.5541672 0.7914427 0.2578876 -0.5541775 -0.7914441 0.2578938 -0.5541724 -0.8756454 0.2579017 -0.4083284 0.8756511 0.2578959 -0.4083197 0.8756452 0.257903 -0.4083277 -0.8756469 0.2579096 -0.4083201 -0.9332494 0.2579094 -0.2500568 0.9332495 0.2579026 -0.2500632 0.93325 0.2578936 -0.2500707 -0.93325 0.2578936 -0.2500707 -0.9624955 0.257898 -0.08420956 0.9624969 0.2578942 -0.0842033 0.9624963 0.2578966 -0.08420366 -0.9624966 0.2578923 -0.08421313 -0.9624971 0.2578919 0.08420896 0.962499 0.2578862 0.08420455 0.9624947 0.2579024 0.0842036 -0.9624956 0.2578963 0.08421224 -0.9332531 0.2578951 0.2500578 0.9332495 0.2579026 0.2500632 0.93325 0.2578936 0.2500707 -0.9332464 0.2579099 0.2500675 -0.8756446 0.2579123 0.4083229 0.8756492 0.2578978 0.4083227 0.8756507 0.2578935 0.4083219 -0.8756471 0.2578949 0.4083286 -0.7914472 0.2578952 0.5541675 0.7914469 0.2578859 0.5541722 0.7914441 0.2578938 0.5541724 -0.7914417 0.2578916 0.5541768 -0.6831923 0.257889 0.6831849 0.683194 0.2579054 0.683177 0.6831802 0.257888 0.6831974 -0.6831842 0.2578895 0.6831928 -0.5541844 0.2578919 0.7914363 0.5541849 0.2578921 0.791436 0.5541687 0.2578921 0.7914474 -0.5541724 0.2578938 0.7914441 -0.4083203 0.2578937 0.8756515 0.4083241 0.2578892 0.8756511 0.4083209 0.2578983 0.8756498 -0.4083224 0.2578895 0.8756517 -0.2500651 0.2578923 0.9332518 0.2500754 0.2579022 0.9332464 0.2500486 0.2578899 0.933257 -0.2500561 0.2578985 0.9332526 -0.08420878 0.2579075 0.962493 0.08420646 0.2578983 0.9624956 0.08420807 0.2579031 0.9624942 -0.08420652 0.257895 0.9624965 0.07904046 0.4212942 -0.9034733 0.07903939 0.4213054 -0.903468 -0.07904601 0.4213002 -0.9034699 -0.07903516 0.4213005 -0.9034707 -0.2347311 0.4212895 -0.8760231 0.2347229 0.4212956 -0.8760224 0.2347359 0.4213027 -0.8760156 -0.2347276 0.4213032 -0.8760176 -0.3832833 0.4212947 -0.8219518 0.3832818 0.4212855 -0.8219572 0.3832781 0.4213024 -0.8219503 -0.3832802 0.4212914 -0.8219549 -0.520181 0.421293 -0.7429159 0.520183 0.4212968 -0.7429123 0.5202031 0.4212895 -0.7429024 -0.5202026 0.421307 -0.7428928 -0.6412881 0.4213033 -0.6412902 0.6412857 0.4213007 -0.6412943 0.6412957 0.4212971 -0.6412867 -0.6412957 0.4213106 -0.6412779 -0.7429075 0.4212989 -0.5201882 0.7429048 0.4212931 -0.5201967 0.7429004 0.4213191 -0.520182 -0.7429034 0.4213035 -0.5201904 -0.8219508 0.4212953 -0.3832851 0.8219515 0.4212957 -0.3832829 0.8219518 0.4212986 -0.383279 -0.8219519 0.4212988 -0.3832788 -0.8760168 0.4212993 -0.2347369 0.8760175 0.4213016 -0.2347306 0.8760215 0.4212926 -0.2347316 -0.8760215 0.421297 -0.2347238 -0.9034708 0.4212985 -0.07904613 0.9034762 0.421288 -0.07904011 0.9034696 0.421302 -0.07904094 -0.9034678 0.4213056 -0.07904303 -0.9034674 0.4213055 0.07904797 0.9034745 0.4212918 0.07903921 0.9034712 0.4212979 0.0790441 -0.9034711 0.4212982 0.07904332 -0.8760187 0.4212978 0.2347331 0.8760166 0.4213011 0.2347347 0.8760198 0.4213007 0.2347233 -0.8760185 0.4213001 0.2347297 -0.8219464 0.4213017 0.383287 0.8219515 0.4212957 0.3832829 0.8219474 0.4213009 0.3832857 -0.8219504 0.421298 0.3832826 -0.7429098 0.4212954 0.5201877 0.7429021 0.4213002 0.5201948 0.742906 0.4213044 0.520186 -0.742902 0.4213072 0.5201894 -0.6412864 0.421305 0.6412907 0.6412857 0.4213007 0.6412943 0.6413022 0.4213045 0.6412754 -0.6413022 0.4213045 0.6412754 -0.520182 0.4213001 0.7429112 0.5201928 0.4213013 0.7429029 0.5201935 0.4212988 0.742904 -0.5201969 0.4213016 0.7429 -0.3832795 0.421292 0.821955 0.3832768 0.4212933 0.8219556 0.3832781 0.4213024 0.8219503 -0.3832781 0.4213024 0.8219503 -0.2347293 0.4212939 0.8760215 0.2347308 0.4212998 0.8760183 0.2347236 0.4212984 0.8760209 -0.2347275 0.4213036 0.8760173 -0.07905066 0.4212964 0.9034712 0.07903951 0.4213023 0.9034696 0.07904893 0.421297 0.9034711 -0.07903939 0.4213054 0.903468 0.07148349 0.572105 -0.8170593 0.07148671 0.5721109 -0.8170549 -0.07148897 0.5721132 -0.8170531 -0.07148104 0.5721008 -0.8170626 -0.2122794 0.572109 -0.7922304 0.2122783 0.5721204 -0.7922223 0.2122826 0.5721043 -0.7922328 -0.2122772 0.5721102 -0.79223 -0.3466217 0.5721098 -0.743333 0.3466215 0.5721161 -0.7433281 0.3466162 0.5721095 -0.7433357 -0.3466162 0.5721095 -0.7433357 -0.4704384 0.5721095 -0.6718471 0.4704348 0.5721185 -0.6718418 0.4704387 0.5720984 -0.6718563 -0.4704325 0.572106 -0.6718542 -0.5799527 0.5721101 -0.5799527 0.5799612 0.5721063 -0.5799478 0.5799428 0.5721157 -0.5799568 -0.5799561 0.5721079 -0.5799514 -0.671855 0.5721098 -0.4704266 0.6718516 0.5721103 -0.4704309 0.6718562 0.572097 -0.4704405 -0.6718461 0.5721071 -0.4704428 -0.7433375 0.5721093 -0.3466128 0.7433344 0.572113 -0.3466134 0.7433391 0.5721027 -0.3466201 -0.743336 0.5720993 -0.3466325 -0.7922341 0.5721014 -0.2122856 0.7922263 0.5721148 -0.212279 0.7922254 0.5721163 -0.2122783 -0.7922348 0.5721044 -0.212275 -0.8170553 0.5721109 -0.07148396 0.8170627 0.5721002 -0.07148456 0.8170489 0.5721197 -0.07148575 -0.8170604 0.5721044 -0.07147741 -0.8170544 0.5721122 0.07148385 0.8170489 0.5721204 0.07148152 0.8170618 0.5721007 0.07149153 -0.8170586 0.5721064 0.0714823 -0.7922322 0.5721076 0.2122761 0.792223 0.5721213 0.2122737 0.7922264 0.5721137 0.2122809 -0.7922373 0.5720981 0.2122825 -0.7433415 0.5721029 0.3466147 0.7433403 0.5721074 0.34661 0.7433304 0.5721125 0.3466227 -0.7433353 0.5721045 0.3466253 -0.6718505 0.5721108 0.470432 0.6718502 0.5721077 0.4704362 0.6718479 0.5721039 0.470444 -0.6718476 0.5721083 0.4704391 -0.5799608 0.5721049 0.5799496 0.5799583 0.5721168 0.5799404 0.5799537 0.5720986 0.579963 -0.5799537 0.5721078 0.5799537 -0.4704326 0.5721113 0.6718496 0.4704408 0.5721113 0.6718439 0.4704312 0.5721091 0.6718524 -0.4704369 0.5720999 0.6718564 -0.3466221 0.5721115 0.7433315 0.3466302 0.5721114 0.7433277 0.3466068 0.572104 0.7433443 -0.3466227 0.5721125 0.7433304 -0.2122723 0.5721119 0.7922301 0.2122746 0.5721179 0.7922251 0.2122732 0.5721083 0.7922325 -0.2122725 0.5721117 0.7922301 -0.07148343 0.5721108 0.8170554 0.07148557 0.5721021 0.8170612 0.07148456 0.5721134 0.8170535 -0.07148706 0.5721046 0.8170593 0.06175023 0.7057495 -0.7057653 0.06174176 0.7057503 -0.7057652 -0.06174641 0.7057587 -0.7057564 -0.06174725 0.7057439 -0.7057712 -0.1833631 0.7057544 -0.6843163 0.1833707 0.7057588 -0.6843098 0.1833615 0.7057493 -0.6843221 -0.183366 0.7057495 -0.6843205 -0.2994102 0.705757 -0.6420753 0.2994011 0.705763 -0.6420729 0.2994066 0.7057412 -0.6420943 -0.2994007 0.7057546 -0.6420824 -0.4063591 0.7057581 -0.5803257 0.4063587 0.7057573 -0.5803268 0.4063495 0.7057537 -0.5803377 -0.4063485 0.7057519 -0.5803406 -0.500961 0.7057518 -0.5009517 0.5009589 0.7057547 -0.5009496 0.5009629 0.7057425 -0.5009629 -0.5009585 0.7057487 -0.5009585 -0.5803342 0.705754 -0.4063541 0.5803301 0.7057536 -0.4063606 0.5803315 0.7057504 -0.406364 -0.5803315 0.7057504 -0.406364 -0.6420873 0.705748 -0.2994057 0.6420871 0.7057502 -0.2994009 0.642084 0.7057507 -0.2994064 -0.6420776 0.7057536 -0.2994133 -0.68432 0.705751 -0.1833625 0.6843175 0.7057521 -0.1833677 0.6843143 0.7057563 -0.1833632 -0.6843131 0.7057552 -0.1833716 -0.7057628 0.7057523 -0.06174576 0.705762 0.7057526 -0.06175225 0.7057625 0.7057526 -0.06174737 -0.7057676 0.7057478 -0.06174242 -0.7057646 0.7057506 0.06174588 0.70576 0.7057554 0.06174314 0.7057618 0.7057519 0.06176221 -0.7057625 0.7057526 0.06174737 -0.6843152 0.7057556 0.1833625 0.6843191 0.7057535 0.1833564 0.6843155 0.7057527 0.1833723 -0.6843213 0.7057484 0.1833674 -0.6420798 0.7057554 0.2994043 0.6420829 0.7057548 0.299399 0.6420856 0.705748 0.2994095 -0.6420857 0.7057477 0.2994097 -0.5803302 0.7057561 0.406356 0.5803385 0.7057525 0.4063506 0.5803336 0.705748 0.4063654 -0.5803422 0.7057414 0.4063645 -0.5009644 0.7057503 0.5009503 0.5009616 0.7057443 0.5009616 0.5009537 0.7057486 0.5009636 -0.5009539 0.7057517 0.5009588 -0.4063515 0.7057623 0.5803258 0.4063629 0.7057589 0.580322 0.4063493 0.7057507 0.5803416 -0.4063631 0.7057439 0.5803402 -0.2994022 0.7057533 0.642083 0.2994116 0.7057563 0.6420753 0.2993938 0.7057432 0.6420981 -0.2994088 0.7057546 0.6420785 -0.1833602 0.7057574 0.6843138 0.1833662 0.7057594 0.6843104 0.1833608 0.7057517 0.6843196 -0.1833621 0.7057468 0.6843245 -0.0617513 0.7057544 0.7057603 0.06174713 0.7057451 0.7057699 0.06174516 0.7057544 0.7057608 -0.061742 0.7057478 0.7057676 0.05011397 0.8181204 -0.5728592 0.05012363 0.8181297 -0.5728451 -0.05012011 0.8181248 -0.5728524 -0.05011808 0.8181318 -0.5728428 -0.1488398 0.8181205 -0.5554507 0.1488332 0.8181235 -0.5554481 0.1488333 0.8181295 -0.5554394 -0.1488266 0.8181196 -0.5554558 -0.2430176 0.8181191 -0.5211753 0.2430198 0.8181217 -0.5211702 0.2430251 0.8181264 -0.5211603 -0.243026 0.8181251 -0.521162 -0.3298324 0.8181163 -0.4710587 0.3298273 0.8181186 -0.4710586 0.3298385 0.8181225 -0.4710438 -0.3298331 0.8181371 -0.4710224 -0.4066138 0.8181213 -0.4066237 0.4066079 0.8181246 -0.4066228 0.4066191 0.8181289 -0.4066031 -0.4066191 0.8181263 -0.4066084 -0.4710509 0.8181224 -0.3298289 0.4710382 0.8181338 -0.3298185 0.471053 0.8181213 -0.3298283 -0.4710447 0.8181269 -0.3298263 -0.5211606 0.8181256 -0.2430276 0.5211687 0.8181222 -0.2430214 0.5211622 0.8181263 -0.2430216 -0.5211687 0.8181206 -0.2430266 -0.5554486 0.8181228 -0.148836 0.5554547 0.8181182 -0.1488376 0.5554407 0.8181288 -0.1488322 -0.5554416 0.8181301 -0.1488218 -0.5728477 0.8181284 -0.05011427 0.5728521 0.8181248 -0.05012333 0.5728585 0.8181207 -0.05011808 -0.5728508 0.8181257 -0.05012273 -0.5728476 0.8181283 0.05011922 0.5728569 0.8181217 0.0501188 0.5728533 0.8181239 0.05012297 -0.5728512 0.8181263 0.05011212 -0.5554423 0.818127 0.1488356 0.5554503 0.8181216 0.1488364 0.5554456 0.8181253 0.1488335 -0.5554472 0.8181253 0.1488272 -0.5211669 0.8181205 0.2430305 0.5211668 0.8181213 0.2430282 0.5211678 0.8181245 0.2430155 -0.5211656 0.8181232 0.2430246 -0.4710475 0.8181252 0.3298265 0.4710389 0.8181251 0.3298389 0.4710459 0.8181329 0.3298096 -0.4710413 0.8181289 0.3298261 -0.4066134 0.8181218 0.4066233 0.4066154 0.8181197 0.4066253 0.4066174 0.8181307 0.4066014 -0.40662 0.8181254 0.4066094 -0.3298326 0.8181218 0.4710491 0.3298289 0.8181149 0.4710636 0.3298335 0.8181366 0.4710229 -0.3298294 0.8181293 0.4710385 -0.2430156 0.8181223 0.5211711 0.2430307 0.8181173 0.5211722 0.2430197 0.8181281 0.5211601 -0.2430323 0.8181219 0.5211642 -0.1488304 0.8181185 0.5554564 0.1488338 0.8181219 0.5554503 0.1488232 0.8181298 0.5554414 -0.1488279 0.8181235 0.5554497 -0.05011481 0.818125 0.5728527 0.05011802 0.8181326 0.5728415 0.05011922 0.8181177 0.5728625 -0.05012363 0.8181297 0.5728451 0.0369516 0.9056893 -0.4223287 0.03694814 0.9056943 -0.4223183 -0.0369488 0.9056903 -0.4223269 -0.03695118 0.9056937 -0.4223194 -0.1097217 0.9056893 -0.4094973 0.1097234 0.9056923 -0.4094902 0.109719 0.9056927 -0.4094905 -0.109721 0.9056893 -0.4094974 -0.1791661 0.9056922 -0.3842151 0.1791584 0.9056937 -0.3842154 0.1791709 0.9056876 -0.3842236 -0.1791617 0.9056876 -0.3842282 -0.2431635 0.9056879 -0.3472765 0.2431584 0.9056913 -0.3472715 0.2431662 0.9056951 -0.3472562 -0.2431597 0.9056926 -0.3472669 -0.2997699 0.905691 -0.2997699 0.299773 0.9056897 -0.2997704 0.2997685 0.9056928 -0.2997656 -0.2997664 0.9056953 -0.2997605 -0.3472701 0.9056906 -0.2431628 0.3472703 0.9056899 -0.2431648 0.3472734 0.9056903 -0.2431593 -0.3472708 0.9056912 -0.2431595 -0.3842203 0.9056891 -0.1791713 0.38422 0.9056912 -0.1791605 0.3842264 0.9056872 -0.1791671 -0.3842186 0.9056922 -0.1791584 -0.4094873 0.9056946 -0.1097165 0.4094935 0.9056903 -0.1097282 0.4094904 0.9056925 -0.109722 -0.4094924 0.9056906 -0.1097305 -0.4223277 0.90569 -0.03694617 0.4223258 0.9056906 -0.03695404 0.4223277 0.9056901 -0.03694266 -0.4223275 0.9056897 -0.03695428 -0.4223299 0.9056885 0.03695702 0.4223259 0.9056907 0.03694868 0.4223277 0.9056901 0.03694266 -0.4223255 0.9056912 0.03694242 -0.4094917 0.9056912 0.1097277 0.4094977 0.905689 0.1097239 0.4094878 0.9056926 0.10973 -0.4094882 0.9056935 0.1097214 -0.3842126 0.9056939 0.1791625 0.3842245 0.9056894 0.1791602 0.3842203 0.9056912 0.1791605 -0.3842269 0.9056873 0.1791653 -0.3472662 0.9056907 0.2431675 0.3472663 0.9056918 0.2431638 0.347269 0.9056922 0.2431582 -0.3472702 0.9056918 0.2431579 -0.2997697 0.9056928 0.2997643 0.2997735 0.9056938 0.2997575 0.2997703 0.9056926 0.2997645 -0.2997658 0.9056936 0.2997658 -0.2431567 0.9056905 0.3472745 0.2431584 0.9056913 0.3472715 0.2431618 0.9056925 0.3472657 -0.2431647 0.9056947 0.3472582 -0.1791645 0.9056895 0.3842223 0.1791644 0.9056918 0.3842169 0.1791651 0.9056864 0.3842293 -0.1791652 0.9056912 0.3842177 -0.1097226 0.9056913 0.4094927 0.1097161 0.9056869 0.4095043 0.1097251 0.9056917 0.4094913 -0.1097196 0.9056917 0.4094926 -0.03695142 0.9056866 0.4223345 0.03694826 0.9056937 0.4223195 0.03695148 0.9056898 0.4223276 -0.03694814 0.9056943 0.4223183 0.0226379 0.9656784 -0.2587526 0.02263861 0.9656752 -0.2587645 -0.02263802 0.965678 -0.2587538 -0.02263891 0.9656742 -0.2587677 -0.06722617 0.9656832 -0.2508718 0.06722545 0.9656757 -0.2509012 0.06722503 0.9656772 -0.2508952 -0.06722497 0.965674 -0.2509077 -0.1097744 0.9656815 -0.2353912 0.1097719 0.9656801 -0.2353981 0.1097713 0.9656745 -0.2354212 -0.1097689 0.9656743 -0.2354232 -0.1489873 0.9656791 -0.2127599 0.1489847 0.965678 -0.2127661 0.1489855 0.9656751 -0.2127791 -0.1489828 0.9656753 -0.2127799 -0.183664 0.9656786 -0.183664 0.1836656 0.9656774 -0.1836686 0.1836649 0.965677 -0.1836713 -0.1836671 0.9656769 -0.1836704 -0.2127696 0.9656777 -0.1489822 0.2127676 0.9656774 -0.1489866 0.2127702 0.9656766 -0.1489886 -0.2127701 0.9656764 -0.1489901 -0.2354076 0.9656785 -0.1097651 0.2354111 0.9656769 -0.1097726 0.2354 0.9656794 -0.1097737 -0.2354096 0.9656767 -0.1097766 -0.2508965 0.9656772 -0.06721991 0.2508923 0.9656779 -0.06722539 0.2508939 0.9656779 -0.06721907 -0.2508906 0.9656775 -0.06723845 -0.2587557 0.9656776 -0.02263212 0.2587494 0.9656791 -0.02264344 0.2587587 0.9656767 -0.02263897 -0.2587556 0.9656773 -0.02264547 -0.2587566 0.9656774 0.02263218 0.2587552 0.9656777 0.0226379 0.2587571 0.965677 0.02264529 -0.2587571 0.965677 0.02264529 -0.2508919 0.9656785 0.06721943 0.250898 0.9656769 0.06722033 0.2508922 0.965678 0.06722509 -0.2508984 0.9656763 0.06722593 -0.2354065 0.9656786 0.109766 0.2354032 0.9656796 0.1097644 0.2354089 0.965677 0.1097763 -0.2354089 0.9656773 0.109773 -0.2127724 0.9656771 0.1489821 0.212768 0.9656792 0.1489752 0.2127701 0.9656764 0.1489901 -0.2127697 0.9656764 0.1489905 -0.1836672 0.9656769 0.1836701 0.1836642 0.9656796 0.1836584 0.1836662 0.9656771 0.1836695 -0.1836637 0.9656775 0.1836702 -0.1489851 0.9656779 0.2127667 0.1489827 0.9656781 0.2127674 0.1489853 0.9656752 0.2127789 -0.1489832 0.9656752 0.2127805 -0.1097782 0.9656777 0.2354048 0.1097739 0.9656804 0.235396 0.1097732 0.9656733 0.2354253 -0.1097681 0.9656749 0.2354214 -0.06722629 0.9656792 0.2508869 0.06722605 0.9656811 0.25088 0.06722503 0.9656739 0.2509081 -0.06722545 0.9656767 0.2508968 -0.02264088 0.9656789 0.2587504 0.02263897 0.9656741 0.2587686 0.02263784 0.9656786 0.2587518 -0.02263581 0.965674 0.2587694 0.007625281 0.9961671 -0.0871374 0.007624983 0.9961642 -0.08717197 -0.007625341 0.996166 -0.08715093 -0.007625102 0.9961641 -0.08717322 -0.02264487 0.9961667 -0.08449363 0.02264332 0.9961662 -0.08450019 0.02264511 0.9961653 -0.08451038 -0.02264326 0.9961642 -0.08452486 -0.03697657 0.9961656 -0.07928937 0.03697454 0.9961667 -0.07927727 0.03697663 0.9961647 -0.07930153 -0.03697419 0.9961659 -0.07928764 -0.05018466 0.9961666 -0.0716502 0.05018353 0.9961658 -0.0716626 0.05018389 0.9961645 -0.07167881 -0.05018275 0.9961636 -0.071693 -0.06186556 0.9961652 -0.06186801 0.06186562 0.9961655 -0.06186234 0.06186658 0.9961653 -0.06186658 -0.06186503 0.996164 -0.06188774 -0.07166904 0.9961656 -0.05017542 0.07166904 0.9961656 -0.05017542 0.07166928 0.996165 -0.05018949 -0.07166904 0.9961657 -0.05017614 -0.07929378 0.9961656 -0.03696829 0.07929438 0.9961653 -0.03697544 0.07929456 0.9961653 -0.03697448 -0.07929301 0.9961646 -0.036996 -0.08451008 0.9961655 -0.02263748 0.08451128 0.9961653 -0.02264082 0.08450889 0.9961655 -0.02264404 -0.08451163 0.996165 -0.02265185 -0.08715879 0.9961653 -0.00761485 0.08715921 0.9961653 -0.00761801 0.08715754 0.9961653 -0.007630467 -0.08715844 0.9961653 -0.007623136 -0.08715784 0.9961655 0.007614731 0.08715724 0.9961655 0.00761795 0.0871582 0.9961654 0.007623195 -0.08715879 0.9961653 0.007623255 -0.08451193 0.996165 0.02265071 0.08450943 0.9961656 0.02263408 0.08451038 0.9961652 0.02265149 -0.08450889 0.9961655 0.02264404 -0.0792939 0.9961654 0.0369752 0.07929438 0.9961655 0.03696894 0.07929515 0.996165 0.03698116 -0.07929342 0.9961652 0.03698039 -0.07166892 0.9961656 0.05017536 0.07166951 0.9961656 0.05017572 0.07166796 0.996165 0.05019122 -0.07166796 0.9961653 0.05018484 -0.06186538 0.9961655 0.06186217 0.0618664 0.9961655 0.06186234 0.06186568 0.9961658 0.06185936 -0.06186521 0.9961647 0.06187611 -0.05018323 0.9961662 0.07165569 0.05018353 0.9961666 0.07164973 0.05018347 0.9961636 0.07169282 -0.05018389 0.9961645 0.07167881 -0.03697407 0.9961668 0.07927626 0.03697603 0.9961657 0.07928985 0.03697478 0.9961659 0.07928693 -0.03697663 0.9961647 0.07930153 -0.02264326 0.9961662 0.08450007 0.02264404 0.9961662 0.08449989 0.0226441 0.9961641 0.08452451 -0.02264511 0.9961653 0.08451038 -0.007625401 0.9961665 0.08714509 0.007625937 0.9961653 0.08715784 0.007624447 0.9961661 0.08714979 -0.007625102 0.9961641 0.08717322 0 1 -1.82972e-6 0 1 -1.8297e-6 0 1 5.48917e-6 0 1 -3.65943e-6 0 1 3.65941e-6 0 1 -7.31892e-6 0 1 -7.31888e-6 0 1 -1.37229e-6 0 1 1.46377e-5 0 1 1.16644e-5 0 1 -1.46377e-5 0 1 7.31886e-6 0 1 -1.46377e-5 0 1 -7.31885e-6 0 1 3.65944e-6 0 1 -7.3189e-6 0 1 8.49878e-6 0 1 8.49907e-6 0 1 -3.39928e-5 0 1 -2.54948e-5 0 1 1.69971e-5 0 1 -3.18693e-5 0 1 -6.79867e-5 0 1 5.09901e-5 0 1 6.79867e-5 0 1 -8.49935e-6 0 1 3.39928e-5 5.52257e-7 0 -1 3.99373e-7 0 -1 -5.14901e-6 0 -1 1.73094e-6 0 -1 -1.60664e-6 0 -1 7.91059e-7 0 -1 -7.61415e-7 0 -1 0 -1 -1.77699e-5 0 -1 1.6111e-5 0 -1 -1.5584e-5 7.61415e-7 0 -1 1.60662e-6 0 -1 0 -1 1.61108e-5 0 -1 2.28765e-5 0 -1 -1.89342e-5 0 -1 -5.23434e-7 0 -1 1.5584e-5 0 -1 -7.30494e-6 0 -1 2.83758e-6 0 -1 3.82435e-6 0 -1 -1.6111e-5 0 -1 -1.20831e-5 0 -1 1.77699e-5 0 -1 1.11061e-6 0 -1 3.89304e-6 0 -1 1.57481e-6 0 -1 -7.68211e-5 0 -1 1.97476e-5 -3.29802e-6 0 1 -2.83756e-6 0 1 3.16424e-6 0 1 1.0298e-5 0 1 -1.59749e-6 0 1 -3.16428e-6 0 1 1.64899e-6 0 1 -1.83107e-6 0 1 1.59749e-6 0 1 -8.18712e-6 0 1 -0.07846146 -0.9969172 0 -0.07846146 -0.9969172 0 0 -0.9961947 -0.08715617 -0.07816427 -0.993147 -0.08688777 0.07846146 -0.9969172 0 0.07816481 -0.9931469 -0.08688837 0.07815879 -0.9931468 -0.08689463 0.07846146 -0.9969172 0 -0.07846152 -0.9969172 0 0 -0.9961947 0.08715611 0 -0.9961947 0.08715617 -0.07816308 -0.9931471 0.08688712 -0.07815998 -0.9931468 0.08689463 0.07846152 -0.9969172 0 0.07816463 -0.9931469 0.08688837 -0.2334386 -0.9723716 0 -0.2334386 -0.9723716 0 -0.2325564 -0.9686948 -0.08687877 -0.07815819 -0.993147 -0.08689397 0.2334398 -0.9723713 0 0.2325633 -0.968693 -0.08687978 0.2325561 -0.968694 -0.08688813 0.2334398 -0.9723712 0 -0.2334386 -0.9723716 0 -0.2334397 -0.9723713 0 0.2334397 -0.9723713 0 -0.2325656 -0.9686924 0.08688038 -0.2325567 -0.9686939 0.08688807 0.2325579 -0.9686935 0.0868898 0.07815867 -0.9931468 0.08689397 0 -0.9659255 -0.2588201 -0.07579743 -0.9631468 -0.2580759 0.0758053 -0.9631458 -0.2580772 0.07579821 -0.9631462 -0.2580777 0 -0.9659255 -0.2588204 0 -0.9659256 0.2588199 0 -0.9659255 0.2588201 -0.07580631 -0.9631452 0.2580791 -0.07579648 -0.9631474 0.2580741 0.07579815 -0.9631503 0.2580623 -0.2255377 -0.9394304 -0.2580763 -0.07580542 -0.9631458 -0.2580772 -0.2325647 -0.9686914 -0.08689475 0.2255371 -0.9394271 -0.258089 0.2255359 -0.9394307 -0.2580767 -0.2255377 -0.9394269 0.258089 -0.2255375 -0.9394299 0.2580785 0.2255367 -0.9394297 0.2580795 0.07580417 -0.9631416 0.2580933 0.2325624 -0.9686934 0.08687913 -0.3826909 -0.9238765 0 -0.382691 -0.9238764 0 -0.381242 -0.9203828 -0.08689123 0.382691 -0.9238764 0 0.3812375 -0.9203844 -0.08689397 0.3812444 -0.9203807 -0.08690243 0.3826909 -0.9238765 0 -0.3826907 -0.9238766 0 -0.3826912 -0.9238763 0 0.3826871 -0.923878 0 -0.3812378 -0.9203843 0.08689391 -0.3812449 -0.9203819 0.08688825 0.3826912 -0.9238763 0 0.381241 -0.9203827 0.08689707 0 -0.9063107 -0.4226123 -0.07115185 -0.9040122 -0.4215444 0.07114326 -0.9040127 -0.4215443 0.07115209 -0.904012 -0.4215443 0 -0.9063054 -0.4226236 0 -0.9063054 0.4226236 0 -0.9063107 0.4226123 -0.07114148 -0.904013 0.4215444 -0.07115137 -0.9040121 0.4215444 0.07115274 -0.9040134 0.4215414 -0.3697225 -0.8925823 -0.2580738 -0.2255368 -0.9394261 -0.2580927 -0.3812404 -0.9203832 -0.08689451 0.3697081 -0.892583 -0.2580921 0.3697237 -0.8925853 -0.258062 -0.3697069 -0.8925835 0.2580922 -0.3697239 -0.8925852 0.258062 0.3697243 -0.8925817 0.2580736 0.2255366 -0.9394261 0.2580927 0.3812404 -0.9203832 0.08689451 -0.2116885 -0.8817535 -0.4215434 -0.0711435 -0.9040127 -0.4215443 0.2116939 -0.8817524 -0.421543 0.2116908 -0.8817608 -0.4215269 -0.2116954 -0.8817521 0.4215429 -0.2116873 -0.8817615 0.4215272 0.2116892 -0.8817534 0.4215433 0.07114404 -0.9040112 0.4215474 -0.347015 -0.8377922 -0.4215267 -0.2116957 -0.8817585 -0.4215294 -0.3697099 -0.8925865 -0.2580779 0.3470123 -0.8377856 -0.4215424 0.3470212 -0.8377782 -0.4215497 -0.3470118 -0.8377857 0.4215425 -0.347016 -0.8377833 0.4215439 0.3470163 -0.8377918 0.4215266 0.2116948 -0.8817585 0.4215294 0.3697084 -0.892587 0.258078 -0.5224975 -0.8526408 0 -0.5224931 -0.8526435 0 -0.5205206 -0.8494164 -0.0868929 0.5224954 -0.8526421 0 0.5205163 -0.8494203 -0.08687943 0.5205203 -0.8494155 -0.08690309 0.5224907 -0.8526451 0 -0.522493 -0.8526436 0 -0.522498 -0.8526406 0 0.5224997 -0.8526394 0 -0.5205215 -0.8494171 0.08687984 -0.5205162 -0.8494181 0.08690261 0.5224912 -0.8526448 0 0.5205175 -0.8494182 0.08689308 -0.5047987 -0.8237571 -0.2580754 -0.520516 -0.8494191 -0.08689379 0.5048038 -0.8237555 -0.2580696 0.5047951 -0.823759 -0.2580755 -0.5048035 -0.8237558 0.2580697 -0.5047972 -0.8237579 0.2580752 0.5047991 -0.8237567 0.2580753 0.5205177 -0.8494181 0.08689373 0 -0.8191528 -0.5735754 -0.06433159 -0.8174578 -0.5723847 0.06433433 -0.8174573 -0.5723853 0.06433111 -0.81745 -0.5723958 0 -0.8191522 0.5735763 0 -0.8191525 0.5735759 -0.06433546 -0.8174572 0.5723852 -0.06432974 -0.8174501 0.5723959 0.06433236 -0.8174577 0.5723847 -0.1914274 -0.7973315 -0.5723794 -0.06433361 -0.8174485 -0.5723978 0.1914268 -0.7973242 -0.5723898 0.1914265 -0.7973277 -0.572385 -0.1914293 -0.7973206 0.5723939 -0.191421 -0.7973286 0.5723856 0.1914272 -0.7973287 0.5723833 0.06433475 -0.8174484 0.5723977 -0.473806 -0.7731773 -0.4215506 -0.3470163 -0.8377748 -0.4215603 -0.5047997 -0.8237564 -0.2580751 0.4738082 -0.773185 -0.4215341 0.4738086 -0.7731742 -0.4215531 -0.4738174 -0.7731769 0.4215386 -0.4738055 -0.7731776 0.4215507 0.4738076 -0.7731748 0.4215531 0.3470155 -0.8377751 0.4215605 0.5047993 -0.8237566 0.2580752 -0.3137892 -0.7575621 -0.5723952 -0.1914272 -0.7973165 -0.5724003 0.3137872 -0.7575677 -0.5723887 0.3137919 -0.7575691 -0.5723841 -0.3137857 -0.7575682 0.572389 -0.3137938 -0.7575687 0.5723838 0.313791 -0.7575586 0.5723989 0.1914224 -0.7973204 0.5723965 -0.649446 -0.7604078 0 -0.6494485 -0.7604056 0 -0.6469928 -0.7575291 -0.08689075 0.6494511 -0.7604034 0 0.6469919 -0.7575321 -0.08687317 0.6469932 -0.7575291 -0.08688813 0.649451 -0.7604035 0 -0.6494508 -0.7604036 0 -0.6494436 -0.7604098 0 0.6494508 -0.7604036 0 -0.646996 -0.7575284 0.08687275 -0.6469884 -0.7575333 0.08688777 0.6494513 -0.7604033 0 0.6469928 -0.7575292 0.08689081 -0.6274488 -0.7346435 -0.2580832 -0.6469881 -0.7575345 -0.08687984 0.6274527 -0.7346414 -0.2580798 0.6274394 -0.7346548 -0.2580741 -0.6274481 -0.7346449 0.2580811 -0.6274394 -0.7346548 0.2580741 0.6274485 -0.7346437 0.2580833 0.6469944 -0.7575308 0.08686578 -0.4284407 -0.6991419 -0.5723978 -0.3137906 -0.7575759 -0.5723761 -0.4738156 -0.7731812 -0.4215326 0.428442 -0.6991435 -0.5723949 0.4284506 -0.6991579 -0.5723708 -0.4284493 -0.6991489 0.5723828 -0.4284449 -0.6991516 0.5723827 0.4284443 -0.6991406 0.5723967 0.3137847 -0.7575808 0.5723728 0.4738128 -0.7731844 0.42153 0 -0.7071124 -0.7071012 -0.0555635 -0.7060098 -0.7060191 0.05555671 -0.7060147 -0.7060147 0.05556321 -0.7060145 -0.7060145 0 -0.7070987 -0.707115 0 -0.707099 0.7071146 0 -0.7071129 0.7071008 -0.05555146 -0.7060149 0.7060149 -0.05557191 -0.7060141 0.7060141 0.05556583 -0.7060097 0.7060191 -0.5889274 -0.6895427 -0.4215393 -0.6274453 -0.7346486 -0.258077 0.5889285 -0.6895418 -0.4215393 0.5889196 -0.6895412 -0.4215527 -0.5889278 -0.6895422 0.4215396 -0.5889224 -0.6895394 0.4215517 0.5889278 -0.6895425 0.4215392 0.6274399 -0.7346537 0.2580761 -0.1653316 -0.6886276 -0.7060153 -0.05555671 -0.7060258 -0.7060036 0.1653335 -0.6886318 -0.7060106 0.1653312 -0.6886253 -0.7060176 -0.1653322 -0.688632 0.7060108 -0.1653319 -0.6886252 0.7060176 0.1653257 -0.6886283 0.706016 0.05555701 -0.7060258 0.7060036 -0.271007 -0.6542793 -0.7060267 -0.165331 -0.6886211 -0.7060218 0.2710121 -0.6542932 -0.706012 0.2710051 -0.6542847 -0.7060226 -0.271016 -0.6542924 0.7060112 -0.2710043 -0.6542873 0.7060204 0.2710133 -0.6542781 0.7060255 0.1653296 -0.6886212 0.706022 -0.7604058 -0.6494482 0 -0.7604034 -0.6494511 0 -0.7575329 -0.6469881 -0.08689314 0.760401 -0.6494541 0 0.7575317 -0.6469903 -0.08688652 0.7575329 -0.6469878 -0.08689576 0.7604058 -0.6494482 0 -0.7604056 -0.6494485 0 0.7604006 -0.6494544 0 -0.7575352 -0.6469852 0.08689403 -0.7575282 -0.6469932 0.08689558 0.7604059 -0.6494482 0 0.757529 -0.6469932 0.08688843 -0.5325375 -0.6235149 -0.5723924 -0.4284508 -0.6991578 -0.5723708 -0.5889207 -0.6895416 -0.4215506 0.5325358 -0.6235182 -0.5723904 0.5325347 -0.62352 -0.5723894 -0.5325314 -0.6235245 0.5723876 -0.5325365 -0.6235154 0.5723929 0.5325394 -0.6235141 0.5723916 0.4284519 -0.6991537 0.5723749 0.5889204 -0.6895418 0.4215507 -0.7346511 -0.6274417 -0.2580787 -0.7575313 -0.64699 -0.08689373 0.7346472 -0.6274495 -0.258071 0.7346519 -0.6274423 -0.2580753 -0.7346449 -0.6274492 0.2580784 -0.7346531 -0.6274411 0.2580748 0.7346537 -0.6274392 0.2580777 0.7575352 -0.6469852 0.08689403 -0.3700355 -0.6038309 -0.7060183 -0.2710111 -0.6543021 -0.7060041 0.3700369 -0.6038318 -0.7060169 0.3700333 -0.603832 -0.7060188 -0.3700438 -0.60383 0.7060148 -0.3700298 -0.6038301 0.7060221 0.370034 -0.6038341 0.7060166 0.2710099 -0.6543024 0.7060043 -0.6895353 -0.5889239 -0.4215565 -0.7346472 -0.6274495 -0.258071 0.6895377 -0.5889235 -0.421553 0.6895406 -0.5889286 -0.4215409 -0.6895375 -0.5889238 0.4215531 -0.6895408 -0.5889224 0.4215494 0.6895407 -0.5889207 0.4215521 0.7346464 -0.6274504 0.2580713 0 -0.5735813 -0.8191486 -0.0450887 -0.5729904 -0.8183208 0.04509687 -0.5729932 -0.8183185 0.04508846 -0.5729905 -0.8183209 0 -0.5735746 -0.8191533 0 -0.5735746 0.8191533 0 -0.5735813 0.8191486 -0.0450924 -0.5729933 0.8183186 -0.04508662 -0.5729905 0.8183209 0.04509425 -0.5729903 0.8183206 -0.1341805 -0.5588756 -0.8183237 -0.04509645 -0.5729932 -0.8183185 0.1341716 -0.5588838 -0.8183196 0.1341809 -0.5588768 -0.8183228 -0.1341755 -0.5588835 0.8183191 -0.1341866 -0.5588764 0.8183221 0.134191 -0.5588824 0.8183174 0.04507851 -0.5729841 0.8183258 -0.4599341 -0.5385171 -0.7060171 -0.3700356 -0.6038294 -0.7060196 -0.5325339 -0.6235257 -0.5723839 0.4599394 -0.538514 -0.706016 0.4599405 -0.538517 -0.7060129 -0.4599385 -0.5385172 0.7060141 -0.459943 -0.5385249 0.7060053 0.4599342 -0.5385169 0.706017 0.3700327 -0.6038301 0.7060205 0.5325295 -0.6235277 0.5723859 -0.6235204 -0.5325378 -0.5723861 -0.6895402 -0.5889256 -0.4215462 0.6235236 -0.5325337 -0.5723865 0.6235203 -0.5325379 -0.5723862 -0.62352 -0.5325356 0.5723885 -0.6235234 -0.5325362 0.5723844 0.6235234 -0.5325362 0.5723844 0.6895399 -0.5889257 0.4215463 -0.2199487 -0.5310152 -0.8183187 -0.1341733 -0.5588904 -0.8183149 0.2199549 -0.5310183 -0.8183151 0.219949 -0.5310048 -0.8183254 -0.2199672 -0.5310067 0.8183193 -0.219942 -0.5310135 0.8183216 0.219951 -0.531015 0.8183183 0.1341711 -0.5588808 0.8183217 -0.8526407 -0.5224978 0 -0.852643 -0.522494 0 -0.8494194 -0.5205162 -0.0868901 0.8526408 -0.5224977 0 0.8494135 -0.5205262 -0.0868873 0.849412 -0.5205262 -0.0869019 0.8526407 -0.5224978 0 -0.8526428 -0.5224943 0 -0.8526409 -0.5224975 0 0.8526406 -0.5224981 0 -0.8494125 -0.5205267 0.08689463 -0.8494164 -0.5205201 0.08689492 0.8526409 -0.5224975 0 0.849412 -0.5205278 0.08689057 -0.8237542 -0.5048102 -0.2580618 -0.8494092 -0.5205308 -0.08690136 0.8237555 -0.504803 -0.2580714 0.8237602 -0.5047994 -0.2580637 -0.8237549 -0.5048038 0.2580718 -0.8237602 -0.5047994 0.2580637 0.8237571 -0.504802 0.2580686 0.8494128 -0.5205247 0.08690154 -0.3003157 -0.4900687 -0.8183173 -0.2199591 -0.5310142 -0.8183166 0.3003119 -0.4900642 -0.8183214 0.3003159 -0.4900687 -0.8183173 -0.3003047 -0.4900683 0.8183217 -0.3003209 -0.4900645 0.8183178 0.3003191 -0.4900681 0.8183164 0.219963 -0.5310137 0.8183159 -0.7731809 -0.4738067 -0.4215433 -0.8237586 -0.5047976 -0.2580725 0.7731826 -0.4737939 -0.4215542 0.7731731 -0.4738095 -0.4215543 -0.7731722 -0.4738145 0.4215505 -0.773182 -0.4738023 0.4215462 0.7731782 -0.4738053 0.4215497 0.8237597 -0.5047991 0.2580657 -0.538518 -0.4599339 -0.7060164 -0.4599412 -0.5385233 -0.7060076 -0.6235242 -0.532534 -0.5723856 0.5385124 -0.4599514 -0.7060094 0.5385225 -0.4599333 -0.7060134 -0.5385152 -0.4599387 0.7060155 -0.5385239 -0.4599361 0.7060105 0.5385192 -0.4599367 0.7060137 0.4599412 -0.5385198 0.7060104 0.6235204 -0.532536 0.5723878 -0.3732774 -0.4370555 -0.8183193 -0.3003104 -0.4900538 -0.8183282 0.3732746 -0.4370595 -0.8183186 0.3732836 -0.4370459 -0.8183216 -0.3732701 -0.4370607 0.8183199 -0.3732817 -0.4370547 0.8183178 0.3732879 -0.4370452 0.8183202 0.3003041 -0.4900602 0.8183267 -0.6991505 -0.4284431 -0.5723855 -0.7731789 -0.4738 -0.4215542 0.699143 -0.428441 -0.5723962 0.699153 -0.4284363 -0.5723875 -0.6991443 -0.4284403 0.5723953 -0.6991517 -0.4284371 0.5723885 0.6991549 -0.4284353 0.572386 0.7731734 -0.4738045 0.4215592 0 -0.4226212 -0.9063065 -0.03324359 -0.4223915 -0.9058037 0.03323763 -0.422378 -0.9058103 0.03324377 -0.422397 -0.9058011 0 -0.4226163 -0.9063087 0 -0.4226152 0.9063093 0 -0.4226205 0.9063068 -0.03323733 -0.4223739 0.9058121 -0.03324043 -0.4223971 0.9058013 0.03324496 -0.4223914 0.9058036 -0.09890723 -0.4119929 -0.9058032 -0.03323793 -0.4223859 -0.9058065 0.09891194 -0.4119737 -0.9058114 0.09890693 -0.4119843 -0.9058071 -0.09891718 -0.411984 0.905806 -0.09891015 -0.4119842 0.9058067 0.0989055 -0.411987 0.905806 0.03323829 -0.4223859 0.9058065 -0.1621446 -0.3914471 -0.9058026 -0.09891057 -0.4119678 -0.9058142 0.1621365 -0.3914456 -0.9058048 0.1621441 -0.3914385 -0.9058064 -0.1621288 -0.3914449 0.9058064 -0.1621483 -0.3914383 0.9058058 0.1621454 -0.391447 0.9058025 0.09889501 -0.4119684 0.9058156 -0.5385206 -0.4599419 -0.7060093 -0.4370597 -0.3732799 -0.8183159 -0.3732792 -0.4370575 -0.8183174 0.4370508 -0.3732779 -0.8183216 0.4370573 -0.3732958 -0.8183099 -0.4370511 -0.3732779 0.8183215 -0.4370629 -0.3732802 0.8183141 0.5385209 -0.4599379 0.7060117 0.4370636 -0.3732838 0.8183122 0.3732652 -0.4370539 0.8183258 -0.9238801 -0.382682 0 -0.9238784 -0.3826864 0 -0.9203851 -0.3812363 -0.08689105 0.9238802 -0.382682 0 0.9203851 -0.3812357 -0.08689427 0.9203878 -0.3812305 -0.08688867 0.9238766 -0.3826908 0 -0.9238783 -0.3826865 0 -0.9238802 -0.3826819 0 0.9238802 -0.3826822 0 -0.9203855 -0.3812347 0.08689409 -0.9203875 -0.3812312 0.08688879 0.9238766 -0.3826907 0 0.9203853 -0.3812361 0.08689099 -0.699143 -0.428441 -0.5723962 -0.6038305 -0.3700298 -0.7060217 0.6038349 -0.3700356 -0.7060149 0.6038345 -0.3700323 -0.706017 -0.6038337 -0.3700293 0.7060192 -0.6038361 -0.3700392 0.706012 0.6991394 -0.4284431 0.5723989 0.6038331 -0.3700363 0.7060162 -0.8925859 -0.3697171 -0.2580695 -0.9203876 -0.3812299 -0.08689457 0.8925838 -0.3697165 -0.2580776 0.8925842 -0.3697163 -0.2580762 -0.8925812 -0.369725 0.2580745 -0.8925859 -0.369717 0.2580694 0.8925862 -0.3697164 0.258069 0.9203882 -0.3812286 0.08689433 -0.2213793 -0.3612633 -0.9058035 -0.1621364 -0.3914247 -0.9058138 0.2213804 -0.361266 -0.9058023 0.2213827 -0.3612618 -0.9058033 -0.2213858 -0.3612565 0.9058047 -0.2213693 -0.361258 0.9058082 0.2213819 -0.3612669 0.9058016 0.1621243 -0.3914343 0.9058117 -0.8377789 -0.3470273 -0.4215434 -0.8925815 -0.3697234 -0.2580752 0.837778 -0.3470245 -0.4215472 0.8377833 -0.3470138 -0.4215456 -0.8377783 -0.3470222 0.4215486 -0.8377814 -0.3470203 0.4215441 0.8377868 -0.3470141 0.4215382 0.8925815 -0.3697175 0.258084 -0.2751646 -0.322178 -0.9058067 -0.2213811 -0.3612569 -0.9058057 0.2751717 -0.3221751 -0.9058055 0.2751609 -0.3221738 -0.9058093 -0.2751944 -0.3221729 0.9057995 -0.2751566 -0.3221788 0.9058089 0.2751666 -0.3221778 0.9058063 0.2213675 -0.3612436 0.9058143 -0.8377762 -0.3470237 -0.4215515 -0.7575659 -0.3138002 -0.5723841 0.7575637 -0.3137934 -0.5723907 0.7575642 -0.3137994 -0.5723868 -0.7575579 -0.3137946 0.5723976 -0.7575637 -0.3137979 0.5723882 0.8377792 -0.347016 0.4215522 0.7575684 -0.3137925 0.5723851 -0.4370456 -0.3732787 -0.8183241 -0.4900676 -0.300313 -0.8183191 -0.6038433 -0.3700351 -0.706008 0.490076 -0.3003102 -0.818315 0.490063 -0.3003103 -0.8183227 -0.4900699 -0.3003084 0.8183192 -0.4900627 -0.3003171 0.8183204 0.4370431 -0.3732852 0.8183224 0.490079 -0.300318 0.8183104 0.6038421 -0.3700289 0.7060123 -0.2751744 -0.3221782 -0.9058037 -0.3221779 -0.2751731 -0.9058042 0.3221802 -0.2751833 -0.9058003 0.3221682 -0.2751576 -0.9058124 -0.3221685 -0.2751786 0.9058059 -0.3221716 -0.2751612 0.9058101 0.2751672 -0.3221657 0.9058104 0.3221778 -0.2751666 0.9058063 -0.6542853 -0.2710142 -0.7060185 -0.7575579 -0.3137907 -0.5723999 0.6542904 -0.2710148 -0.7060135 0.6542853 -0.2710142 -0.7060185 -0.654295 -0.2710171 0.7060084 -0.6542878 -0.2710134 0.7060165 0.6542907 -0.2710156 0.7060129 0.7575599 -0.3137935 0.5723956 0 -0.2588177 -0.9659262 -0.02036225 -0.2587653 -0.9657257 0.02037292 -0.2587698 -0.9657242 0.02036219 -0.2587653 -0.9657257 0 -0.2588211 -0.9659253 0 -0.2588227 0.9659249 0 -0.2588193 0.9659258 -0.02037179 -0.2587717 0.9657238 -0.0203703 -0.2587627 0.9657262 0.02035194 -0.2587706 0.9657244 -0.06059646 -0.2523936 -0.9657255 -0.02037173 -0.2587665 -0.9657251 0.06059372 -0.2523811 -0.9657289 0.0605967 -0.2523998 -0.9657239 -0.06058108 -0.2523973 0.9657254 -0.06060445 -0.2523947 0.9657246 0.06057286 -0.2523939 0.9657269 0.0204131 -0.2587619 0.9657254 -0.09933179 -0.2398061 -0.9657258 -0.0605961 -0.2523912 -0.9657261 0.09932792 -0.2397955 -0.9657288 0.09932863 -0.2398038 -0.9657267 -0.0993027 -0.2398132 0.9657271 -0.09934258 -0.239801 0.965726 0.09932893 -0.2398111 0.9657248 0.06062048 -0.2524 0.9657223 -0.9723697 -0.2334463 0 -0.9723698 -0.2334464 0 -0.96869 -0.2325717 -0.08689129 0.9723709 -0.2334415 0 0.9686904 -0.23257 -0.086892 0.9686938 -0.2325584 -0.08688449 0.9723709 -0.2334415 0 -0.9723697 -0.2334464 0 0.9723709 -0.2334415 0 -0.9686906 -0.232569 0.08689159 -0.9686935 -0.2325584 0.08688807 0.9686919 -0.2325651 0.08688789 -0.1356211 -0.2213156 -0.9657258 -0.09932273 -0.2397933 -0.9657299 0.1356259 -0.2213208 -0.965724 0.1356223 -0.2213228 -0.9657241 -0.1356419 -0.2213203 0.9657219 -0.1356193 -0.221323 0.9657245 0.135613 -0.2213159 0.965727 0.09933978 -0.2397929 0.9657283 -0.939433 -0.2255353 -0.2580685 -0.9686937 -0.2325565 -0.08689057 0.9394299 -0.2255489 -0.2580681 0.9394338 -0.2255282 -0.2580724 -0.939432 -0.2255418 0.2580668 -0.939433 -0.2255355 0.2580689 0.9394305 -0.2255482 0.2580667 0.9686928 -0.2325622 0.08688634 -0.3221627 -0.2751579 -0.9058142 -0.3612617 -0.2213824 -0.9058034 -0.4900653 -0.300318 -0.8183185 0.3612599 -0.2213742 -0.9058062 0.3612637 -0.2213705 -0.9058055 -0.3612602 -0.2213877 0.9058028 -0.3612527 -0.2213667 0.9058108 0.3221732 -0.2751781 0.9058044 0.361258 -0.2213693 0.9058082 0.4900573 -0.3003023 0.8183291 -0.5310165 -0.2199522 -0.818317 -0.6542919 -0.271021 -0.7060098 0.5310221 -0.2199585 -0.8183116 0.5310117 -0.2199501 -0.8183206 -0.5310217 -0.2199519 0.8183137 -0.5310053 -0.219947 0.8183256 0.5310161 -0.2199626 0.8183144 0.6542827 -0.2710231 0.7060174 -0.9394318 -0.2255418 -0.2580678 -0.881752 -0.2116832 -0.4215493 0.8817521 -0.2116971 -0.4215422 0.8817505 -0.2116904 -0.4215486 -0.8817548 -0.2116898 0.4215399 -0.8817492 -0.2116824 0.4215554 0.9394332 -0.2255287 0.2580739 0.8817494 -0.2116975 0.4215474 -0.1356284 -0.2213349 -0.9657204 -0.1685723 -0.1973695 -0.9657271 0.1685649 -0.1973604 -0.9657301 0.1685793 -0.1973724 -0.9657252 -0.1685763 -0.1973699 0.9657263 -0.1685738 -0.1973735 0.9657259 0.1356443 -0.2213345 0.9657182 0.1685689 -0.1973687 0.9657279 -0.7973213 -0.1914154 -0.5723976 -0.8817505 -0.2116885 -0.4215497 0.7973303 -0.1914197 -0.5723836 0.7973238 -0.1914243 -0.5723911 -0.7973254 -0.1914189 0.5723907 -0.7973244 -0.1914179 0.5723926 0.7973249 -0.1914238 0.5723897 0.8817518 -0.2116891 0.4215467 -0.1685712 -0.1973782 -0.9657254 -0.1973768 -0.1685757 -0.9657249 0.197374 -0.1685732 -0.965726 0.1973726 -0.1685774 -0.9657255 -0.1973686 -0.1685633 0.9657288 -0.1973572 -0.168583 0.9657278 0.1686034 -0.1973672 0.9657221 0.1973662 -0.1685863 0.9657253 -0.6886297 -0.1653243 -0.7060149 -0.7973303 -0.1914197 -0.5723836 0.6886319 -0.1653297 -0.7060115 0.6886342 -0.1653254 -0.7060103 -0.6886331 -0.1653242 0.7060117 -0.6886355 -0.1653251 0.7060091 0.6886284 -0.1653246 0.706016 0.797328 -0.1914206 0.5723865 -0.3612559 -0.2213763 -0.9058073 -0.391431 -0.1621335 -0.9058116 -0.531001 -0.2199427 -0.8183295 0.391444 -0.1621511 -0.9058027 0.3914336 -0.1621345 -0.9058102 -0.3914491 -0.1621305 0.9058042 -0.3914309 -0.1621417 0.9058102 0.361261 -0.2213758 0.9058054 0.3914282 -0.1621406 0.9058114 0.5310131 -0.2199412 0.818322 -0.1973738 -0.1685732 -0.9657261 -0.2213199 -0.135618 -0.9657254 0.2213162 -0.1356133 -0.9657269 0.2213174 -0.1356217 -0.9657253 -0.2213273 -0.1356129 0.9657244 -0.2213034 -0.1356222 0.9657285 0.1973686 -0.1685633 0.9657288 0.2213205 -0.135623 0.9657244 -0.5588981 -0.1341842 -0.8183077 -0.6886405 -0.1653263 -0.7060039 0.558889 -0.1341772 -0.8183152 0.5588752 -0.1341787 -0.8183243 -0.5589037 -0.1341732 0.8183058 -0.558873 -0.1341789 0.8183257 0.5588877 -0.1341818 0.8183153 0.6886448 -0.1653201 0.7060012 0 -0.08715456 -0.9961949 -0.006861507 -0.08715862 -0.9961708 0.006861627 -0.08715438 -0.9961712 0 -0.08715695 -0.9961947 0 -0.08715665 0.9961947 0 -0.0871542 0.9961948 -0.006864905 -0.08715349 0.9961712 0.006846964 -0.08714926 0.9961718 -0.02040851 -0.08499842 -0.9961721 0.02040851 -0.08500355 -0.9961717 -0.02043002 -0.08500438 0.9961712 0.02041691 -0.08500868 0.9961711 -0.03345376 -0.0807749 -0.9961708 0.03345406 -0.08077573 -0.9961707 -0.03344047 -0.08077067 0.9961717 0.03345042 -0.08076977 0.9961714 -0.9969179 -0.07845199 0 -0.9969172 -0.07846212 0 -0.9931466 -0.07816225 -0.08689355 0.9969176 -0.07845705 0 0.9931474 -0.07815718 -0.08688908 0.993147 -0.07816225 -0.08688914 0.9969167 -0.07846724 0 -0.9969172 -0.07846224 0 -0.9969179 -0.07845199 0 0.9969176 -0.07845717 0 -0.9931467 -0.07816398 0.08689171 -0.9931469 -0.07816243 0.08689016 0.9969167 -0.07846719 0 0.9931469 -0.07816243 0.08689022 -0.2213158 -0.1356234 -0.9657254 -0.2398048 -0.09932804 -0.9657265 -0.3914411 -0.1621394 -0.9058061 0.2398166 -0.09934341 -0.965722 0.2398049 -0.09932333 -0.965727 -0.2398208 -0.09933292 0.965722 -0.2398027 -0.09933358 0.9657265 0.2213171 -0.1356233 0.9657251 0.2398084 -0.09933829 0.9657246 0.3914403 -0.1621395 0.9058065 -0.04567861 -0.0745396 -0.9961714 0.04567861 -0.0745396 -0.9961714 -0.0456714 -0.0745396 0.9961717 0.04566115 -0.07453966 0.9961722 -0.411988 -0.09890466 -0.9058057 -0.5588714 -0.1341659 -0.818329 0.4120063 -0.09891253 -0.9057965 0.4119704 -0.09890758 -0.9058133 -0.4119997 -0.09890252 0.9058007 -0.411967 -0.09890073 0.9058157 0.4119843 -0.09890484 0.9058073 0.5588721 -0.1341727 0.8183274 -0.9931475 -0.07815718 -0.08688819 -0.9631469 -0.07580709 -0.2580727 0.9631459 -0.07580566 -0.2580769 0.9631472 -0.07579261 -0.2580755 -0.9631472 -0.07579833 0.2580738 -0.9631481 -0.07580703 0.258068 0.9931471 -0.07816398 0.08688765 0.963146 -0.07580697 0.258076 -0.9040115 -0.07114851 -0.4215463 -0.9631488 -0.0757907 -0.2580701 0.904014 -0.07113707 -0.4215427 0.904011 -0.07115608 -0.4215461 -0.9040136 -0.07115322 0.4215409 -0.9040098 -0.07114046 0.4215514 0.9040142 -0.07115614 0.4215389 0.9631463 -0.07579821 0.2580773 -0.05678051 -0.06647843 -0.9961711 0.05677932 -0.06648218 -0.9961708 -0.05676823 -0.06647706 0.9961718 0.05675911 -0.06647849 0.9961723 -0.817452 -0.06433552 -0.5723925 -0.9040099 -0.07114499 -0.4215501 0.817455 -0.06433582 -0.5723882 0.8174526 -0.06433558 -0.5723918 -0.8174541 -0.06433594 0.5723896 -0.8174526 -0.06434369 0.5723907 0.8174508 -0.06434386 0.5723934 0.9040112 -0.07113653 0.421549 -0.06647664 -0.05678009 -0.9961711 0.0664767 -0.05676984 -0.9961717 -0.06647294 -0.05678015 0.9961714 0.06648832 -0.05677491 0.9961707 -0.7060003 -0.05556046 -0.7060289 -0.8174561 -0.06433588 -0.5723866 0.7059989 -0.05556118 -0.7060302 0.7060222 -0.0555669 -0.7060064 -0.7059976 -0.05556678 0.706031 -0.7060226 -0.05556219 0.7060063 0.7059987 -0.05556523 0.7060301 0.8174552 -0.06433606 0.572388 -0.2398236 -0.09934139 -0.9657204 -0.2523813 -0.06059098 -0.9657289 -0.4119712 -0.09890407 -0.9058133 0.2523866 -0.06057965 -0.9657283 0.2523947 -0.0605942 -0.9657253 -0.252381 -0.06060028 0.9657285 -0.2523949 -0.06059402 0.9657253 0.2398317 -0.09933102 0.9657195 0.2523772 -0.06059104 0.96573 0.4119674 -0.09890395 0.905815 -0.07454049 -0.04567468 -0.9961715 0.07454049 -0.0456798 -0.9961713 -0.07455706 -0.04567462 0.9961702 0.07455188 -0.0456798 0.9961704 -0.5730065 -0.04508996 -0.8183096 -0.7060222 -0.05556857 -0.7060064 0.5730069 -0.04509425 -0.8183091 0.5729943 -0.04510569 -0.8183172 -0.5730041 -0.04508721 0.8183115 -0.5729977 -0.04510551 0.8183149 0.57301 -0.04508423 0.8183074 0.7060242 -0.05556291 0.7060047 -0.08076757 -0.03345555 -0.9961714 0.08076632 -0.03345507 -0.9961715 -0.08075439 -0.03345561 0.9961724 0.08075952 -0.03345561 0.9961721 -0.4223844 -0.03324508 -0.905807 -0.5729877 -0.04510706 -0.8183218 0.4224053 -0.03324991 -0.905797 0.422378 -0.03323739 -0.9058102 -0.4224019 -0.03324997 0.9057987 -0.4223791 -0.03324455 0.9058095 0.4223826 -0.03325223 0.9058076 0.5729846 -0.04510718 0.8183239 -0.0850051 -0.02041155 -0.9961715 -0.2523989 -0.0606032 -0.9657236 0.08500772 -0.02040702 -0.9961714 -0.08500015 -0.0204122 0.9961719 0.08499759 -0.02040642 0.9961723 0.2524082 -0.06059277 0.9657219 -0.2587618 -0.02036178 -0.9657266 -0.422393 -0.03323847 -0.9058033 0.2587586 -0.02037185 -0.9657272 0.2587699 -0.02037292 -0.9657242 -0.2587621 -0.02036154 0.9657265 -0.2587659 -0.02036768 0.9657254 0.2587473 -0.02036625 0.9657304 0.4223937 -0.03323847 0.9058029 -0.08715128 -0.006851971 -0.9961715 -0.2587757 -0.02037322 -0.9657227 0.08715474 -0.006857395 -0.9961712 -0.08714872 -0.00685203 0.9961718 0.08714747 -0.006857097 0.9961719 0.2587933 -0.02037429 0.9657179 -0.08715653 0 -0.9961947 0.08715653 0 -0.9961947 -0.258818 0 -0.9659262 0.258818 0 -0.9659262 -0.4226175 0 -0.9063082 0.4226175 0 -0.9063082 0.4226174 0 -0.9063082 -0.4226174 0 -0.9063082 -0.5735757 0 -0.8191525 0.5735802 0 -0.8191495 0.5735759 0 -0.8191525 -0.5735803 0 -0.8191494 -0.7071065 0 -0.7071071 0.7071065 0 -0.7071071 -0.8191535 0 -0.5735744 0.8191535 0 -0.5735744 -0.9063064 0 -0.4226213 0.9063082 0 -0.4226174 -0.9659265 0 -0.258817 0.9659252 0 -0.2588213 0.9659259 0 -0.2588188 -0.9659265 0 -0.2588167 -0.9961948 0 -0.08715587 0.9961948 0 -0.08715587 -0.9961948 0 -0.08715593 -0.9961947 0 0.08715617 0.9961948 0 0.08715575 0.9961947 0 0.08715617 -0.9659269 0 0.2588152 -0.9961948 0 0.08715575 0.9659257 0 0.2588197 0.9659258 0 0.2588196 -0.9063068 0 0.4226204 -0.9659263 0 0.2588176 0.9063078 0 0.4226184 0.9063086 0 0.4226166 -0.8191543 0 0.5735733 -0.906306 0 0.4226222 0.8191528 0 0.5735755 0.8191522 0 0.5735765 -0.7071068 0 0.7071068 -0.8191505 0 0.5735786 0.7071068 0 0.7071068 -0.5735733 0 0.8191543 0.5735733 0 0.8191543 0.5735777 0 0.8191512 -0.4226242 0 0.906305 -0.5735777 0 0.8191512 0.4226089 0 0.9063122 0.4226242 0 0.906305 -0.2588207 0 0.9659254 -0.4226089 0 0.9063122 0.2588207 0 0.9659254 -0.08715498 0 0.9961948 0.08715498 0 0.9961948 0 0.08715695 -0.9961947 -0.0850051 0.02041155 -0.9961715 -0.0871585 0.006852507 -0.9961709 -0.07454049 0.04567468 -0.9961715 -0.06647664 0.05678009 -0.9961711 -0.05677819 0.06647568 -0.9961713 -0.04567676 0.07453656 -0.9961717 -0.03345376 0.0807749 -0.9961708 -0.02040916 0.08500105 -0.9961719 -0.006857693 0.08715951 -0.9961708 -0.08076757 0.03345555 -0.9961714 0.0204091 0.08500617 -0.9961714 0.006857812 0.08715617 -0.9961711 0.04567676 0.07453656 -0.9961717 0.05678051 0.06648355 -0.9961707 0.0664767 0.05676984 -0.9961717 0.07454049 0.0456798 -0.9961713 0.08077424 0.03345829 -0.9961708 0.0850051 0.02040642 -0.9961715 0.0871585 0.006857693 -0.9961709 0.03345376 0.0807749 -0.9961708 0 0.08715575 -0.9961947 -0.2587577 0.02035117 -0.9657279 -0.2587617 0.02037227 -0.9657264 0.2587792 0.02037352 -0.9657217 -0.4223979 0.03324931 -0.9058006 -0.4223845 0.03323793 -0.9058073 0.2587457 0.02037101 -0.9657307 0.4223895 0.03323823 -0.9058049 -0.5730099 0.04509449 -0.818307 -0.5729853 0.04509937 -0.8183239 0.422393 0.03324574 -0.905803 0.5729797 0.04510641 -0.8183274 -0.705996 0.055561 -0.7060331 -0.7060187 0.0555666 -0.7060099 0.573009 0.04509568 -0.8183076 0.7060095 0.05557316 -0.7060187 -0.817454 0.0643357 -0.5723897 -0.8174535 0.06433624 -0.5723903 0.7060109 0.05555665 -0.7060185 0.817455 0.06433582 -0.5723882 -0.9040123 0.07114583 -0.4215447 -0.9040085 0.07114827 -0.4215525 0.817453 0.06433618 -0.572391 0.9040089 0.07114553 -0.4215524 -0.9631476 0.07579821 -0.2580726 -0.9631473 0.07579988 -0.2580729 0.9040125 0.07114857 -0.421544 0.963147 0.07579058 -0.2580772 -0.9931468 0.07816439 -0.08689081 -0.9931475 0.07815515 -0.08689051 0.9931474 0.07815718 -0.08688908 0.9631463 0.07580709 -0.2580744 -0.9969172 0.07846218 0 -0.996918 0.07845199 0 0.9969167 0.07846719 0 0.993147 0.07816225 -0.08688998 -2.57447e-6 0 -1 0.9969176 0.07845705 0 1.02979e-5 0 1 -0.9969179 0.07845211 0 -0.9969171 0.07846212 0 -5.14895e-6 0 1 0.9969168 0.0784673 0 -0.9931467 0.07816237 0.08689284 -0.9931468 0.07816398 0.08689033 0.9969176 0.07845705 0 0.9931464 0.07816952 0.0868901 -0.9631482 0.07579839 0.2580703 -0.9631465 0.07580691 0.258074 0.9631475 0.07579976 0.2580724 0.9931475 0.07815676 0.08688861 -0.9040117 0.0711379 0.4215476 -0.9040099 0.07115566 0.4215486 0.9040093 0.07114803 0.4215512 0.963146 0.07580584 0.2580763 -0.8174541 0.06433594 0.5723896 -0.8174527 0.06434434 0.5723904 0.817456 0.06434398 0.5723859 0.9040115 0.07114613 0.4215465 -0.7060117 0.05556195 0.7060173 -0.7060085 0.05556613 0.7060202 0.7060189 0.0555666 0.7060096 0.8174514 0.06433612 0.5723932 -0.5729767 0.04510653 0.8183296 -0.5730125 0.04509001 0.8183054 0.5729888 0.04509371 0.8183217 0.7059951 0.05556106 0.706034 -0.4223902 0.03323817 0.9058045 -0.4223882 0.03325295 0.9058049 0.4223856 0.03324502 0.9058064 0.5730068 0.0450946 0.8183091 -0.2587827 0.02037346 0.9657208 -0.2587522 0.02036136 0.9657291 0.2587578 0.02036708 0.9657275 0.4223943 0.03324937 0.9058023 -0.08715498 0.006852567 0.9961713 0.08715462 0.006857693 0.9961712 0.2587431 0.02037036 0.9657314 -0.02041757 0.08500617 0.9961712 -0.006888151 0.08715438 0.9961711 -0.04565924 0.07453656 0.9961724 -0.05675911 0.06647849 0.9961723 -0.06646782 0.05678015 0.9961717 -0.07455193 0.04567462 0.9961706 -0.08075952 0.03345561 0.9961721 -0.08499753 0.02041155 0.9961721 -0.03345042 0.08076977 0.9961714 0 0.08715665 0.9961947 0 0.0871554 0.9961947 0.08499759 0.02040642 0.9961723 0.07455188 0.0456798 0.9961704 0.06648832 0.05677491 0.9961707 0.05675911 0.06647849 0.9961723 0.04565924 0.07453656 0.9961724 0.03345042 0.08076977 0.9961714 0.02041751 0.0850113 0.9961708 0.006888329 0.08715105 0.9961713 0.0807662 0.03345835 0.9961714 -0.2523713 0.06059658 -0.9657313 -0.2524018 0.06059587 -0.9657233 0.2524068 0.06058448 -0.9657228 -0.2523955 0.06060004 0.9657247 0.2523711 0.06057602 0.9657326 0.2524024 0.06060105 0.9657228 -0.4119804 0.09889584 -0.9058101 -0.4119826 0.09890896 -0.9058076 0.2523845 0.06059169 -0.9657282 0.4119902 0.09891909 -0.905803 -0.2523842 0.06059271 0.9657281 -0.4119749 0.09889465 0.9058126 0.4119718 0.09890377 0.9058131 0.4119856 0.09890174 0.9058071 -0.2398145 0.09933203 -0.9657236 -0.2398177 0.09933894 -0.9657222 0.2398236 0.09934139 -0.9657204 -0.2398317 0.09933102 0.9657195 0.2398182 0.09934228 0.9657217 0.2398161 0.09932667 0.9657239 -0.5588834 0.1341738 -0.8183194 -0.558878 0.1341738 -0.8183231 0.4119762 0.09890025 -0.9058114 0.5588819 0.1341734 -0.8183206 -0.4119843 0.09890139 0.9058077 -0.5588639 0.1341708 0.8183333 0.558877 0.1341723 0.8183242 0.5588794 0.1341791 0.8183214 -0.2213008 0.1356039 -0.9657317 -0.2213107 0.1356176 -0.9657275 0.2212982 0.1356126 -0.965731 0.2398047 0.09933322 -0.965726 -0.2212897 0.1356129 0.9657329 -0.2398158 0.09933716 0.9657228 0.2213329 0.1356172 0.9657225 0.2213016 0.1356179 0.9657295 -0.6886394 0.1653259 -0.7060051 -0.6886349 0.1653273 -0.7060091 0.5588765 0.134179 -0.8183234 0.6886373 0.165331 -0.7060059 -0.5588887 0.1341758 0.8183156 -0.6886407 0.1653251 0.706004 0.6886434 0.1653198 0.7060026 0.6886351 0.1653273 0.706009 -0.1973727 0.1685515 -0.9657301 -0.1973764 0.1685859 -0.9657232 0.1973895 0.1685866 -0.9657204 0.2213109 0.1356125 -0.9657281 -0.1973839 0.1685867 0.9657216 -0.2213118 0.1356124 0.965728 0.1973808 0.1685811 0.9657232 0.1973666 0.1685761 0.965727 -0.3914398 0.1621285 -0.9058087 -0.3914352 0.1621451 -0.9058077 0.3914448 0.1621409 -0.9058042 -0.3914433 0.1621512 0.905803 0.3914422 0.1621485 0.905804 0.3914268 0.1621388 0.9058124 -0.7973253 0.1914204 -0.5723905 -0.7973314 0.1914162 -0.5723832 0.6886327 0.1653268 -0.7060114 0.7973273 0.1914209 -0.5723873 -0.6886304 0.1653273 0.7060136 -0.7973245 0.1914221 0.5723908 0.7973301 0.1914212 0.5723834 0.7973242 0.1914241 0.5723907 -0.1685712 0.1973782 -0.9657254 -0.1685757 0.1973735 -0.9657257 0.1685716 0.1973683 -0.9657275 0.1973687 0.168574 -0.965727 -0.1685965 0.1973935 0.9657179 -0.1973685 0.168574 0.9657269 0.1685733 0.1973682 0.9657271 0.1685723 0.1973726 0.9657264 -0.8817508 0.2116866 -0.42155 -0.8817506 0.2116829 -0.4215525 0.7973284 0.1914237 -0.5723851 0.8817508 0.2116866 -0.4215501 -0.7973284 0.1914149 0.5723878 -0.8817476 0.2116859 0.421557 0.881749 0.2116946 0.4215496 0.8817506 0.2116904 0.4215484 -0.1356219 0.2213141 -0.9657261 -0.1356209 0.2213206 -0.9657248 0.1356229 0.2213261 -0.9657232 0.1685759 0.1973684 -0.9657266 -0.1356389 0.2213256 0.9657211 -0.1685586 0.1973741 0.9657285 0.1356278 0.221314 0.9657253 0.1356128 0.2213209 0.9657258 -0.9394324 0.2255344 -0.2580717 -0.9394313 0.2255422 -0.258069 0.9394325 0.2255344 -0.2580717 0.8817505 0.2116981 -0.4215448 -0.9394317 0.2255356 0.2580732 -0.8817535 0.2116835 0.4215461 0.9394283 0.2255485 0.2580743 0.9394332 0.2255283 0.2580744 -0.9686903 0.2325699 -0.08689379 -0.9686935 0.2325584 -0.08688807 0.9394297 0.2255418 -0.2580749 0.9686926 0.2325634 -0.08688497 -0.9394322 0.2255409 0.2580667 -0.968694 0.2325551 0.08689182 0.9686906 0.2325689 0.08689337 0.9686938 0.2325584 0.08688449 -0.5310132 0.2199515 -0.8183192 -0.5310166 0.2199521 -0.8183169 0.3914377 0.1621461 -0.9058064 0.5310235 0.2199485 -0.8183134 -0.3914358 0.1621324 0.9058097 -0.5310193 0.2199625 0.8183123 0.5310125 0.2199583 0.8183178 0.5310174 0.219952 0.8183165 -0.09932863 0.2398076 -0.9657257 -0.09933078 0.2398037 -0.9657264 0.1356211 0.2213156 -0.9657258 0.09932667 0.2398028 -0.9657271 -0.135613 0.2213159 0.965727 -0.09934377 0.2398024 0.9657254 0.09931337 0.2397934 0.9657308 0.09934753 0.2398107 0.965723 -0.361261 0.2213893 -0.9058021 -0.3612602 0.2213684 -0.9058074 0.3612695 0.2213847 -0.9057998 -0.3612747 0.2213842 0.9057978 0.3612699 0.2213749 0.905802 0.3612607 0.2213684 0.9058073 -0.9723697 0.2334463 0 -0.9723698 0.2334464 0 0.9723709 0.2334415 0 0.9686917 0.2325649 -0.08689135 5.00921e-7 0 -1 0.9723709 0.2334415 0 -0.9723697 0.2334464 0 0.9723709 0.2334415 0 -0.9686903 0.2325719 0.08688777 -0.06059491 0.2523862 -0.9657275 -0.06059664 0.2523941 -0.9657253 0.09932881 0.2397989 -0.9657279 0.06059336 0.2524004 -0.9657239 -0.09932994 0.2398136 0.9657242 -0.06062185 0.2523953 0.9657233 0.06056672 0.2523912 0.9657279 0.06061494 0.2524001 0.9657226 -0.02036058 0.2587718 -0.9657239 -0.02036219 0.2587653 -0.9657257 0.06059622 0.2523874 -0.965727 0.02036058 0.2587621 -0.9657265 -0.06059342 0.2523923 0.965726 -0.02037221 0.2587769 0.9657223 0.0203461 0.2587623 0.9657269 0.02037268 0.2587679 0.9657247 0 0.2588177 -0.9659262 0.02036237 0.2587679 -0.9657249 -0.02035135 0.2587627 0.9657265 0 0.2588193 0.9659258 -0.6542945 0.271022 -0.706007 -0.6542894 0.2710129 -0.7060151 0.5310103 0.2199608 -0.8183186 0.6542956 0.2710169 -0.706008 -0.5310132 0.2199447 0.8183211 -0.6542982 0.2710161 0.7060058 0.6542827 0.2710231 0.7060174 0.6542931 0.2710117 0.7060122 -0.32218 0.2751833 -0.9058003 -0.3221744 0.2751629 -0.9058085 0.3221741 0.2751781 -0.905804 0.3612629 0.2213689 -0.9058063 -0.3221694 0.2751689 0.9058085 -0.36126 0.2213826 0.9058041 0.3221793 0.2751834 0.9058007 0.3221673 0.2751637 0.9058109 -0.4900692 0.3003132 -0.8183179 -0.4900668 0.3003181 -0.8183176 0.490076 0.3003102 -0.818315 -0.4900695 0.3003241 0.8183138 0.4900713 0.3003065 0.8183191 0.4900658 0.3003134 0.81832 -0.7575714 0.313793 -0.5723806 -0.7575573 0.3137997 -0.5723957 0.6542851 0.2710111 -0.7060199 0.7575591 0.3137972 -0.5723947 -0.6542947 0.2710143 0.7060096 -0.7575609 0.3137891 0.5723968 0.75757 0.3137938 0.5723822 0.7575603 0.3137917 0.572396 -0.2751691 0.3221721 -0.9058074 -0.2751609 0.3221738 -0.9058093 0.2751639 0.322166 -0.9058113 0.3221786 0.2751665 -0.905806 -0.2751568 0.3221534 0.9058178 -0.3221772 0.2751732 0.9058044 0.275187 0.3221704 0.9058026 0.2751462 0.3221707 0.9058148 -0.8377767 0.3470273 -0.4215477 -0.8377786 0.3470302 -0.4215413 0.8377791 0.34702 -0.4215488 0.7575682 0.313796 -0.5723833 -0.8377768 0.3470271 0.4215474 -0.7575674 0.3138028 0.5723807 0.8377807 0.3470184 0.4215468 0.8377826 0.3470163 0.4215447 -0.2213762 0.3612591 -0.905806 -0.2213792 0.361256 -0.9058066 0.2751645 0.322178 -0.9058067 0.2213802 0.361266 -0.9058023 -0.2751666 0.3221778 0.9058063 -0.2213659 0.3612582 0.9058089 0.2213767 0.3612501 0.9058095 0.2213783 0.361261 0.9058048 -0.89258 0.3697259 -0.258077 -0.8925855 0.3697168 -0.2580711 0.8377788 0.3470227 -0.4215471 0.8925842 0.3697202 -0.2580707 -0.8377818 0.3470236 0.4215405 -0.8925813 0.3697274 0.2580704 0.8925817 0.3697208 0.2580787 0.8925847 0.3697165 0.2580745 -0.6038314 0.3700279 -0.706022 -0.6038371 0.3700294 -0.7060163 0.4900676 0.300313 -0.8183191 0.6038397 0.3700385 -0.7060093 -0.4900701 0.3003125 0.8183178 -0.6038284 0.3700333 0.7060217 0.6038349 0.3700356 0.7060149 0.6038402 0.3700341 0.7060112 -0.4370548 0.3732813 -0.8183179 -0.437057 0.3732814 -0.8183168 0.437057 0.3732814 -0.8183168 -0.437056 0.3732874 0.8183145 0.4370531 0.3732795 0.8183196 0.4370632 0.3732947 0.8183075 -0.9203857 0.381236 -0.08688706 -0.9203876 0.3812305 -0.08689218 0.8925842 0.3697163 -0.2580762 0.9203879 0.3812298 -0.08689093 -0.8925842 0.3697163 0.2580762 -0.9203885 0.3812287 0.08689069 0.9203861 0.381235 0.08688688 0.9203873 0.3812311 0.08689236 -0.1621388 0.391441 -0.9058064 -0.1621438 0.3914376 -0.905807 0.2213799 0.3612571 -0.9058059 0.1621426 0.3914395 -0.9058063 -0.2213761 0.3612574 0.9058067 -0.1621305 0.3914491 0.9058042 0.1621303 0.3914465 0.9058054 0.1621444 0.3914375 0.9058068 -0.9238783 0.3826864 0 -0.9238802 0.382682 0 0.9238766 0.3826907 0 0.9203854 0.3812363 -0.08688837 8.65482e-7 0 -1 0.9238801 0.382682 0 -0.9238802 0.3826822 0 -0.9238784 0.3826863 0 2.59645e-6 0 1 0.9238765 0.3826909 0 -0.9203851 0.3812373 0.08688855 0.9238802 0.3826819 0 -0.098912 0.4119843 -0.9058066 -0.09890621 0.4119817 -0.9058084 0.1621389 0.3914405 -0.9058066 0.09891188 0.4119629 -0.9058161 -0.1621448 0.3914384 0.9058063 -0.09889549 0.411981 0.9058098 0.09890723 0.4119758 0.9058109 0.09890484 0.4119843 0.9058073 -0.03323698 0.42237 -0.9058141 -0.03324383 0.422397 -0.9058011 0.09890669 0.4119902 -0.9058044 0.03323793 0.4223859 -0.9058065 -0.09890484 0.4119843 0.9058073 -0.03323781 0.4223799 0.9058093 0.0332396 0.422378 0.9058102 0.03324538 0.422397 0.9058011 0 0.4226159 -0.9063089 0.03324359 0.4223915 -0.9058037 0 0.4226216 -0.9063063 -0.03324496 0.4223914 0.9058036 0 0.4226152 0.9063093 0 0.4226205 0.9063068 -0.6991509 0.4284409 -0.5723866 -0.6991493 0.4284379 -0.5723909 0.6991473 0.4284386 -0.5723928 0.6038391 0.3700307 -0.7060139 -0.6991367 0.4284358 0.5724078 -0.6038391 0.3700307 0.7060139 0.6991503 0.4284412 0.5723871 0.6991522 0.4284349 0.5723897 -0.3732791 0.4370576 -0.8183175 -0.3732767 0.4370545 -0.8183202 0.437053 0.3732908 -0.8183145 0.3732693 0.4370531 -0.8183243 -0.4370616 0.3732753 0.8183169 -0.3732664 0.437048 0.8183283 0.3732689 0.437048 0.8183273 0.3732866 0.4370483 0.818319 -0.5385122 0.4599346 -0.7060204 -0.5385207 0.4599362 -0.706013 0.5385093 0.4599266 -0.7060279 -0.538511 0.459935 0.7060211 0.5385093 0.4599344 0.7060227 0.5385208 0.4599328 0.706015 -0.7731819 0.473805 -0.4215431 -0.7731828 0.4737958 -0.4215519 0.6991567 0.4284342 -0.5723845 0.7731822 0.473797 -0.4215516 -0.6991613 0.4284354 0.572378 -0.7731787 0.4738039 0.4215505 0.7731842 0.4737952 0.4215501 0.7731732 0.4738075 0.4215563 -0.3003116 0.4900705 -0.8183177 -0.3003173 0.4900597 -0.8183221 0.3732836 0.4370459 -0.8183216 0.3003163 0.4900708 -0.8183159 -0.3732895 0.4370671 0.8183076 -0.3003076 0.4900659 0.8183221 0.3003141 0.4900648 0.8183203 0.3003209 0.4900711 0.818314 -0.8237547 0.5048055 -0.2580687 -0.8237605 0.5047946 -0.2580721 0.7731788 0.473801 -0.4215534 0.8237619 0.5047947 -0.2580673 -0.7731828 0.4738011 0.421546 -0.8237605 0.5047967 0.2580683 0.8237549 0.5048038 0.2580718 0.8237625 0.504792 0.2580708 -0.2199566 0.531008 -0.8183213 -0.2199497 0.5310177 -0.8183169 0.3003129 0.4900642 -0.818321 0.219954 0.5310018 -0.818326 -0.3003172 0.4900594 0.8183224 -0.219951 0.5310021 0.8183265 0.2199621 0.5310174 0.8183137 0.2199427 0.5310106 0.8183232 -0.8494189 0.5205173 -0.086887 -0.8494125 0.5205265 -0.08689481 0.8237566 0.5047995 -0.2580745 0.8494157 0.5205229 -0.08688491 -0.8237587 0.5047969 0.2580732 -0.8494161 0.5205221 0.08688479 0.8494132 0.5205278 0.08687907 0.8494154 0.5205217 0.08689522 -0.6235242 0.532534 -0.5723856 -0.6235206 0.532532 -0.5723913 0.5385181 0.459948 -0.7060073 0.6235241 0.532534 -0.5723856 -0.5385239 0.4599361 0.7060105 -0.6235204 0.532536 0.5723878 0.6235204 0.532536 0.5723878 0.6235244 0.53253 0.5723891 -0.852643 0.522494 0 -0.8526408 0.5224977 0 0.8526408 0.5224977 0 0.8494133 0.5205264 -0.08688765 -8.03328e-7 0 -1 1.60664e-6 0 -1 0.8526407 0.5224978 0 -0.8526406 0.5224981 0 -0.8526431 0.5224938 0 8.03321e-7 0 1 0.8526406 0.5224981 0 -0.8494144 0.5205233 0.08689546 0.8526409 0.5224975 0 -0.4599348 0.5385133 -0.7060195 -0.4599327 0.5385188 -0.7060167 0.4599453 0.5385115 -0.706014 -0.4599373 0.5385192 0.7060134 0.4599315 0.5385192 0.706017 0.459943 0.5385138 0.7060137 -0.1341748 0.5588969 -0.8183102 -0.1341744 0.5588774 -0.8183235 0.2199497 0.5310177 -0.8183169 0.134176 0.558887 -0.8183166 -0.2199468 0.531018 0.8183175 -0.1341786 0.5588966 0.8183097 0.1341734 0.558897 0.8183103 0.1341702 0.5588777 0.818324 -0.04509621 0.5729932 -0.8183185 -0.04510223 0.5729901 -0.8183203 0.1341721 0.5588799 -0.8183221 0.04509657 0.5729949 -0.8183173 -0.134169 0.5588726 0.8183277 -0.04509258 0.572995 0.8183174 0.0450977 0.5729836 0.8183252 0.04510539 0.5729901 0.8183203 0 0.5735749 -0.8191531 0.04510241 0.5729901 -0.8183203 0 0.5735746 -0.8191533 -0.04510539 0.5729901 0.8183203 0 0.5735749 0.8191531 0 0.5735746 0.8191533 -0.6895444 0.5889222 -0.4215438 -0.6895352 0.5889239 -0.4215565 0.6235221 0.5325328 -0.572389 0.6895421 0.5889201 -0.4215505 -0.6235229 0.5325323 0.5723884 -0.6895405 0.5889174 0.4215569 0.6895464 0.5889208 0.4215428 0.6895397 0.5889214 0.4215526 -0.3700382 0.6038342 -0.7060142 -0.3700307 0.6038345 -0.7060179 0.4599341 0.538517 -0.7060171 0.3700413 0.6038389 -0.7060086 -0.4599342 0.5385169 0.706017 -0.3700386 0.6038396 0.7060094 0.3700429 0.603833 0.7060128 0.3700271 0.6038381 0.7060166 -0.5325366 0.6235291 -0.5723778 -0.532531 0.6235158 -0.5723974 0.5325339 0.6235257 -0.5723839 -0.5325295 0.6235277 0.5723859 0.5325357 0.6235295 0.5723782 0.5325292 0.6235167 0.5723981 -0.7346487 0.6274508 -0.2580639 -0.7346462 0.6274505 -0.2580715 0.6895406 0.5889286 -0.4215409 0.7346465 0.6274489 -0.2580745 -0.689543 0.5889243 0.4215433 -0.7346465 0.6274489 0.2580745 0.7346478 0.6274517 0.2580642 0.7346462 0.6274505 0.2580715 -0.2710133 0.6542957 -0.7060092 -0.2710033 0.6542804 -0.7060272 0.3700295 0.6038376 -0.706016 0.2710091 0.6542969 -0.7060096 -0.3700323 0.6038341 0.7060174 -0.2710016 0.6543014 0.7060084 0.2710145 0.6542955 0.706009 0.2710012 0.6542809 0.7060277 -0.7575287 0.6469936 -0.08688795 -0.757529 0.6469923 -0.08689546 0.7346462 0.6274505 -0.2580715 0.7575287 0.6469939 -0.08688616 -0.7346478 0.6274489 0.2580708 -0.7575265 0.6469963 0.0868873 0.7575259 0.646997 0.08688741 0.7575318 0.6469891 0.08689594 -0.7604033 0.6494512 0 -0.7604059 0.6494482 0 0.7604059 0.6494482 0 0.757529 0.6469923 -0.08689546 3.95528e-7 0 -1 0.7604008 0.6494541 0 -0.7604032 0.6494514 0 -1.58211e-6 0 1 0.7604056 0.6494485 0 -0.7575312 0.6469887 0.08690303 0.760401 0.6494541 0 -0.165324 0.6886274 -0.7060173 -0.1653311 0.6886253 -0.7060176 0.2710053 0.654275 -0.7060315 0.1653261 0.6886355 -0.7060089 -0.2710071 0.6542746 0.7060311 -0.165322 0.688636 0.7060093 0.16532 0.6886278 0.7060177 0.1653342 0.688625 0.7060173 -0.5889209 0.6895429 -0.4215482 -0.5889265 0.6895403 -0.4215446 0.5325347 0.6235203 -0.5723891 0.5889176 0.6895473 -0.4215458 -0.5325359 0.6235197 0.5723885 -0.5889197 0.6895458 0.4215449 0.5889204 0.6895432 0.4215484 0.5889292 0.6895386 0.4215435 -0.4284401 0.6991523 -0.5723856 -0.4284442 0.6991603 -0.5723728 0.4284442 0.6991603 -0.5723728 -0.4284434 0.6991568 0.5723776 0.4284446 0.6991547 0.5723793 0.4284396 0.6991582 0.5723787 -0.05557352 0.706014 -0.706014 -0.05555623 0.7060194 -0.7060101 0.1653292 0.6886162 -0.706027 0.05557268 0.7060057 -0.7060224 -0.165332 0.6886159 0.7060266 -0.05557256 0.7060113 0.7060168 0.05556952 0.7060142 0.7060142 0.05556583 0.706019 0.7060096 0 0.7071055 -0.7071081 0.05555659 0.706024 -0.7060053 0 0.7071193 -0.7070943 -0.05555725 0.7060194 0.70601 0 0.7071059 0.7071077 0 0.7071197 0.7070939 -0.6274598 0.7346408 -0.2580645 -0.6274465 0.7346463 -0.2580809 0.5889276 0.6895341 -0.421553 0.6274485 0.7346507 -0.2580637 -0.588928 0.689534 0.4215529 -0.6274463 0.7346523 0.2580643 0.6274574 0.7346425 0.2580651 0.6274426 0.7346501 0.2580797 -0.3137875 0.7575677 -0.5723886 -0.313797 0.7575639 -0.5723884 0.4284399 0.6991524 -0.5723856 0.3137884 0.7575798 -0.572372 -0.4284384 0.6991529 0.5723861 -0.3137843 0.7575742 0.5723818 0.3137835 0.7575687 0.5723894 0.3138083 0.7575688 0.5723756 -0.6469962 0.7575275 -0.0868799 -0.6469853 0.7575359 -0.08688807 0.6274517 0.7346385 -0.2580906 0.6469958 0.7575269 -0.08688712 -0.6274536 0.734637 0.25809 -0.6469937 0.7575293 0.08688288 0.6469978 0.7575262 0.08687978 0.6469885 0.7575346 0.08687448 -0.4738031 0.773182 -0.4215451 -0.4738028 0.7731771 -0.4215546 0.4738028 0.7731733 -0.4215614 -0.4738047 0.7731812 0.4215447 0.4737998 0.7731766 0.4215587 0.4737996 0.7731803 0.4215523 -0.6494441 0.7604094 0 -0.6494415 0.7604116 0 0.6494466 0.7604073 0 0.6469894 0.757534 -0.08687436 6.18381e-7 0 -1 -8.24516e-7 0 -1 0.6494466 0.7604073 0 -0.6494385 0.7604143 0 -0.6494468 0.7604071 0 8.24511e-7 0 1 0.6494461 0.7604078 0 -0.6469898 0.757532 0.08688843 0.6494468 0.7604071 0 -0.1914299 0.797325 -0.5723877 -0.1914182 0.7973251 -0.5723913 0.3138008 0.7575638 -0.5723863 0.1914265 0.797322 -0.5723929 -0.3138032 0.7575633 0.5723859 -0.1914274 0.7973219 0.5723928 0.1914326 0.7973245 0.5723873 0.1914162 0.7973254 0.5723916 -0.06432539 0.8174489 -0.5723981 -0.06433939 0.8174652 -0.5723733 0.1914213 0.7973363 -0.5723747 0.0643261 0.817461 -0.5723808 -0.1914241 0.7973331 0.5723782 -0.0643264 0.817461 0.5723809 0.06432956 0.8174488 0.572398 0.06433707 0.8174653 0.5723734 -0.5047948 0.8237541 -0.2580919 -0.5048009 0.8237559 -0.2580746 0.4737972 0.7731832 -0.4215497 0.5047947 0.8237614 -0.258069 -0.4737993 0.7731723 0.4215672 -0.5047947 0.8237614 0.258069 0.504792 0.8237556 0.2580925 0.5048027 0.8237549 0.2580743 0 0.8191463 -0.5735847 0.06433904 0.8174574 -0.5723844 0 0.8191528 -0.5735754 -0.06434059 0.8174573 0.5723844 0 0.819146 0.5735851 0 0.8191522 0.5735763 -0.3470127 0.8377854 -0.4215423 -0.347028 0.8377841 -0.421532 0.3470258 0.83777 -0.421562 -0.347022 0.8377779 0.4215494 0.3470079 0.8377808 0.4215552 0.3470317 0.837783 0.4215314 -0.5205255 0.8494147 -0.08687961 -0.520524 0.8494162 -0.08687388 0.504802 0.8237504 -0.2580896 0.5205254 0.8494145 -0.08688229 -0.5048037 0.8237494 0.2580893 -0.5205247 0.8494148 0.08688157 0.5205268 0.8494139 0.08687949 0.5205227 0.849417 0.08687394 -0.5224987 0.85264 0 -0.5225033 0.8526374 0 0.5224964 0.8526415 0 0.520524 0.8494162 -0.08687388 -2.28884e-7 0 -1 0.5225011 0.8526388 0 -0.522503 0.8526374 0 -0.5224986 0.8526403 0 9.15536e-7 0 1 0.5224962 0.8526417 0 -0.5205258 0.849415 0.08687448 0.5225054 0.852636 0 -0.2116848 0.8817477 -0.4215573 -0.2116965 0.8817539 -0.4215388 0.3470146 0.8377909 -0.4215299 0.2116869 0.8817553 -0.4215403 -0.3470162 0.8377903 0.4215296 -0.2116839 0.8817559 0.4215406 0.2116841 0.8817479 0.4215573 0.2116969 0.8817538 0.4215387 -0.3697084 0.892583 -0.2580921 -0.3697187 0.8925911 -0.2580491 0.3697078 0.8925816 -0.2580974 -0.369708 0.8925815 0.2580974 0.3697086 0.8925828 0.258092 0.3697191 0.8925909 0.2580491 -0.07115191 0.9040108 -0.4215472 -0.07114309 0.9040024 -0.4215667 0.2116951 0.8817482 -0.4215513 0.07115083 0.9040044 -0.421561 -0.2116956 0.8817481 0.4215512 -0.07114958 0.904003 0.4215642 0.07114863 0.9040125 0.4215441 0.07114475 0.9040009 0.4215695 0 0.9063054 -0.4226236 0.07114404 0.9040068 -0.4215571 0 0.9063107 -0.4226123 -0.07114285 0.9040082 0.4215542 0 0.9063054 0.4226236 0 0.9063107 0.4226123 -0.3812304 0.920386 -0.08690857 -0.3812445 0.9203821 -0.08688831 0.3697187 0.8925911 -0.2580491 0.3812335 0.9203862 -0.08689391 -0.3697206 0.8925904 0.258049 -0.3812338 0.920386 0.08689385 0.3812301 0.9203875 0.08689427 0.3812434 0.9203825 0.08688831 -0.3826909 0.9238765 0 -0.382691 0.9238764 0 0.382691 0.9238764 0 0.381242 0.9203832 -0.08688771 2.76132e-7 0 -1 0.3826909 0.9238765 0 -0.3826907 0.9238766 0 -0.3826912 0.9238763 0 -5.52271e-7 0 1 0.3826907 0.9238766 0 -0.3812404 0.9203824 0.08690196 0.3826877 0.9238779 0 -0.2255373 0.939427 -0.258089 -0.2255459 0.9394319 -0.2580639 0.2255445 0.9394254 -0.2580887 -0.225544 0.9394255 0.2580887 0.2255368 0.9394234 0.2581025 0.225544 0.9394329 0.2580621 -0.07579821 0.9631496 -0.2580651 -0.07579714 0.9631472 -0.2580741 0.2255362 0.9394314 -0.2580737 0.07579845 0.9631505 -0.2580615 -0.2255386 0.9394342 0.2580619 -0.07579672 0.9631514 0.2580588 0.07579815 0.9631496 0.2580651 0.0757997 0.9631466 0.2580758 -0.2325647 0.9686914 -0.08689475 -0.2325633 0.9686924 -0.08688795 0.2325618 0.9686942 -0.08687239 -0.2325659 0.9686918 0.08688753 0.232564 0.968693 0.08687978 0.2325631 0.9686911 0.08690214 0 0.9659255 -0.2588201 0.07579755 0.9631467 -0.2580758 0 0.9659255 -0.2588204 -0.0757997 0.9631466 0.2580758 0 0.9659255 0.2588201 0 0.9659256 0.2588199 -0.233446 0.9723699 0 -0.233446 0.9723699 0 0.2334471 0.9723695 0 0.2325648 0.9686907 -0.08690273 0.2334471 0.9723696 0 -0.233447 0.9723696 0 -0.2334461 0.9723699 0 7.61397e-7 0 1 0.233447 0.9723696 0 -0.2325631 0.9686911 0.08690214 0.2334473 0.9723695 0 -0.07815665 0.9931476 -0.08688783 -0.07815819 0.993147 -0.08689397 0.07815885 0.9931477 -0.08688449 -0.07815802 0.9931477 0.08688569 0.07815563 0.9931476 0.08688783 0.07815957 0.9931468 0.08689463 0 0.9961947 -0.08715617 0.078157 0.9931463 -0.08690261 -0.07815712 0.9931463 0.08690261 0 0.9961947 0.08715617 0 0.9961947 0.08715611 -0.07845371 0.9969178 0 -0.07845371 0.9969178 0 0.07845371 0.9969178 0 -9.75432e-7 0 -1 1.41878e-6 0 -1 0.07845371 0.9969178 0 -0.07845366 0.9969178 0 -0.07845377 0.9969178 0 3.54702e-7 0 1 0.07845366 0.9969178 0 0.07845377 0.9969178 0 0 1 8.02858e-6 0 1 -6.41927e-6 0.08715689 0 -0.9961946 -0.08715486 0 -0.9961948 0.08715415 0 -0.9961949 -0.258818 0 -0.9659262 -0.08715617 0 -0.9961947 0.258818 0 -0.9659262 0.2588201 0 -0.9659256 -0.422622 0 -0.9063062 0.4226188 0 -0.9063076 0.4226185 0 -0.9063076 -0.573576 0 -0.8191524 -0.4226154 0 -0.9063091 0.573576 0 -0.8191524 -0.7071058 0 -0.7071078 0.7071099 0 -0.7071037 0.7071079 0 -0.7071058 -0.8191533 0 -0.5735746 -0.7071079 0 -0.7071058 0.8191515 0 -0.5735774 0.8191527 0 -0.5735756 -0.9063073 0 -0.4226195 -0.8191508 0 -0.5735783 0.9063073 0 -0.4226195 0.9063064 0 -0.4226213 -0.9659267 0 -0.2588161 -0.9063096 0 -0.4226145 0.9659262 0 -0.258818 0.9659264 0 -0.2588171 -0.9961947 0 -0.08715635 -0.9659259 0 -0.2588191 0 1 1.20051e-5 0.9961947 0 -0.08715635 0 1 -8.02865e-6 0.9961947 0 0.08715659 0.9961947 0 0.08715635 0 1 -4.51608e-6 -0.9961947 0 0.08715659 0 1 6.41927e-6 -0.9659266 0 0.2588167 -0.9961947 0 0.08715635 0.9659261 0 0.2588186 0.9659266 0 0.2588167 0 1 -2.84046e-6 -0.906308 0 0.4226179 -0.9659261 0 0.2588186 0.906308 0 0.4226179 0.906306 0 0.422622 0 1 -2.70735e-6 -0.8191533 0 0.5735746 -0.9063093 0 0.4226153 0.8191515 0 0.5735774 0.819152 0 0.5735766 0 1 4.13273e-6 -0.8191501 0 0.5735793 0.707111 0 0.7071027 0.7071068 0 0.7071068 -0.5735746 0 0.8191533 -0.7071068 0 0.7071068 0.5735746 0 0.8191533 0.5735774 0 0.8191515 0 1 3.56516e-6 -0.4226202 0 0.9063069 -0.5735774 0 0.8191515 0.4226171 0 0.9063084 0.4226202 0 0.9063069 0 1 -1.4497e-5 -0.258818 0 0.9659262 -0.4226171 0 0.9063084 0.258818 0 0.9659262 0.2588201 0 0.9659256 0 1 -1.74506e-5 -0.08715486 0 0.9961948 0.08715415 0 0.9961949 0.08715897 0 0.9961945 -0.08715826 0 0.9961945 0.08682769 0.08682769 -0.9924323 0.08682698 0.08682698 -0.9924324 -0.08682769 0.08682817 -0.9924324 -0.08682566 0.0868256 -0.9924327 -0.2578412 0.08682614 -0.9622781 0.2578446 0.08682805 -0.9622771 0.257838 0.08682662 -0.962279 -0.2578398 0.08682757 -0.9622784 -0.4210293 0.08683031 -0.9028815 0.4210252 0.08682948 -0.9028834 0.4210178 0.08682614 -0.9028871 -0.4210178 0.08682614 -0.9028871 -0.5714176 0.08682823 -0.8160532 0.5714089 0.08682882 -0.8160593 0.5714133 0.08682769 -0.8160563 -0.571399 0.08682364 -0.8160668 -0.7044363 0.08682757 -0.7044363 0.7044405 0.08682191 -0.7044329 0.7044325 0.0868268 -0.7044402 -0.7044327 0.08682298 -0.7044405 -0.8160585 0.08682531 -0.5714104 0.8160609 0.08681815 -0.5714082 0.8160573 0.08682316 -0.5714125 -0.8160607 0.08682733 -0.5714071 -0.9028867 0.08682358 -0.4210194 0.9028859 0.08682519 -0.4210209 0.9028846 0.08682316 -0.421024 -0.9028828 0.08682686 -0.421027 -0.9622784 0.08682876 -0.2578395 0.9622785 0.0868327 -0.2578375 0.9622779 0.08683127 -0.2578403 -0.962279 0.08682715 -0.2578377 -0.9924325 0.08682674 -0.08682739 0.9924327 0.08682531 -0.08682721 0.9924328 0.08682352 -0.08682721 -0.9924327 0.08682334 -0.08682721 -0.9924327 0.08682519 0.08682703 0.9924326 0.08682548 0.08682739 0.9924328 0.08682316 0.08682703 -0.9924328 0.08682352 0.08682721 -0.9622793 0.08682388 0.2578377 0.9622781 0.08683317 0.2578389 0.9622787 0.08683103 0.2578376 -0.9622778 0.08683145 0.2578408 -0.9028844 0.0868293 0.4210231 0.9028859 0.08682519 0.4210209 0.9028831 0.08682304 0.4210272 -0.9028846 0.08682316 0.421024 -0.81606 0.08682715 0.5714082 0.816061 0.0868256 0.571407 0.8160576 0.08681929 0.5714127 -0.8160607 0.08682733 0.5714071 -0.7044382 0.08682757 0.7044344 0.7044365 0.08682525 0.7044365 0.7044366 0.08682346 0.7044366 -0.7044325 0.0868268 0.7044402 -0.5714139 0.08682525 0.8160561 0.5714172 0.08682978 0.8160533 0.5714063 0.0868228 0.8160617 -0.5714061 0.08682662 0.8160615 -0.4210283 0.08682811 0.9028821 0.4210239 0.08682578 0.9028845 0.4210163 0.08682626 0.902888 -0.4210162 0.08683007 0.9028877 -0.257842 0.08682715 0.9622778 0.2578446 0.08682805 0.9622771 0.2578398 0.08682662 0.9622784 -0.2578437 0.08682787 0.9622773 -0.08682501 0.08682692 0.9924327 0.08682698 0.08682626 0.9924325 0.08682578 0.08682817 0.9924324 -0.08682698 0.08682698 0.9924324 0.08420753 0.257898 -0.9624956 0.08420753 0.2578957 -0.9624963 -0.08420562 0.2578981 -0.9624958 -0.08420944 0.2578984 -0.9624953 -0.2500622 0.2578961 -0.9332516 0.2500612 0.2578979 -0.9332514 0.2500656 0.2579026 -0.9332489 -0.2500637 0.2579016 -0.9332497 -0.4083224 0.2578986 -0.875649 0.408322 0.2578955 -0.8756501 0.4083207 0.2578995 -0.8756495 -0.4083237 0.2579004 -0.8756479 -0.5541735 0.2579027 -0.7914404 0.5541719 0.2578989 -0.7914428 0.5541715 0.2578998 -0.7914429 -0.5541744 0.257896 -0.791442 -0.6831887 0.2578986 -0.6831849 0.6831842 0.2579025 -0.683188 0.6831846 0.2578993 -0.6831887 -0.683188 0.2578973 -0.683186 -0.7914397 0.2578976 -0.5541769 0.7914386 0.2578976 -0.5541787 0.7914424 0.2579016 -0.5541713 -0.791444 0.2578974 -0.554171 -0.8756498 0.2579045 -0.4083171 0.8756484 0.2579072 -0.4083182 0.8756501 0.2579008 -0.4083188 -0.8756477 0.2579013 -0.4083235 -0.9332496 0.2578999 -0.2500656 0.9332516 0.2578918 -0.2500666 0.9332507 0.2579003 -0.2500616 -0.9332523 0.2578973 -0.2500582 -0.9624951 0.2578994 -0.08420991 0.9624935 0.2579057 -0.08420848 0.962495 0.2579015 -0.08420407 -0.962495 0.2579004 -0.08420777 -0.9624956 0.2578986 0.08420574 0.9624934 0.2579062 0.0842086 0.9624953 0.2579005 0.08420372 -0.9624948 0.2579009 0.08420789 -0.9332495 0.2578995 0.2500666 0.93325 0.2578986 0.2500657 0.9332531 0.257894 0.250059 -0.9332516 0.2578966 0.2500618 -0.8756487 0.2579014 0.4083213 0.8756498 0.2579059 0.4083161 0.8756477 0.2579013 0.4083235 -0.8756501 0.2579008 0.4083188 -0.7914415 0.2578927 0.5541768 0.7914386 0.2578976 0.5541787 0.7914425 0.2578982 0.5541727 -0.7914409 0.2579057 0.5541716 -0.6831864 0.2579004 0.6831864 0.6831884 0.2579002 0.6831846 0.6831809 0.2578979 0.683193 -0.6831891 0.257897 0.6831851 -0.5541774 0.2579016 0.7914381 0.5541665 0.2578955 0.7914477 0.5541753 0.2578995 0.7914403 -0.554172 0.257896 0.7914438 -0.4083237 0.2579004 0.8756479 0.4083216 0.2578991 0.8756492 0.4083238 0.2578994 0.8756482 -0.4083207 0.2578995 0.8756495 -0.2500607 0.2578984 0.9332515 0.250061 0.2578997 0.9332509 0.2500638 0.257901 0.9332498 -0.2500637 0.2579028 0.9332494 -0.08420968 0.2579006 0.9624947 0.08420747 0.2578975 0.9624958 0.08420944 0.2578971 0.9624958 -0.08420741 0.2578994 0.9624952 0.07904565 0.4212974 -0.9034713 0.07904398 0.4213016 -0.9034695 -0.07904362 0.4212983 -0.9034711 -0.07904475 0.4212985 -0.9034709 -0.2347267 0.4212917 -0.8760233 0.2347249 0.4212903 -0.8760244 0.2347274 0.4212988 -0.8760196 -0.2347295 0.4212993 -0.8760188 -0.3832815 0.4212924 -0.8219538 0.3832834 0.4212945 -0.8219518 0.3832848 0.421302 -0.8219475 -0.3832851 0.4213006 -0.8219481 -0.5201892 0.4212979 -0.7429074 0.5201858 0.4212948 -0.7429115 0.5201895 0.4212961 -0.7429081 -0.5201841 0.4212957 -0.7429122 -0.6412914 0.4212964 -0.6412914 0.6412891 0.4212942 -0.6412952 0.6412939 0.4212955 -0.6412895 -0.6412909 0.421295 -0.641293 -0.7429063 0.4212964 -0.5201919 0.7429044 0.4212983 -0.5201932 0.7429115 0.421298 -0.5201832 -0.7429078 0.4212991 -0.5201877 -0.8219491 0.4212971 -0.3832862 0.8219513 0.4212922 -0.3832872 0.8219501 0.4213032 -0.3832777 -0.8219553 0.4212928 -0.3832778 -0.8760207 0.4212929 -0.2347343 0.8760204 0.4212931 -0.2347347 0.8760185 0.4213026 -0.2347249 -0.8760207 0.4212961 -0.2347283 -0.9034728 0.4212937 -0.07904928 0.9034737 0.4212926 -0.07904434 0.9034688 0.4213029 -0.07904475 -0.9034705 0.4212993 -0.07904493 -0.9034718 0.4212958 0.07904917 0.9034706 0.4212993 0.07904404 0.9034721 0.4212957 0.07904505 -0.9034724 0.4212959 0.07904076 -0.8760195 0.4212952 0.2347345 0.8760222 0.4212921 0.2347301 0.8760192 0.4212996 0.2347279 -0.8760238 0.4212911 0.2347257 -0.8219519 0.4212935 0.3832843 0.821951 0.4213001 0.383279 0.8219519 0.4212922 0.383286 -0.8219514 0.4212995 0.3832788 -0.7429063 0.4212933 0.5201945 0.7429048 0.4212955 0.5201948 0.7429078 0.4212991 0.5201877 -0.7429085 0.4213007 0.5201854 -0.6412892 0.421297 0.6412932 0.6412879 0.4212947 0.641296 0.6412975 0.4213045 0.6412801 -0.6412943 0.4212943 0.64129 -0.5201885 0.4213018 0.7429056 0.5201889 0.4212973 0.7429079 0.5201888 0.4212942 0.7429097 -0.5201905 0.4212926 0.7429095 -0.3832774 0.4212964 0.8219537 0.38328 0.4212952 0.8219532 0.3832868 0.4213004 0.8219472 -0.3832846 0.421295 0.8219511 -0.2347295 0.421297 0.8760199 0.2347228 0.4212923 0.8760241 0.234726 0.421292 0.8760232 -0.234726 0.4212953 0.8760218 -0.07904511 0.4212934 0.9034731 0.07904624 0.4212997 0.9034702 0.07904559 0.421299 0.9034706 -0.07904475 0.4212985 0.9034709 0.07148444 0.5721048 -0.8170594 0.07148313 0.572108 -0.8170573 -0.07148522 0.5721166 -0.8170511 -0.07148289 0.5720985 -0.8170639 -0.212278 0.5721119 -0.7922285 0.2122795 0.5721146 -0.7922263 0.212275 0.5721065 -0.7922332 -0.212277 0.5721078 -0.7922317 -0.3466235 0.5721114 -0.7433308 0.3466238 0.5720995 -0.7433398 0.3466192 0.5721116 -0.7433327 -0.3466229 0.5721058 -0.7433354 -0.4704366 0.5721105 -0.6718474 0.4704392 0.5721092 -0.6718467 0.4704345 0.572103 -0.6718553 -0.4704361 0.5721105 -0.6718479 -0.5799543 0.5721135 -0.5799477 0.5799513 0.5721084 -0.5799556 0.5799533 0.5721063 -0.5799557 -0.5799509 0.5721039 -0.5799606 -0.6718531 0.5721097 -0.4704295 0.6718503 0.5721074 -0.4704363 0.6718456 0.5721107 -0.470439 -0.6718479 0.5721078 -0.4704393 -0.7433345 0.5721101 -0.346618 0.7433314 0.5721111 -0.346623 0.7433368 0.5721051 -0.3466211 -0.7433288 0.5721075 -0.3466342 -0.7922331 0.5721078 -0.2122725 0.792231 0.5721074 -0.2122806 0.7922341 0.5721058 -0.2122741 -0.7922281 0.5721111 -0.2122821 -0.8170575 0.5721079 -0.07148188 0.8170561 0.5721095 -0.07148432 0.8170597 0.5721051 -0.07147914 -0.8170559 0.5721106 -0.07147926 -0.817059 0.5721057 0.07148224 0.8170576 0.5721074 0.07148408 0.8170567 0.5721095 0.07147908 -0.8170552 0.5721116 0.07147878 -0.7922302 0.5721091 0.2122798 0.7922334 0.5721076 0.212272 0.7922303 0.5721078 0.2122827 -0.7922319 0.572109 0.2122735 -0.7433338 0.5721092 0.3466207 0.7433375 0.5721098 0.3466117 0.7433288 0.5721075 0.3466342 -0.7433314 0.5721106 0.3466234 -0.671852 0.5721045 0.4704375 0.6718531 0.5721097 0.4704295 0.671847 0.5721094 0.4704387 -0.6718487 0.5721133 0.4704314 -0.5799527 0.5721055 0.5799571 0.5799571 0.572112 0.5799462 0.57995 0.5721055 0.5799598 -0.5799501 0.5721128 0.5799525 -0.4704375 0.5721136 0.6718443 0.4704424 0.5721149 0.6718396 0.4704313 0.5720997 0.6718603 -0.4704364 0.5721024 0.6718545 -0.346624 0.5721099 0.7433318 0.3466193 0.5721087 0.7433348 0.3466209 0.5721059 0.7433363 -0.3466202 0.5721083 0.7433348 -0.2122793 0.5721096 0.7922298 0.2122821 0.5721239 0.7922188 0.2122779 0.572103 0.7922351 -0.2122773 0.5721062 0.7922329 -0.07148253 0.5721126 0.817054 0.07147932 0.5721062 0.8170589 0.07148623 0.5721106 0.8170552 -0.07148337 0.5721047 0.8170596 0.06174618 0.7057551 -0.70576 0.06174516 0.7057604 -0.7057548 -0.0617448 0.7057576 -0.7057576 -0.06174707 0.705766 -0.705749 -0.1833619 0.705753 -0.6843181 0.183359 0.7057527 -0.6843191 0.18336 0.7057568 -0.6843146 -0.1833583 0.7057584 -0.6843134 -0.2994036 0.7057557 -0.6420798 0.2994002 0.7057549 -0.6420822 0.2994077 0.7057572 -0.6420763 -0.299408 0.7057666 -0.6420658 -0.4063506 0.7057551 -0.5803354 0.4063493 0.7057598 -0.5803304 0.4063535 0.7057592 -0.5803283 -0.4063555 0.7057679 -0.5803161 -0.5009498 0.7057541 -0.5009595 0.500954 0.7057551 -0.500954 0.5009504 0.7057623 -0.5009476 -0.5009524 0.7057594 -0.5009496 -0.5803281 0.7057575 -0.4063566 0.5803311 0.7057539 -0.4063587 0.580333 0.705758 -0.4063487 -0.5803324 0.7057588 -0.4063482 -0.6420755 0.7057591 -0.299405 0.6420799 0.7057542 -0.299407 0.6420685 0.7057682 -0.2993984 -0.6420773 0.7057608 -0.2993969 -0.684313 0.7057576 -0.1833631 0.6843107 0.7057601 -0.1833624 0.6843158 0.7057551 -0.1833624 -0.684313 0.7057579 -0.1833617 -0.7057568 0.705758 -0.06174898 0.7057564 0.7057588 -0.06174653 0.7057568 0.7057596 -0.06173235 -0.7057535 0.705762 -0.06174337 -0.7057563 0.7057587 0.06174892 0.7057564 0.7057588 0.06174653 0.7057568 0.7057596 0.06173235 -0.7057535 0.705762 0.06174337 -0.6843124 0.7057582 0.1833629 0.6843107 0.7057601 0.1833624 0.6843115 0.7057592 0.183362 -0.6843115 0.7057592 0.183362 -0.6420789 0.7057562 0.2994043 0.6420769 0.7057579 0.2994045 0.6420786 0.7057594 0.2993975 -0.6420745 0.7057609 0.2994025 -0.5803291 0.7057563 0.4063573 0.5803311 0.7057539 0.4063587 0.5803319 0.7057595 0.4063478 -0.5803344 0.7057597 0.4063439 -0.5009507 0.7057529 0.5009604 0.5009505 0.7057584 0.5009528 0.5009524 0.7057594 0.5009496 -0.5009483 0.7057632 0.5009483 -0.4063526 0.7057567 0.5803319 0.4063484 0.7057534 0.5803388 0.4063587 0.7057657 0.5803167 -0.4063507 0.7057625 0.5803263 -0.2994016 0.705756 0.6420804 0.2994027 0.7057489 0.6420876 0.2994093 0.7057663 0.6420655 -0.2994111 0.705762 0.6420693 -0.1833592 0.705752 0.6843197 0.1833602 0.7057573 0.684314 0.1833593 0.7057596 0.6843119 -0.1833607 0.7057651 0.6843059 -0.06174629 0.7057563 0.7057588 0.06174731 0.7057632 0.7057518 0.061746 0.7057573 0.7057579 -0.06174659 0.7057604 0.7057547 0.05011707 0.8181281 -0.5728479 0.0501188 0.8181176 -0.5728628 -0.05011969 0.8181297 -0.5728455 -0.05011528 0.8181177 -0.5728629 -0.1488345 0.8181306 -0.5554373 0.1488337 0.8181307 -0.5554374 0.1488305 0.8181167 -0.5554589 -0.1488317 0.8181232 -0.5554492 -0.2430223 0.8181229 -0.5211672 0.2430254 0.8181249 -0.5211626 0.2430204 0.8181214 -0.5211705 -0.2430225 0.8181179 -0.521175 -0.3298313 0.8181247 -0.4710451 0.3298327 0.8181197 -0.4710528 0.3298285 0.8181233 -0.4710494 -0.3298296 0.8181189 -0.4710562 -0.4066181 0.8181242 -0.4066138 0.4066162 0.818126 -0.4066119 0.4066181 0.8181245 -0.4066129 -0.4066156 0.8181245 -0.4066156 -0.4710485 0.8181259 -0.3298233 0.4710444 0.8181275 -0.3298251 0.4710472 0.8181205 -0.3298383 -0.4710462 0.8181219 -0.3298364 -0.5211639 0.8181221 -0.243032 0.5211698 0.8181223 -0.2430185 0.5211606 0.8181251 -0.2430286 -0.5211651 0.8181297 -0.2430034 -0.5554502 0.8181223 -0.1488329 0.5554467 0.8181235 -0.1488388 0.555454 0.8181188 -0.148837 -0.5554472 0.8181235 -0.1488365 -0.5728603 0.8181192 -0.05012118 0.5728577 0.8181213 -0.05011671 0.5728534 0.8181242 -0.05011743 -0.5728501 0.8181266 -0.05011713 -0.5728584 0.8181206 0.05012124 0.5728532 0.8181245 0.05011653 0.5728534 0.8181242 0.05011743 -0.5728501 0.8181266 0.05011713 -0.5554517 0.818121 0.1488338 0.5554487 0.8181222 0.1488386 0.5554513 0.8181208 0.1488367 -0.5554433 0.8181266 0.1488345 -0.5211665 0.8181235 0.2430219 0.5211649 0.8181225 0.2430282 0.521167 0.8181289 0.2430027 -0.5211623 0.8181236 0.2430302 -0.4710443 0.8181296 0.3298202 0.4710477 0.8181251 0.3298264 0.4710435 0.8181238 0.3298358 -0.4710537 0.8181188 0.3298335 -0.406615 0.8181264 0.4066121 0.4066193 0.8181236 0.4066136 0.4066126 0.8181256 0.4066161 -0.4066156 0.8181193 0.4066261 -0.3298304 0.8181225 0.4710495 0.3298321 0.8181227 0.4710479 0.329829 0.8181182 0.4710578 -0.3298301 0.8181228 0.4710492 -0.2430228 0.8181236 0.5211656 0.2430236 0.8181226 0.521167 0.2430192 0.8181185 0.5211754 -0.2430204 0.8181214 0.5211705 -0.1488342 0.8181293 0.5554393 0.1488337 0.8181307 0.5554374 0.1488317 0.8181232 0.5554492 -0.1488296 0.8181191 0.5554557 -0.0501154 0.8181285 0.5728476 0.05011761 0.818113 0.5728694 0.05011826 0.81813 0.5728452 -0.05012083 0.8181151 0.572866 0.03695052 0.9056942 -0.4223182 0.03695082 0.9056859 -0.4223361 -0.03695094 0.905692 -0.4223232 -0.03695046 0.9056876 -0.4223324 -0.1097235 0.9056867 -0.4095028 0.1097236 0.9056912 -0.4094926 0.1097248 0.9056872 -0.4095013 -0.1097262 0.905689 -0.4094969 -0.1791671 0.9056948 -0.3842086 0.179165 0.9056912 -0.3842182 0.1791661 0.9056888 -0.3842229 -0.1791616 0.9056856 -0.3842326 -0.2431679 0.905688 -0.3472734 0.2431608 0.9056919 -0.3472682 0.2431737 0.9056871 -0.3472715 -0.243161 0.9056912 -0.3472698 -0.2997761 0.9056897 -0.2997673 0.2997732 0.9056864 -0.2997803 0.2997764 0.9056875 -0.2997741 -0.2997747 0.9056941 -0.2997556 -0.3472728 0.9056842 -0.2431826 0.3472751 0.9056904 -0.2431561 0.347277 0.9056894 -0.2431572 -0.3472767 0.9056947 -0.2431379 -0.3842257 0.9056903 -0.1791529 0.3842275 0.9056868 -0.1791669 0.3842207 0.9056874 -0.1791782 -0.3842244 0.9056857 -0.1791788 -0.4094966 0.9056878 -0.1097369 0.409499 0.9056893 -0.1097159 0.4094981 0.9056897 -0.1097168 -0.4095 0.9056887 -0.1097167 -0.4223302 0.9056882 -0.0369631 0.4223303 0.9056885 -0.03695261 0.4223319 0.9056872 -0.03696757 -0.4223319 0.9056872 -0.03696757 -0.4223328 0.9056869 0.03696334 0.4223303 0.9056885 0.03695261 0.4223319 0.9056872 0.03696757 -0.4223283 0.9056889 0.03696727 -0.4094993 0.90569 0.109709 0.4094955 0.9056892 0.10973 0.4095 0.9056887 0.1097167 -0.409496 0.9056904 0.1097169 -0.3842275 0.9056868 0.1791669 0.384225 0.9056851 0.1791806 0.3842295 0.9056909 0.1791419 -0.384224 0.9056897 0.1791595 -0.3472762 0.9056898 0.2431569 0.347274 0.9056873 0.2431694 0.3472746 0.9056954 0.2431381 -0.3472703 0.9056877 0.2431733 -0.2997742 0.905691 0.2997654 0.2997726 0.9056862 0.2997814 0.2997756 0.9056824 0.2997899 -0.2997751 0.9056906 0.2997656 -0.2431647 0.9056896 0.3472713 0.2431663 0.9056884 0.3472735 0.2431643 0.9056898 0.3472711 -0.2431668 0.9056896 0.3472699 -0.179165 0.9056912 0.3842182 0.1791671 0.9056948 0.3842086 0.1791655 0.9056835 0.3842357 -0.1791684 0.9056885 0.3842228 -0.1097254 0.9056878 0.4094997 0.109727 0.9056847 0.4095062 0.1097253 0.9056907 0.4094933 -0.1097272 0.9056869 0.4095011 -0.03694719 0.905692 0.4223234 0.0369454 0.9056895 0.4223288 0.036951 0.9056918 0.4223235 -0.03695046 0.9056876 0.4223324 0.02263867 0.9656798 -0.2587472 0.02263587 0.9656783 -0.2587533 -0.02263891 0.9656791 -0.2587497 -0.02263551 0.9656793 -0.2587494 -0.06722384 0.9656758 -0.2509013 0.06722378 0.9656795 -0.2508867 0.06722778 0.9656752 -0.2509022 -0.06722617 0.9656838 -0.2508693 -0.1097702 0.9656757 -0.2354168 0.1097717 0.965677 -0.2354105 0.10977 0.965677 -0.2354113 -0.1097716 0.9656751 -0.2354184 -0.1489804 0.9656806 -0.2127578 0.14898 0.9656762 -0.212778 0.1489796 0.9656825 -0.2127498 -0.1489784 0.9656721 -0.2127975 -0.1836633 0.9656773 -0.1836717 0.1836628 0.9656809 -0.1836532 0.1836654 0.9656792 -0.1836596 -0.1836674 0.965684 -0.1836324 -0.212764 0.9656816 -0.148965 0.2127689 0.9656788 -0.1489763 0.2127621 0.9656767 -0.149 -0.2127659 0.9656759 -0.1489999 -0.2354045 0.9656794 -0.1097645 0.2354043 0.9656784 -0.1097734 0.2354027 0.9656814 -0.1097492 -0.235405 0.9656774 -0.1097804 -0.2508906 0.9656803 -0.06719702 0.25089 0.9656782 -0.06723034 0.2508859 0.9656807 -0.06720852 -0.2508854 0.9656767 -0.06727045 -0.2587503 0.9656789 -0.02264124 0.2587499 0.96568 -0.02260416 0.258753 0.9656779 -0.02265101 -0.258753 0.9656779 -0.02265101 -0.2587496 0.9656791 0.02264118 0.2587497 0.9656791 0.02264237 0.2587534 0.9656794 0.02258914 -0.2587531 0.965678 0.02265119 -0.2508894 0.965678 0.06723493 0.2508893 0.9656798 0.06721132 0.2508872 0.9656762 0.06727039 -0.2508859 0.9656807 0.06720852 -0.2354067 0.9656788 0.109765 0.2354003 0.9656815 0.1097536 0.2354074 0.9656769 0.1097797 -0.2354037 0.9656778 0.1097798 -0.2127645 0.9656787 0.1489837 0.2127668 0.9656794 0.1489757 0.2127672 0.9656752 0.1490022 -0.2127681 0.9656796 0.1489718 -0.1836645 0.9656803 0.183655 0.1836622 0.9656775 0.1836717 0.1836646 0.965685 0.1836296 -0.1836625 0.9656741 0.1836897 -0.14898 0.9656762 0.212778 0.148981 0.9656778 0.2127699 0.1489778 0.9656736 0.212791 -0.1489793 0.9656832 0.2127466 -0.1097712 0.965675 0.235419 0.1097704 0.9656755 0.2354174 0.109768 0.9656763 0.235415 -0.1097681 0.9656773 0.2354114 -0.06722593 0.9656785 0.2508901 0.06722521 0.9656743 0.2509066 0.06722426 0.965684 0.2508693 -0.06722378 0.9656774 0.2508948 -0.02263873 0.965681 0.2587429 0.02263903 0.9656802 0.2587455 0.02263647 0.9656792 0.2587493 -0.02263617 0.9656772 0.2587572 0.007625222 0.9961647 -0.08716547 0.00762397 0.996166 -0.08715146 -0.007625162 0.9961647 -0.08716475 -0.007623612 0.9961653 -0.0871585 -0.02264469 0.9961652 -0.08451122 0.02264451 0.9961652 -0.08451074 0.02264231 0.9961664 -0.08449894 -0.02264338 0.9961688 -0.08447033 -0.03697556 0.9961638 -0.07931256 0.03697603 0.996165 -0.07929807 0.0369718 0.9961642 -0.07930982 -0.03697198 0.9961676 -0.07926672 -0.05018246 0.9961658 -0.07166236 0.0501827 0.9961636 -0.07169377 0.05017912 0.9961682 -0.07163184 -0.05018097 0.9961617 -0.07172119 -0.06186372 0.9961662 -0.061854 0.06186443 0.9961665 -0.06184697 0.06186205 0.9961674 -0.06183493 -0.06186205 0.9961674 -0.06183493 -0.07166802 0.9961637 -0.05021625 0.07166892 0.9961652 -0.05018591 0.07166713 0.9961639 -0.05021363 -0.07166904 0.9961681 -0.05012816 -0.07929247 0.9961671 -0.036933 0.0792911 0.9961655 -0.0369789 0.07929104 0.9961667 -0.0369448 -0.07929223 0.9961602 -0.03711885 -0.08450782 0.9961667 -0.02259409 0.08450907 0.9961659 -0.02262157 0.08450597 0.9961639 -0.02272135 -0.08450919 0.9961637 -0.02272224 -0.08715742 0.9961658 -0.00757271 0.08715736 0.9961654 -0.007618308 0.08715307 0.9961657 -0.007631778 -0.08715343 0.9961644 -0.007805228 -0.08715641 0.9961654 0.007634818 0.08715736 0.9961654 0.007618308 0.08715355 0.9961658 0.007631778 -0.08715575 0.9961655 0.007631778 -0.08450812 0.9961666 0.02259445 0.08450776 0.996166 0.02262121 0.08450919 0.9961637 0.02272224 -0.08450871 0.9961637 0.02272135 -0.07929199 0.9961647 0.03699439 0.07929271 0.9961653 0.03697919 0.07929104 0.9961667 0.0369448 -0.07929444 0.9961663 0.03694641 -0.07166594 0.9961639 0.05021554 0.07166707 0.9961638 0.05021631 0.0716663 0.9961683 0.05012822 -0.07166755 0.9961638 0.05021578 -0.06186562 0.9961661 0.06185495 0.06186443 0.9961665 0.06184697 0.06186473 0.9961673 0.06183493 -0.06185936 0.9961678 0.06183224 -0.05018311 0.9961635 0.07169431 0.05018204 0.9961659 0.07166177 0.05018097 0.9961617 0.07172119 -0.05017912 0.9961682 0.07163184 -0.03697556 0.9961651 0.07929718 0.03697538 0.9961639 0.07931226 0.03697353 0.9961673 0.07927012 -0.0369718 0.9961642 0.07930982 -0.02264338 0.9961653 0.0845099 0.0226432 0.9961654 0.08450943 0.02264338 0.9961688 0.08447033 -0.02264428 0.9961656 0.08450621 -0.007626116 0.9961647 0.08716475 0.007626652 0.996165 0.08716225 0.007625222 0.9961647 0.08716547 -0.007623314 0.9961657 0.08715474 0 1 3.90553e-5 0 1 3.9053e-5 0 1 -1.17167e-4 0 1 1.17159e-4 0 1 1.95274e-5 0 1 -6.83454e-5 0 1 1.56226e-4 0 1 -1.56213e-4</float_array>
          <technique_common>
            <accessor source="#M-MAT-mesh-normals-array" count="4707" stride="3">
              <param name="X" type="float"/>
              <param name="Y" type="float"/>
              <param name="Z" type="float"/>
            </accessor>
          </technique_common>
        </source>
        <vertices id="M-MAT-mesh-vertices">
          <input semantic="POSITION" source="#M-MAT-mesh-positions"/>
        </vertices>
        <triangles count="5082">
          <input semantic="VERTEX" source="#M-MAT-mesh-vertices" offset="0"/>
          <input semantic="NORMAL" source="#M-MAT-mesh-normals" offset="1"/>
          <p>0 0 1 0 2 0 1 1 3 1 2 1 3 2 4 2 2 2 4 3 5 3 2 3 5 4 0 4 2 4 5 5 6 5 0 5 6 5 1 5 0 5 7 2 4 2 3 2 1 6 7 6 3 6 6 6 7 6 1 6 7 7 8 7 4 7 8 7 9 7 4 7 9 7 10 7 4 7 10 7 11 7 4 7 11 7 12 7 4 7 12 7 13 7 4 7 13 7 14 7 4 7 14 7 15 7 4 7 15 7 16 7 4 7 16 7 17 7 4 7 17 7 18 7 4 7 18 7 19 7 4 7 20 7 5 7 4 7 21 7 20 7 4 7 19 7 21 7 4 7 22 7 23 7 5 7 24 7 25 7 5 7 26 7 27 7 5 7 25 7 28 7 5 7 28 7 29 7 5 7 29 7 6 7 5 7 30 7 26 7 5 7 27 7 31 7 5 7 31 8 32 8 5 8 32 7 24 7 5 7 20 7 22 7 5 7 23 7 33 7 5 7 33 7 34 7 5 7 34 9 30 9 5 9 21 10 35 10 20 10 35 3 36 3 20 3 36 3 22 3 20 3 36 11 37 11 22 11 37 11 23 11 22 11 19 7 38 7 21 7 39 10 35 10 21 10 38 2 39 2 21 2 40 7 41 7 23 7 41 7 42 7 23 7 42 12 43 12 23 12 43 13 44 13 23 13 44 7 45 7 23 7 45 7 46 7 23 7 46 7 47 7 23 7 47 7 33 7 23 7 37 5 48 5 23 5 48 5 40 5 23 5 49 14 18 14 17 14 16 15 50 15 17 15 50 16 49 16 17 16 15 17 51 17 16 17 51 18 50 18 16 18 49 19 52 19 18 19 52 20 19 20 18 20 14 21 53 21 15 21 53 17 51 17 15 17 54 22 38 22 19 22 52 23 55 23 19 23 55 24 54 24 19 24 13 25 56 25 14 25 56 26 53 26 14 26 57 7 38 7 54 7 55 27 58 27 54 27 58 27 57 27 54 27 12 28 59 28 13 28 59 25 56 25 13 25 60 7 38 7 57 7 58 29 61 29 57 29 61 30 60 30 57 30 62 31 26 31 30 31 34 32 63 32 30 32 63 33 62 33 30 33 33 34 64 34 34 34 64 35 63 35 34 35 62 36 65 36 26 36 65 37 27 37 26 37 11 38 66 38 12 38 66 39 59 39 12 39 67 40 38 40 60 40 61 41 68 41 60 41 68 42 67 42 60 42 47 43 69 43 33 43 69 44 64 44 33 44 65 45 70 45 27 45 70 46 31 46 27 46 46 47 71 47 47 47 71 48 69 48 47 48 70 49 72 49 31 49 72 49 32 49 31 49 45 50 73 50 46 50 73 47 71 47 46 47 72 51 74 51 32 51 74 51 24 51 32 51 10 52 75 52 11 52 75 53 66 53 11 53 76 54 38 54 67 54 68 55 77 55 67 55 77 56 76 56 67 56 44 57 78 57 45 57 78 50 73 50 45 50 74 58 79 58 24 58 79 59 25 59 24 59 9 60 80 60 10 60 80 61 75 61 10 61 81 62 38 62 76 62 77 63 82 63 76 63 82 64 81 64 76 64 43 65 83 65 44 65 83 66 78 66 44 66 79 67 84 67 25 67 84 68 28 68 25 68 42 69 85 69 43 69 85 70 83 70 43 70 84 71 86 71 28 71 86 72 29 72 28 72 8 73 87 73 9 73 87 74 80 74 9 74 88 75 38 75 81 75 82 76 89 76 81 76 89 77 88 77 81 77 41 78 90 78 42 78 90 79 85 79 42 79 91 7 6 7 29 7 86 80 92 80 29 80 92 81 91 81 29 81 93 82 38 82 88 82 89 83 94 83 88 83 94 84 93 84 88 84 95 7 6 7 91 7 92 85 96 85 91 85 96 85 95 85 91 85 40 7 97 7 41 7 97 86 98 86 41 86 98 87 90 87 41 87 7 88 99 88 8 88 99 89 100 89 8 89 100 90 87 90 8 90 40 91 101 91 97 91 101 92 102 92 97 92 102 86 98 86 97 86 103 7 6 7 95 7 96 93 104 93 95 93 104 94 103 94 95 94 7 95 105 95 99 95 105 96 106 96 99 96 106 97 100 97 99 97 107 7 38 7 93 7 108 98 107 98 93 98 94 99 109 99 93 99 109 100 108 100 93 100 40 101 110 101 101 101 110 102 111 102 101 102 111 103 102 103 101 103 112 7 6 7 103 7 104 104 113 104 103 104 113 105 112 105 103 105 40 106 114 106 110 106 114 107 115 107 110 107 115 108 111 108 110 108 116 7 6 7 112 7 113 109 117 109 112 109 117 110 116 110 112 110 7 111 118 111 105 111 118 112 119 112 105 112 119 113 106 113 105 113 120 114 107 114 108 114 109 115 121 115 108 115 121 116 120 116 108 116 40 117 122 117 114 117 122 118 123 118 114 118 123 119 115 119 114 119 124 7 6 7 116 7 117 120 125 120 116 120 125 121 124 121 116 121 7 122 126 122 118 122 126 123 127 123 118 123 127 124 119 124 118 124 128 7 107 7 120 7 121 125 129 125 120 125 129 126 128 126 120 126 40 127 130 127 122 127 130 128 131 128 122 128 131 129 123 129 122 129 132 130 6 130 124 130 125 131 133 131 124 131 133 132 132 132 124 132 40 133 134 133 130 133 134 134 135 134 130 134 135 135 131 135 130 135 136 7 6 7 132 7 133 136 137 136 132 136 137 137 136 137 132 137 40 138 138 138 134 138 138 139 139 139 134 139 139 140 135 140 134 140 140 7 6 7 136 7 137 141 141 141 136 141 141 142 140 142 136 142 7 143 142 143 126 143 142 144 143 144 126 144 143 145 127 145 126 145 144 146 107 146 128 146 129 147 145 147 128 147 145 148 144 148 128 148 40 149 146 149 138 149 146 150 147 150 138 150 147 151 139 151 138 151 146 7 6 7 140 7 141 152 148 152 140 152 148 152 146 152 140 152 40 7 149 7 146 7 149 153 6 153 146 153 148 150 147 150 146 150 7 154 150 154 142 154 150 155 151 155 142 155 151 156 143 156 142 156 152 157 107 157 144 157 145 158 153 158 144 158 153 159 152 159 144 159 7 160 154 160 150 160 154 161 155 161 150 161 155 162 151 162 150 162 156 7 107 7 152 7 153 163 157 163 152 163 157 164 156 164 152 164 7 165 158 165 154 165 158 166 159 166 154 166 159 167 155 167 154 167 160 7 7 7 156 7 7 7 107 7 156 7 157 168 161 168 156 168 161 169 160 169 156 169 7 170 162 170 158 170 162 171 163 171 158 171 163 166 159 166 158 166 162 7 7 7 160 7 161 172 164 172 160 172 164 173 162 173 160 173 164 174 163 174 162 174 165 2 39 2 38 2 107 175 165 175 38 175 48 176 166 176 40 176 166 176 149 176 40 176 7 7 149 7 107 7 167 175 165 175 107 175 149 6 167 6 107 6 7 7 6 7 149 7 166 6 167 6 149 6 168 7 169 7 35 7 39 7 170 7 35 7 170 7 171 7 35 7 171 7 168 7 35 7 169 7 172 7 35 7 172 7 173 7 35 7 173 7 36 7 35 7 173 7 174 7 36 7 174 7 175 7 36 7 175 7 176 7 36 7 176 7 177 7 36 7 177 7 37 7 36 7 165 7 178 7 39 7 178 7 179 7 39 7 179 7 180 7 39 7 180 7 181 7 39 7 181 7 170 7 39 7 177 7 182 7 37 7 182 7 183 7 37 7 183 7 184 7 37 7 184 7 185 7 37 7 185 7 48 7 37 7 186 177 174 177 173 177 172 178 187 178 173 178 187 179 186 179 173 179 169 180 188 180 172 180 188 181 187 181 172 181 186 182 189 182 174 182 189 182 175 182 174 182 168 183 190 183 169 183 190 180 188 180 169 180 189 184 191 184 175 184 191 185 176 185 175 185 171 186 192 186 168 186 192 187 190 187 168 187 191 188 193 188 176 188 193 189 177 189 176 189 170 190 194 190 171 190 194 191 192 191 171 191 193 192 195 192 177 192 195 193 182 193 177 193 181 194 196 194 170 194 196 195 194 195 170 195 195 196 197 196 182 196 197 197 183 197 182 197 180 198 198 198 181 198 198 199 196 199 181 199 197 200 199 200 183 200 199 201 184 201 183 201 179 202 200 202 180 202 200 203 198 203 180 203 199 204 201 204 184 204 201 205 185 205 184 205 178 206 202 206 179 206 202 207 200 207 179 207 203 7 48 7 185 7 201 208 204 208 185 208 204 208 203 208 185 208 205 7 48 7 203 7 204 209 206 209 203 209 206 209 205 209 203 209 165 7 207 7 178 7 207 210 208 210 178 210 208 206 202 206 178 206 165 7 209 7 207 7 209 211 210 211 207 211 210 210 208 210 207 210 211 7 48 7 205 7 206 212 212 212 205 212 212 213 211 213 205 213 165 7 213 7 209 7 213 214 214 214 209 214 214 215 210 215 209 215 215 7 48 7 211 7 212 216 216 216 211 216 216 217 215 217 211 217 165 7 217 7 213 7 217 218 218 218 213 218 218 219 214 219 213 219 219 7 48 7 215 7 216 220 220 220 215 220 220 221 219 221 215 221 165 7 221 7 217 7 221 222 222 222 217 222 222 223 218 223 217 223 166 7 48 7 219 7 223 7 166 7 219 7 220 224 224 224 219 224 224 225 223 225 219 225 167 7 225 7 221 7 165 7 167 7 221 7 225 226 226 226 221 226 226 227 222 227 221 227 227 7 166 7 223 7 224 228 228 228 223 228 228 229 227 229 223 229 167 7 229 7 225 7 229 230 230 230 225 230 230 231 226 231 225 231 231 7 166 7 227 7 228 232 232 232 227 232 232 233 231 233 227 233 167 7 233 7 229 7 233 234 234 234 229 234 234 235 230 235 229 235 235 7 166 7 231 7 232 236 236 236 231 236 236 237 235 237 231 237 167 7 237 7 233 7 237 238 238 238 233 238 238 239 234 239 233 239 237 7 166 7 235 7 236 240 239 240 235 240 239 241 237 241 235 241 239 242 238 242 237 242 167 7 166 7 237 7 240 243 62 243 63 243 241 244 240 244 63 244 64 245 241 245 63 245 242 246 241 246 64 246 69 247 242 247 64 247 243 248 65 248 62 248 240 249 243 249 62 249 244 250 242 250 69 250 71 251 244 251 69 251 245 252 70 252 65 252 243 253 245 253 65 253 246 254 244 254 71 254 73 255 246 255 71 255 247 256 72 256 70 256 245 257 247 257 70 257 248 258 246 258 73 258 78 259 248 259 73 259 249 260 74 260 72 260 247 261 249 261 72 261 250 262 248 262 78 262 83 263 250 263 78 263 251 264 79 264 74 264 249 265 251 265 74 265 252 266 250 266 83 266 85 267 252 267 83 267 253 268 84 268 79 268 251 269 253 269 79 269 254 270 252 270 85 270 90 271 254 271 85 271 255 272 86 272 84 272 253 273 255 273 84 273 256 274 254 274 90 274 98 275 256 275 90 275 257 276 92 276 86 276 255 277 257 277 86 277 258 278 256 278 98 278 102 279 258 279 98 279 259 280 96 280 92 280 257 281 259 281 92 281 260 282 258 282 102 282 111 283 260 283 102 283 261 284 104 284 96 284 259 285 261 285 96 285 262 286 260 286 111 286 115 287 262 287 111 287 263 288 113 288 104 288 261 289 263 289 104 289 264 290 262 290 115 290 123 291 264 291 115 291 265 292 117 292 113 292 263 293 265 293 113 293 266 294 264 294 123 294 131 295 266 295 123 295 267 296 125 296 117 296 265 297 267 297 117 297 268 298 266 298 131 298 135 299 268 299 131 299 269 300 133 300 125 300 267 301 269 301 125 301 270 302 268 302 135 302 139 303 270 303 135 303 271 304 137 304 133 304 269 305 271 305 133 305 272 306 270 306 139 306 147 307 272 307 139 307 273 308 141 308 137 308 271 309 273 309 137 309 274 310 272 310 147 310 148 311 274 311 147 311 273 312 275 312 141 312 275 313 148 313 141 313 275 314 274 314 148 314 276 315 240 315 241 315 277 316 276 316 241 316 242 317 277 317 241 317 278 318 277 318 242 318 244 319 278 319 242 319 279 320 243 320 240 320 276 321 279 321 240 321 280 322 278 322 244 322 246 323 280 323 244 323 281 324 245 324 243 324 279 325 281 325 243 325 282 326 280 326 246 326 248 327 282 327 246 327 283 328 247 328 245 328 281 329 283 329 245 329 284 330 282 330 248 330 250 331 284 331 248 331 285 332 249 332 247 332 283 333 285 333 247 333 286 334 284 334 250 334 252 335 286 335 250 335 287 336 251 336 249 336 285 337 287 337 249 337 288 338 286 338 252 338 254 339 288 339 252 339 289 340 253 340 251 340 287 341 289 341 251 341 290 342 288 342 254 342 256 343 290 343 254 343 291 344 255 344 253 344 289 345 291 345 253 345 292 346 290 346 256 346 258 347 292 347 256 347 293 348 257 348 255 348 291 349 293 349 255 349 294 350 292 350 258 350 260 351 294 351 258 351 295 352 259 352 257 352 293 353 295 353 257 353 296 354 294 354 260 354 262 355 296 355 260 355 297 356 261 356 259 356 295 357 297 357 259 357 298 358 296 358 262 358 264 359 298 359 262 359 299 360 263 360 261 360 297 361 299 361 261 361 300 362 298 362 264 362 266 363 300 363 264 363 301 364 265 364 263 364 299 365 301 365 263 365 302 366 300 366 266 366 268 367 302 367 266 367 303 368 267 368 265 368 301 369 303 369 265 369 304 370 302 370 268 370 270 371 304 371 268 371 305 372 269 372 267 372 303 373 305 373 267 373 306 374 304 374 270 374 272 375 306 375 270 375 307 376 271 376 269 376 305 377 307 377 269 377 308 378 306 378 272 378 274 379 308 379 272 379 309 380 273 380 271 380 307 381 309 381 271 381 310 382 308 382 274 382 275 383 310 383 274 383 309 384 311 384 273 384 311 385 275 385 273 385 311 386 310 386 275 386 312 387 276 387 277 387 313 388 312 388 277 388 278 389 313 389 277 389 314 390 313 390 278 390 280 391 314 391 278 391 315 392 279 392 276 392 312 393 315 393 276 393 316 394 314 394 280 394 282 395 316 395 280 395 317 396 281 396 279 396 315 397 317 397 279 397 318 398 316 398 282 398 284 399 318 399 282 399 319 400 283 400 281 400 317 401 319 401 281 401 320 402 318 402 284 402 286 403 320 403 284 403 321 404 285 404 283 404 319 405 321 405 283 405 322 406 320 406 286 406 288 407 322 407 286 407 323 408 287 408 285 408 321 409 323 409 285 409 324 410 322 410 288 410 290 411 324 411 288 411 325 412 289 412 287 412 323 413 325 413 287 413 326 414 324 414 290 414 292 415 326 415 290 415 327 416 291 416 289 416 325 417 327 417 289 417 328 418 326 418 292 418 294 419 328 419 292 419 329 420 293 420 291 420 327 421 329 421 291 421 330 422 328 422 294 422 296 423 330 423 294 423 331 424 295 424 293 424 329 425 331 425 293 425 332 426 330 426 296 426 298 427 332 427 296 427 333 428 297 428 295 428 331 429 333 429 295 429 334 430 332 430 298 430 300 431 334 431 298 431 335 432 299 432 297 432 333 433 335 433 297 433 336 434 334 434 300 434 302 435 336 435 300 435 337 436 301 436 299 436 335 437 337 437 299 437 338 438 336 438 302 438 304 439 338 439 302 439 339 440 303 440 301 440 337 441 339 441 301 441 340 442 338 442 304 442 306 443 340 443 304 443 341 444 305 444 303 444 339 445 341 445 303 445 342 446 340 446 306 446 308 447 342 447 306 447 343 448 307 448 305 448 341 449 343 449 305 449 344 450 342 450 308 450 310 451 344 451 308 451 345 452 309 452 307 452 343 453 345 453 307 453 346 454 344 454 310 454 311 455 346 455 310 455 345 456 347 456 309 456 347 457 311 457 309 457 347 458 346 458 311 458 348 459 312 459 313 459 349 460 348 460 313 460 314 461 349 461 313 461 350 462 349 462 314 462 316 463 350 463 314 463 351 464 315 464 312 464 348 465 351 465 312 465 352 466 350 466 316 466 318 467 352 467 316 467 353 468 317 468 315 468 351 469 353 469 315 469 354 470 352 470 318 470 320 471 354 471 318 471 355 472 319 472 317 472 353 473 355 473 317 473 356 474 354 474 320 474 322 475 356 475 320 475 357 476 321 476 319 476 355 477 357 477 319 477 358 478 356 478 322 478 324 479 358 479 322 479 359 480 323 480 321 480 357 481 359 481 321 481 360 482 358 482 324 482 326 483 360 483 324 483 361 484 325 484 323 484 359 485 361 485 323 485 362 486 360 486 326 486 328 487 362 487 326 487 363 488 327 488 325 488 361 489 363 489 325 489 364 490 362 490 328 490 330 491 364 491 328 491 365 492 329 492 327 492 363 493 365 493 327 493 366 494 364 494 330 494 332 495 366 495 330 495 367 496 331 496 329 496 365 497 367 497 329 497 368 498 366 498 332 498 334 499 368 499 332 499 369 500 333 500 331 500 367 501 369 501 331 501 370 502 368 502 334 502 336 503 370 503 334 503 371 504 335 504 333 504 369 505 371 505 333 505 372 506 370 506 336 506 338 507 372 507 336 507 373 508 337 508 335 508 371 509 373 509 335 509 374 510 372 510 338 510 340 511 374 511 338 511 375 512 339 512 337 512 373 513 375 513 337 513 376 514 374 514 340 514 342 515 376 515 340 515 377 516 341 516 339 516 375 517 377 517 339 517 378 518 376 518 342 518 344 519 378 519 342 519 379 520 343 520 341 520 377 521 379 521 341 521 380 522 378 522 344 522 346 523 380 523 344 523 381 524 345 524 343 524 379 525 381 525 343 525 382 526 380 526 346 526 347 527 382 527 346 527 381 528 383 528 345 528 383 529 347 529 345 529 383 530 382 530 347 530 384 531 348 531 349 531 385 532 384 532 349 532 350 533 385 533 349 533 386 534 385 534 350 534 352 535 386 535 350 535 387 536 351 536 348 536 384 537 387 537 348 537 388 538 386 538 352 538 354 539 388 539 352 539 389 540 353 540 351 540 387 541 389 541 351 541 390 542 388 542 354 542 356 543 390 543 354 543 391 544 355 544 353 544 389 545 391 545 353 545 392 546 390 546 356 546 358 547 392 547 356 547 393 548 357 548 355 548 391 549 393 549 355 549 394 550 392 550 358 550 360 551 394 551 358 551 395 552 359 552 357 552 393 553 395 553 357 553 396 554 394 554 360 554 362 555 396 555 360 555 397 556 361 556 359 556 395 557 397 557 359 557 398 558 396 558 362 558 364 559 398 559 362 559 399 560 363 560 361 560 397 561 399 561 361 561 400 562 398 562 364 562 366 563 400 563 364 563 401 564 365 564 363 564 399 565 401 565 363 565 402 566 400 566 366 566 368 567 402 567 366 567 403 568 367 568 365 568 401 569 403 569 365 569 404 570 402 570 368 570 370 571 404 571 368 571 405 572 369 572 367 572 403 573 405 573 367 573 406 574 404 574 370 574 372 575 406 575 370 575 407 576 371 576 369 576 405 577 407 577 369 577 408 578 406 578 372 578 374 579 408 579 372 579 409 580 373 580 371 580 407 581 409 581 371 581 410 582 408 582 374 582 376 583 410 583 374 583 411 584 375 584 373 584 409 585 411 585 373 585 412 586 410 586 376 586 378 587 412 587 376 587 413 588 377 588 375 588 411 589 413 589 375 589 414 590 412 590 378 590 380 591 414 591 378 591 415 592 379 592 377 592 413 593 415 593 377 593 416 594 414 594 380 594 382 595 416 595 380 595 417 596 381 596 379 596 415 597 417 597 379 597 418 598 416 598 382 598 383 599 418 599 382 599 417 600 419 600 381 600 419 601 383 601 381 601 419 602 418 602 383 602 420 603 384 603 385 603 421 604 420 604 385 604 386 605 421 605 385 605 422 606 421 606 386 606 388 607 422 607 386 607 423 608 387 608 384 608 420 609 423 609 384 609 424 610 422 610 388 610 390 611 424 611 388 611 425 612 389 612 387 612 423 613 425 613 387 613 426 614 424 614 390 614 392 615 426 615 390 615 427 616 391 616 389 616 425 617 427 617 389 617 428 618 426 618 392 618 394 619 428 619 392 619 429 620 393 620 391 620 427 621 429 621 391 621 430 622 428 622 394 622 396 623 430 623 394 623 431 624 395 624 393 624 429 625 431 625 393 625 432 626 430 626 396 626 398 627 432 627 396 627 433 628 397 628 395 628 431 629 433 629 395 629 434 630 432 630 398 630 400 631 434 631 398 631 435 632 399 632 397 632 433 633 435 633 397 633 436 634 434 634 400 634 402 635 436 635 400 635 437 636 401 636 399 636 435 637 437 637 399 637 438 638 436 638 402 638 404 639 438 639 402 639 439 640 403 640 401 640 437 641 439 641 401 641 440 642 438 642 404 642 406 643 440 643 404 643 441 644 405 644 403 644 439 645 441 645 403 645 442 646 440 646 406 646 408 647 442 647 406 647 443 648 407 648 405 648 441 649 443 649 405 649 444 650 442 650 408 650 410 651 444 651 408 651 445 652 409 652 407 652 443 653 445 653 407 653 446 654 444 654 410 654 412 655 446 655 410 655 447 656 411 656 409 656 445 657 447 657 409 657 448 658 446 658 412 658 414 659 448 659 412 659 449 660 413 660 411 660 447 661 449 661 411 661 450 662 448 662 414 662 416 663 450 663 414 663 451 664 415 664 413 664 449 665 451 665 413 665 452 666 450 666 416 666 418 667 452 667 416 667 453 668 417 668 415 668 451 669 453 669 415 669 454 670 452 670 418 670 419 671 454 671 418 671 453 672 455 672 417 672 455 673 419 673 417 673 455 674 454 674 419 674 456 675 420 675 421 675 457 676 456 676 421 676 422 677 457 677 421 677 458 678 457 678 422 678 424 679 458 679 422 679 459 680 423 680 420 680 456 681 459 681 420 681 460 682 458 682 424 682 426 683 460 683 424 683 461 684 425 684 423 684 459 685 461 685 423 685 462 686 460 686 426 686 428 687 462 687 426 687 463 688 427 688 425 688 461 689 463 689 425 689 464 690 462 690 428 690 430 691 464 691 428 691 465 692 429 692 427 692 463 693 465 693 427 693 466 694 464 694 430 694 432 695 466 695 430 695 467 696 431 696 429 696 465 697 467 697 429 697 468 698 466 698 432 698 434 699 468 699 432 699 469 700 433 700 431 700 467 701 469 701 431 701 470 702 468 702 434 702 436 703 470 703 434 703 471 704 435 704 433 704 469 705 471 705 433 705 472 706 470 706 436 706 438 707 472 707 436 707 473 708 437 708 435 708 471 709 473 709 435 709 474 710 472 710 438 710 440 711 474 711 438 711 475 712 439 712 437 712 473 713 475 713 437 713 476 714 474 714 440 714 442 715 476 715 440 715 477 716 441 716 439 716 475 717 477 717 439 717 478 718 476 718 442 718 444 719 478 719 442 719 479 720 443 720 441 720 477 721 479 721 441 721 480 722 478 722 444 722 446 723 480 723 444 723 481 724 445 724 443 724 479 725 481 725 443 725 482 726 480 726 446 726 448 727 482 727 446 727 483 728 447 728 445 728 481 729 483 729 445 729 484 730 482 730 448 730 450 731 484 731 448 731 485 732 449 732 447 732 483 733 485 733 447 733 486 734 484 734 450 734 452 735 486 735 450 735 487 736 451 736 449 736 485 737 487 737 449 737 488 738 486 738 452 738 454 739 488 739 452 739 489 740 453 740 451 740 487 741 489 741 451 741 490 742 488 742 454 742 455 743 490 743 454 743 489 744 491 744 453 744 491 745 455 745 453 745 491 746 490 746 455 746 492 747 456 747 457 747 493 748 492 748 457 748 458 749 493 749 457 749 494 750 493 750 458 750 460 751 494 751 458 751 495 752 459 752 456 752 492 753 495 753 456 753 496 754 494 754 460 754 462 755 496 755 460 755 497 756 461 756 459 756 495 757 497 757 459 757 498 758 496 758 462 758 464 759 498 759 462 759 499 760 463 760 461 760 497 761 499 761 461 761 500 762 498 762 464 762 466 763 500 763 464 763 501 764 465 764 463 764 499 765 501 765 463 765 502 766 500 766 466 766 468 767 502 767 466 767 503 768 467 768 465 768 501 769 503 769 465 769 504 770 502 770 468 770 470 771 504 771 468 771 505 772 469 772 467 772 503 773 505 773 467 773 506 774 504 774 470 774 472 775 506 775 470 775 507 776 471 776 469 776 505 777 507 777 469 777 508 778 506 778 472 778 474 779 508 779 472 779 509 780 473 780 471 780 507 781 509 781 471 781 510 782 508 782 474 782 476 783 510 783 474 783 511 784 475 784 473 784 509 785 511 785 473 785 512 786 510 786 476 786 478 787 512 787 476 787 513 788 477 788 475 788 511 789 513 789 475 789 514 790 512 790 478 790 480 791 514 791 478 791 515 792 479 792 477 792 513 793 515 793 477 793 516 794 514 794 480 794 482 795 516 795 480 795 517 796 481 796 479 796 515 797 517 797 479 797 518 798 516 798 482 798 484 799 518 799 482 799 519 800 483 800 481 800 517 801 519 801 481 801 520 802 518 802 484 802 486 803 520 803 484 803 521 804 485 804 483 804 519 805 521 805 483 805 522 806 520 806 486 806 488 807 522 807 486 807 523 808 487 808 485 808 521 809 523 809 485 809 524 810 522 810 488 810 490 811 524 811 488 811 525 812 489 812 487 812 523 813 525 813 487 813 526 814 524 814 490 814 491 815 526 815 490 815 525 816 527 816 489 816 527 817 491 817 489 817 527 818 526 818 491 818 528 819 492 819 493 819 529 820 528 820 493 820 494 821 529 821 493 821 530 822 529 822 494 822 496 823 530 823 494 823 531 824 495 824 492 824 528 825 531 825 492 825 532 826 530 826 496 826 498 827 532 827 496 827 533 828 497 828 495 828 531 829 533 829 495 829 534 830 532 830 498 830 500 831 534 831 498 831 535 832 499 832 497 832 533 833 535 833 497 833 536 834 534 834 500 834 502 835 536 835 500 835 537 836 501 836 499 836 535 837 537 837 499 837 538 838 536 838 502 838 504 839 538 839 502 839 539 840 503 840 501 840 537 841 539 841 501 841 540 842 538 842 504 842 506 843 540 843 504 843 541 844 505 844 503 844 539 845 541 845 503 845 542 846 540 846 506 846 508 847 542 847 506 847 543 848 507 848 505 848 541 849 543 849 505 849 544 850 542 850 508 850 510 851 544 851 508 851 545 852 509 852 507 852 543 853 545 853 507 853 546 854 544 854 510 854 512 855 546 855 510 855 547 856 511 856 509 856 545 857 547 857 509 857 548 858 546 858 512 858 514 859 548 859 512 859 549 860 513 860 511 860 547 861 549 861 511 861 550 862 548 862 514 862 516 863 550 863 514 863 551 864 515 864 513 864 549 865 551 865 513 865 552 866 550 866 516 866 518 867 552 867 516 867 553 868 517 868 515 868 551 869 553 869 515 869 554 870 552 870 518 870 520 871 554 871 518 871 555 872 519 872 517 872 553 873 555 873 517 873 556 874 554 874 520 874 522 875 556 875 520 875 557 876 521 876 519 876 555 877 557 877 519 877 558 878 556 878 522 878 524 879 558 879 522 879 559 880 523 880 521 880 557 881 559 881 521 881 560 882 558 882 524 882 526 883 560 883 524 883 561 884 525 884 523 884 559 885 561 885 523 885 562 886 560 886 526 886 527 887 562 887 526 887 561 888 563 888 525 888 563 889 527 889 525 889 563 890 562 890 527 890 564 891 528 891 529 891 565 892 564 892 529 892 530 893 565 893 529 893 566 894 565 894 530 894 532 895 566 895 530 895 567 896 531 896 528 896 564 897 567 897 528 897 568 898 566 898 532 898 534 899 568 899 532 899 569 900 533 900 531 900 567 901 569 901 531 901 570 902 568 902 534 902 536 903 570 903 534 903 571 904 535 904 533 904 569 905 571 905 533 905 572 906 570 906 536 906 538 907 572 907 536 907 573 908 537 908 535 908 571 909 573 909 535 909 574 910 572 910 538 910 540 911 574 911 538 911 575 912 539 912 537 912 573 913 575 913 537 913 576 914 574 914 540 914 542 915 576 915 540 915 577 916 541 916 539 916 575 917 577 917 539 917 578 918 576 918 542 918 544 919 578 919 542 919 579 920 543 920 541 920 577 921 579 921 541 921 580 922 578 922 544 922 546 923 580 923 544 923 581 924 545 924 543 924 579 925 581 925 543 925 582 926 580 926 546 926 548 927 582 927 546 927 583 928 547 928 545 928 581 929 583 929 545 929 584 930 582 930 548 930 550 931 584 931 548 931 585 932 549 932 547 932 583 933 585 933 547 933 586 934 584 934 550 934 552 935 586 935 550 935 587 936 551 936 549 936 585 937 587 937 549 937 588 938 586 938 552 938 554 939 588 939 552 939 589 940 553 940 551 940 587 941 589 941 551 941 590 942 588 942 554 942 556 943 590 943 554 943 591 944 555 944 553 944 589 945 591 945 553 945 592 946 590 946 556 946 558 947 592 947 556 947 593 948 557 948 555 948 591 949 593 949 555 949 594 950 592 950 558 950 560 951 594 951 558 951 595 952 559 952 557 952 593 953 595 953 557 953 596 954 594 954 560 954 562 955 596 955 560 955 597 956 561 956 559 956 595 957 597 957 559 957 598 958 596 958 562 958 563 959 598 959 562 959 597 960 599 960 561 960 599 961 563 961 561 961 599 962 598 962 563 962 600 963 567 963 564 963 601 964 600 964 564 964 565 965 601 965 564 965 602 966 601 966 565 966 566 967 602 967 565 967 603 968 569 968 567 968 600 969 603 969 567 969 604 970 602 970 566 970 568 971 604 971 566 971 605 972 571 972 569 972 603 973 605 973 569 973 606 974 604 974 568 974 570 975 606 975 568 975 607 976 573 976 571 976 605 977 607 977 571 977 608 978 606 978 570 978 572 979 608 979 570 979 609 980 575 980 573 980 607 981 609 981 573 981 610 982 608 982 572 982 574 983 610 983 572 983 611 984 577 984 575 984 609 985 611 985 575 985 612 986 610 986 574 986 576 987 612 987 574 987 613 988 579 988 577 988 611 989 613 989 577 989 614 990 612 990 576 990 578 991 614 991 576 991 615 992 581 992 579 992 613 993 615 993 579 993 616 994 614 994 578 994 580 995 616 995 578 995 617 996 583 996 581 996 615 997 617 997 581 997 618 998 616 998 580 998 582 999 618 999 580 999 619 1000 585 1000 583 1000 617 1001 619 1001 583 1001 620 1002 618 1002 582 1002 584 1003 620 1003 582 1003 621 1004 587 1004 585 1004 619 1005 621 1005 585 1005 622 1006 620 1006 584 1006 586 1007 622 1007 584 1007 623 1008 589 1008 587 1008 621 1009 623 1009 587 1009 624 1010 622 1010 586 1010 588 1011 624 1011 586 1011 625 1012 591 1012 589 1012 623 1013 625 1013 589 1013 626 1014 624 1014 588 1014 590 1015 626 1015 588 1015 627 1016 593 1016 591 1016 625 1017 627 1017 591 1017 628 1018 626 1018 590 1018 592 1019 628 1019 590 1019 629 1020 595 1020 593 1020 627 1021 629 1021 593 1021 630 1022 628 1022 592 1022 594 1023 630 1023 592 1023 631 1024 597 1024 595 1024 629 1025 631 1025 595 1025 632 1026 630 1026 594 1026 596 1027 632 1027 594 1027 633 1028 599 1028 597 1028 631 1029 633 1029 597 1029 634 1030 632 1030 596 1030 598 1031 634 1031 596 1031 633 1032 635 1032 599 1032 635 1033 598 1033 599 1033 635 1034 634 1034 598 1034 636 1035 603 1035 600 1035 637 1036 636 1036 600 1036 601 1037 637 1037 600 1037 638 1038 637 1038 601 1038 602 1039 638 1039 601 1039 639 1040 605 1040 603 1040 636 1041 639 1041 603 1041 640 1042 638 1042 602 1042 604 1043 640 1043 602 1043 641 1044 607 1044 605 1044 639 1045 641 1045 605 1045 642 1046 640 1046 604 1046 606 1047 642 1047 604 1047 643 1048 609 1048 607 1048 641 1049 643 1049 607 1049 644 1050 642 1050 606 1050 608 1051 644 1051 606 1051 645 1052 611 1052 609 1052 643 1053 645 1053 609 1053 646 1054 644 1054 608 1054 610 1055 646 1055 608 1055 647 1056 613 1056 611 1056 645 1057 647 1057 611 1057 648 1058 646 1058 610 1058 612 1059 648 1059 610 1059 649 1060 615 1060 613 1060 647 1061 649 1061 613 1061 650 1062 648 1062 612 1062 614 1063 650 1063 612 1063 651 1064 617 1064 615 1064 649 1065 651 1065 615 1065 652 1066 650 1066 614 1066 616 1067 652 1067 614 1067 653 1068 619 1068 617 1068 651 1069 653 1069 617 1069 654 1070 652 1070 616 1070 618 1071 654 1071 616 1071 655 1072 621 1072 619 1072 653 1073 655 1073 619 1073 656 1074 654 1074 618 1074 620 1075 656 1075 618 1075 657 1076 623 1076 621 1076 655 1077 657 1077 621 1077 658 1078 656 1078 620 1078 622 1079 658 1079 620 1079 659 1080 625 1080 623 1080 657 1081 659 1081 623 1081 660 1082 658 1082 622 1082 624 1083 660 1083 622 1083 661 1084 627 1084 625 1084 659 1085 661 1085 625 1085 662 1086 660 1086 624 1086 626 1087 662 1087 624 1087 663 1088 629 1088 627 1088 661 1089 663 1089 627 1089 664 1090 662 1090 626 1090 628 1091 664 1091 626 1091 665 1092 631 1092 629 1092 663 1093 665 1093 629 1093 666 1094 664 1094 628 1094 630 1095 666 1095 628 1095 667 1096 633 1096 631 1096 665 1097 667 1097 631 1097 668 1098 666 1098 630 1098 632 1099 668 1099 630 1099 669 1100 635 1100 633 1100 667 1101 669 1101 633 1101 670 1102 668 1102 632 1102 634 1103 670 1103 632 1103 669 1104 671 1104 635 1104 671 1105 634 1105 635 1105 671 1106 670 1106 634 1106 672 1107 639 1107 636 1107 673 1108 672 1108 636 1108 637 1109 673 1109 636 1109 674 1110 673 1110 637 1110 638 1111 674 1111 637 1111 675 1112 641 1112 639 1112 672 1113 675 1113 639 1113 676 1114 674 1114 638 1114 640 1115 676 1115 638 1115 677 1116 643 1116 641 1116 675 1117 677 1117 641 1117 678 1118 676 1118 640 1118 642 1119 678 1119 640 1119 679 1120 645 1120 643 1120 677 1121 679 1121 643 1121 680 1122 678 1122 642 1122 644 1123 680 1123 642 1123 681 1124 647 1124 645 1124 679 1125 681 1125 645 1125 682 1126 680 1126 644 1126 646 1127 682 1127 644 1127 683 1128 649 1128 647 1128 681 1129 683 1129 647 1129 684 1130 682 1130 646 1130 648 1131 684 1131 646 1131 685 1132 651 1132 649 1132 683 1133 685 1133 649 1133 686 1134 684 1134 648 1134 650 1135 686 1135 648 1135 687 1136 653 1136 651 1136 685 1137 687 1137 651 1137 688 1138 686 1138 650 1138 652 1139 688 1139 650 1139 689 1140 655 1140 653 1140 687 1141 689 1141 653 1141 690 1142 688 1142 652 1142 654 1143 690 1143 652 1143 691 1144 657 1144 655 1144 689 1145 691 1145 655 1145 692 1146 690 1146 654 1146 656 1147 692 1147 654 1147 693 1148 659 1148 657 1148 691 1149 693 1149 657 1149 694 1150 692 1150 656 1150 658 1151 694 1151 656 1151 695 1152 661 1152 659 1152 693 1153 695 1153 659 1153 696 1154 694 1154 658 1154 660 1155 696 1155 658 1155 697 1156 663 1156 661 1156 695 1157 697 1157 661 1157 698 1158 696 1158 660 1158 662 1159 698 1159 660 1159 699 1160 665 1160 663 1160 697 1161 699 1161 663 1161 700 1162 698 1162 662 1162 664 1163 700 1163 662 1163 701 1164 667 1164 665 1164 699 1165 701 1165 665 1165 702 1166 700 1166 664 1166 666 1167 702 1167 664 1167 703 1168 669 1168 667 1168 701 1169 703 1169 667 1169 704 1170 702 1170 666 1170 668 1171 704 1171 666 1171 705 1172 671 1172 669 1172 703 1173 705 1173 669 1173 706 1174 704 1174 668 1174 670 1175 706 1175 668 1175 705 1176 707 1176 671 1176 707 1177 670 1177 671 1177 707 1178 706 1178 670 1178 708 1179 675 1179 672 1179 709 1180 708 1180 672 1180 673 1181 709 1181 672 1181 710 1182 709 1182 673 1182 674 1183 710 1183 673 1183 711 1184 677 1184 675 1184 708 1185 711 1185 675 1185 712 1186 710 1186 674 1186 676 1187 712 1187 674 1187 713 1188 679 1188 677 1188 711 1189 713 1189 677 1189 714 1190 712 1190 676 1190 678 1191 714 1191 676 1191 715 1192 681 1192 679 1192 713 1193 715 1193 679 1193 716 1194 714 1194 678 1194 680 1195 716 1195 678 1195 717 1196 683 1196 681 1196 715 1197 717 1197 681 1197 718 1198 716 1198 680 1198 682 1199 718 1199 680 1199 719 1200 685 1200 683 1200 717 1201 719 1201 683 1201 720 1202 718 1202 682 1202 684 1203 720 1203 682 1203 721 1204 687 1204 685 1204 719 1205 721 1205 685 1205 722 1206 720 1206 684 1206 686 1207 722 1207 684 1207 723 1208 689 1208 687 1208 721 1209 723 1209 687 1209 724 1210 722 1210 686 1210 688 1211 724 1211 686 1211 725 1212 691 1212 689 1212 723 1213 725 1213 689 1213 726 1214 724 1214 688 1214 690 1215 726 1215 688 1215 727 1216 693 1216 691 1216 725 1217 727 1217 691 1217 728 1218 726 1218 690 1218 692 1219 728 1219 690 1219 729 1220 695 1220 693 1220 727 1221 729 1221 693 1221 730 1222 728 1222 692 1222 694 1223 730 1223 692 1223 731 1224 697 1224 695 1224 729 1225 731 1225 695 1225 732 1226 730 1226 694 1226 696 1227 732 1227 694 1227 733 1228 699 1228 697 1228 731 1229 733 1229 697 1229 734 1230 732 1230 696 1230 698 1231 734 1231 696 1231 735 1232 701 1232 699 1232 733 1233 735 1233 699 1233 736 1234 734 1234 698 1234 700 1235 736 1235 698 1235 737 1236 703 1236 701 1236 735 1237 737 1237 701 1237 738 1238 736 1238 700 1238 702 1239 738 1239 700 1239 739 1240 705 1240 703 1240 737 1241 739 1241 703 1241 740 1242 738 1242 702 1242 704 1243 740 1243 702 1243 741 1244 707 1244 705 1244 739 1245 741 1245 705 1245 742 1246 740 1246 704 1246 706 1247 742 1247 704 1247 741 1248 743 1248 707 1248 743 1249 706 1249 707 1249 743 1250 742 1250 706 1250 744 1251 711 1251 708 1251 745 1252 744 1252 708 1252 709 1253 745 1253 708 1253 746 1254 745 1254 709 1254 710 1255 746 1255 709 1255 747 1256 713 1256 711 1256 744 1257 747 1257 711 1257 748 1258 746 1258 710 1258 712 1259 748 1259 710 1259 749 1260 715 1260 713 1260 747 1261 749 1261 713 1261 750 1262 748 1262 712 1262 714 1263 750 1263 712 1263 751 1264 717 1264 715 1264 749 1265 751 1265 715 1265 752 1266 750 1266 714 1266 716 1267 752 1267 714 1267 753 1268 719 1268 717 1268 751 1269 753 1269 717 1269 754 1270 752 1270 716 1270 718 1271 754 1271 716 1271 755 1272 721 1272 719 1272 753 1273 755 1273 719 1273 756 1274 754 1274 718 1274 720 1275 756 1275 718 1275 757 1276 723 1276 721 1276 755 1277 757 1277 721 1277 758 1278 756 1278 720 1278 722 1279 758 1279 720 1279 759 1280 725 1280 723 1280 757 1281 759 1281 723 1281 760 1282 758 1282 722 1282 724 1283 760 1283 722 1283 761 1284 727 1284 725 1284 759 1285 761 1285 725 1285 762 1286 760 1286 724 1286 726 1287 762 1287 724 1287 763 1288 729 1288 727 1288 761 1289 763 1289 727 1289 764 1290 762 1290 726 1290 728 1291 764 1291 726 1291 765 1292 731 1292 729 1292 763 1293 765 1293 729 1293 766 1294 764 1294 728 1294 730 1295 766 1295 728 1295 767 1296 733 1296 731 1296 765 1297 767 1297 731 1297 768 1298 766 1298 730 1298 732 1299 768 1299 730 1299 769 1300 735 1300 733 1300 767 1301 769 1301 733 1301 770 1302 768 1302 732 1302 734 1303 770 1303 732 1303 771 1304 737 1304 735 1304 769 1305 771 1305 735 1305 772 1306 770 1306 734 1306 736 1307 772 1307 734 1307 773 1308 739 1308 737 1308 771 1309 773 1309 737 1309 774 1310 772 1310 736 1310 738 1311 774 1311 736 1311 775 1312 741 1312 739 1312 773 1313 775 1313 739 1313 776 1314 774 1314 738 1314 740 1315 776 1315 738 1315 777 1316 743 1316 741 1316 775 1317 777 1317 741 1317 778 1318 776 1318 740 1318 742 1319 778 1319 740 1319 777 1320 779 1320 743 1320 779 1321 742 1321 743 1321 779 1322 778 1322 742 1322 780 1323 747 1323 744 1323 781 1324 780 1324 744 1324 745 1325 781 1325 744 1325 782 1326 781 1326 745 1326 746 1327 782 1327 745 1327 783 1328 749 1328 747 1328 780 1329 783 1329 747 1329 784 1330 782 1330 746 1330 748 1331 784 1331 746 1331 785 1332 751 1332 749 1332 783 1333 785 1333 749 1333 786 1334 784 1334 748 1334 750 1335 786 1335 748 1335 787 1336 753 1336 751 1336 785 1337 787 1337 751 1337 788 1338 786 1338 750 1338 752 1339 788 1339 750 1339 789 1340 755 1340 753 1340 787 1341 789 1341 753 1341 790 1342 788 1342 752 1342 754 1343 790 1343 752 1343 791 1344 757 1344 755 1344 789 1345 791 1345 755 1345 792 1346 790 1346 754 1346 756 1347 792 1347 754 1347 793 1348 759 1348 757 1348 791 1349 793 1349 757 1349 794 1350 792 1350 756 1350 758 1351 794 1351 756 1351 795 1352 761 1352 759 1352 793 1353 795 1353 759 1353 796 1354 794 1354 758 1354 760 1355 796 1355 758 1355 797 1356 763 1356 761 1356 795 1357 797 1357 761 1357 798 1358 796 1358 760 1358 762 1359 798 1359 760 1359 799 1360 765 1360 763 1360 797 1361 799 1361 763 1361 800 1362 798 1362 762 1362 764 1363 800 1363 762 1363 801 1364 767 1364 765 1364 799 1365 801 1365 765 1365 802 1366 800 1366 764 1366 766 1367 802 1367 764 1367 803 1368 769 1368 767 1368 801 1369 803 1369 767 1369 804 1370 802 1370 766 1370 768 1371 804 1371 766 1371 805 1372 771 1372 769 1372 803 1373 805 1373 769 1373 806 1374 804 1374 768 1374 770 1375 806 1375 768 1375 807 1376 773 1376 771 1376 805 1377 807 1377 771 1377 808 1378 806 1378 770 1378 772 1379 808 1379 770 1379 809 1380 775 1380 773 1380 807 1381 809 1381 773 1381 810 1382 808 1382 772 1382 774 1383 810 1383 772 1383 811 1384 777 1384 775 1384 809 1385 811 1385 775 1385 812 1386 810 1386 774 1386 776 1387 812 1387 774 1387 813 1388 779 1388 777 1388 811 1389 813 1389 777 1389 814 1390 812 1390 776 1390 778 1391 814 1391 776 1391 813 1392 815 1392 779 1392 815 1393 778 1393 779 1393 815 1394 814 1394 778 1394 816 1395 783 1395 780 1395 817 1396 816 1396 780 1396 781 1397 817 1397 780 1397 818 1398 817 1398 781 1398 782 1399 818 1399 781 1399 819 1400 785 1400 783 1400 816 1401 819 1401 783 1401 820 1402 818 1402 782 1402 784 1403 820 1403 782 1403 821 1404 787 1404 785 1404 819 1405 821 1405 785 1405 822 1406 820 1406 784 1406 786 1407 822 1407 784 1407 823 1408 789 1408 787 1408 821 1409 823 1409 787 1409 824 1410 822 1410 786 1410 788 1411 824 1411 786 1411 825 1412 791 1412 789 1412 823 1413 825 1413 789 1413 826 1414 824 1414 788 1414 790 1415 826 1415 788 1415 827 1416 793 1416 791 1416 825 1417 827 1417 791 1417 828 1418 826 1418 790 1418 792 1419 828 1419 790 1419 829 1420 795 1420 793 1420 827 1421 829 1421 793 1421 830 1422 828 1422 792 1422 794 1423 830 1423 792 1423 831 1424 797 1424 795 1424 829 1425 831 1425 795 1425 832 1426 830 1426 794 1426 796 1427 832 1427 794 1427 833 1428 799 1428 797 1428 831 1429 833 1429 797 1429 834 1430 832 1430 796 1430 798 1431 834 1431 796 1431 835 1432 801 1432 799 1432 833 1433 835 1433 799 1433 836 1434 834 1434 798 1434 800 1435 836 1435 798 1435 837 1436 803 1436 801 1436 835 1437 837 1437 801 1437 838 1438 836 1438 800 1438 802 1439 838 1439 800 1439 839 1440 805 1440 803 1440 837 1441 839 1441 803 1441 840 1442 838 1442 802 1442 804 1443 840 1443 802 1443 841 1444 807 1444 805 1444 839 1445 841 1445 805 1445 842 1446 840 1446 804 1446 806 1447 842 1447 804 1447 843 1448 809 1448 807 1448 841 1449 843 1449 807 1449 844 1450 842 1450 806 1450 808 1451 844 1451 806 1451 845 1452 811 1452 809 1452 843 1453 845 1453 809 1453 846 1454 844 1454 808 1454 810 1455 846 1455 808 1455 847 1456 813 1456 811 1456 845 1457 847 1457 811 1457 848 1458 846 1458 810 1458 812 1459 848 1459 810 1459 849 1460 815 1460 813 1460 847 1461 849 1461 813 1461 850 1462 848 1462 812 1462 814 1463 850 1463 812 1463 849 1464 851 1464 815 1464 851 1465 814 1465 815 1465 851 1466 850 1466 814 1466 852 1467 819 1467 816 1467 853 1468 852 1468 816 1468 817 1469 853 1469 816 1469 854 1470 853 1470 817 1470 818 1471 854 1471 817 1471 855 1472 821 1472 819 1472 852 1473 855 1473 819 1473 856 1474 854 1474 818 1474 820 1475 856 1475 818 1475 857 1476 823 1476 821 1476 855 1477 857 1477 821 1477 858 1478 856 1478 820 1478 822 1479 858 1479 820 1479 859 1480 825 1480 823 1480 857 1481 859 1481 823 1481 860 1482 858 1482 822 1482 824 1483 860 1483 822 1483 861 1484 827 1484 825 1484 859 1485 861 1485 825 1485 862 1486 860 1486 824 1486 826 1487 862 1487 824 1487 863 1488 829 1488 827 1488 861 1489 863 1489 827 1489 864 1490 862 1490 826 1490 828 1491 864 1491 826 1491 865 1492 831 1492 829 1492 863 1493 865 1493 829 1493 866 1494 864 1494 828 1494 830 1495 866 1495 828 1495 867 1496 833 1496 831 1496 865 1497 867 1497 831 1497 868 1498 866 1498 830 1498 832 1499 868 1499 830 1499 869 1500 835 1500 833 1500 867 1501 869 1501 833 1501 870 1502 868 1502 832 1502 834 1503 870 1503 832 1503 871 1504 837 1504 835 1504 869 1505 871 1505 835 1505 872 1506 870 1506 834 1506 836 1507 872 1507 834 1507 873 1508 839 1508 837 1508 871 1509 873 1509 837 1509 874 1510 872 1510 836 1510 838 1511 874 1511 836 1511 875 1512 841 1512 839 1512 873 1513 875 1513 839 1513 876 1514 874 1514 838 1514 840 1515 876 1515 838 1515 877 1516 843 1516 841 1516 875 1517 877 1517 841 1517 878 1518 876 1518 840 1518 842 1519 878 1519 840 1519 879 1520 845 1520 843 1520 877 1521 879 1521 843 1521 880 1522 878 1522 842 1522 844 1523 880 1523 842 1523 881 1524 847 1524 845 1524 879 1525 881 1525 845 1525 882 1526 880 1526 844 1526 846 1527 882 1527 844 1527 883 1528 849 1528 847 1528 881 1529 883 1529 847 1529 884 1530 882 1530 846 1530 848 1531 884 1531 846 1531 885 1532 851 1532 849 1532 883 1533 885 1533 849 1533 886 1534 884 1534 848 1534 850 1535 886 1535 848 1535 885 1536 887 1536 851 1536 887 1537 850 1537 851 1537 887 1538 886 1538 850 1538 888 1539 855 1539 852 1539 889 1540 888 1540 852 1540 853 1541 889 1541 852 1541 890 1542 889 1542 853 1542 854 1543 890 1543 853 1543 891 1544 857 1544 855 1544 888 1545 891 1545 855 1545 892 1546 890 1546 854 1546 856 1547 892 1547 854 1547 893 1548 859 1548 857 1548 891 1549 893 1549 857 1549 894 1550 892 1550 856 1550 858 1551 894 1551 856 1551 895 1552 861 1552 859 1552 893 1553 895 1553 859 1553 896 1554 894 1554 858 1554 860 1555 896 1555 858 1555 897 1556 863 1556 861 1556 895 1557 897 1557 861 1557 898 1558 896 1558 860 1558 862 1559 898 1559 860 1559 899 1560 865 1560 863 1560 897 1561 899 1561 863 1561 900 1562 898 1562 862 1562 864 1563 900 1563 862 1563 901 1564 867 1564 865 1564 899 1565 901 1565 865 1565 902 1566 900 1566 864 1566 866 1567 902 1567 864 1567 903 1568 869 1568 867 1568 901 1568 903 1568 867 1568 904 1567 902 1567 866 1567 868 1569 904 1569 866 1569 905 1570 871 1570 869 1570 903 1571 905 1571 869 1571 906 1572 904 1572 868 1572 870 1573 906 1573 868 1573 907 1574 873 1574 871 1574 905 1575 907 1575 871 1575 908 1576 906 1576 870 1576 872 1577 908 1577 870 1577 909 1578 875 1578 873 1578 907 1578 909 1578 873 1578 910 1577 908 1577 872 1577 874 1579 910 1579 872 1579 911 1580 877 1580 875 1580 909 1581 911 1581 875 1581 912 1582 910 1582 874 1582 876 1583 912 1583 874 1583 913 1584 879 1584 877 1584 911 1585 913 1585 877 1585 914 1586 912 1586 876 1586 878 1587 914 1587 876 1587 915 1588 881 1588 879 1588 913 1589 915 1589 879 1589 916 1587 914 1587 878 1587 880 1590 916 1590 878 1590 917 1591 883 1591 881 1591 915 1592 917 1592 881 1592 918 1593 916 1593 880 1593 882 1594 918 1594 880 1594 919 1595 885 1595 883 1595 917 1596 919 1596 883 1596 920 1597 918 1597 882 1597 884 1598 920 1598 882 1598 921 1599 887 1599 885 1599 919 1600 921 1600 885 1600 922 1601 920 1601 884 1601 886 1602 922 1602 884 1602 921 1603 923 1603 887 1603 923 1604 886 1604 887 1604 923 1605 922 1605 886 1605 924 1606 49 1606 50 1606 925 1607 924 1607 50 1607 51 1608 925 1608 50 1608 926 1609 925 1609 51 1609 53 1610 926 1610 51 1610 927 1611 52 1611 49 1611 924 1612 927 1612 49 1612 928 1613 926 1613 53 1613 56 1614 928 1614 53 1614 929 1615 55 1615 52 1615 927 1616 929 1616 52 1616 930 1617 928 1617 56 1617 59 1618 930 1618 56 1618 931 1619 58 1619 55 1619 929 1620 931 1620 55 1620 932 1621 930 1621 59 1621 66 1622 932 1622 59 1622 933 1623 61 1623 58 1623 931 1624 933 1624 58 1624 934 1625 932 1625 66 1625 75 1626 934 1626 66 1626 935 1627 68 1627 61 1627 933 1628 935 1628 61 1628 936 1629 934 1629 75 1629 80 1630 936 1630 75 1630 937 1631 77 1631 68 1631 935 1632 937 1632 68 1632 938 1633 936 1633 80 1633 87 1634 938 1634 80 1634 939 1635 82 1635 77 1635 937 1636 939 1636 77 1636 940 1637 938 1637 87 1637 100 1638 940 1638 87 1638 941 1639 89 1639 82 1639 939 1640 941 1640 82 1640 942 1641 940 1641 100 1641 106 1642 942 1642 100 1642 943 1643 94 1643 89 1643 941 1644 943 1644 89 1644 944 1645 942 1645 106 1645 119 1646 944 1646 106 1646 945 1647 109 1647 94 1647 943 1648 945 1648 94 1648 946 1649 944 1649 119 1649 127 1650 946 1650 119 1650 947 1651 121 1651 109 1651 945 1652 947 1652 109 1652 948 1653 946 1653 127 1653 143 1654 948 1654 127 1654 949 1655 129 1655 121 1655 947 1656 949 1656 121 1656 950 1657 948 1657 143 1657 151 1658 950 1658 143 1658 951 1659 145 1659 129 1659 949 1660 951 1660 129 1660 952 1661 950 1661 151 1661 155 1662 952 1662 151 1662 953 1663 153 1663 145 1663 951 1664 953 1664 145 1664 954 1665 952 1665 155 1665 159 1666 954 1666 155 1666 955 1667 157 1667 153 1667 953 1668 955 1668 153 1668 956 1669 954 1669 159 1669 163 1670 956 1670 159 1670 957 1671 161 1671 157 1671 955 1672 957 1672 157 1672 958 1673 956 1673 163 1673 164 1674 958 1674 163 1674 957 1675 959 1675 161 1675 959 1676 164 1676 161 1676 959 1677 958 1677 164 1677 960 1678 924 1678 925 1678 961 1679 960 1679 925 1679 926 1680 961 1680 925 1680 962 1681 961 1681 926 1681 928 1682 962 1682 926 1682 963 1683 927 1683 924 1683 960 1684 963 1684 924 1684 964 1685 962 1685 928 1685 930 1686 964 1686 928 1686 965 1687 929 1687 927 1687 963 1688 965 1688 927 1688 966 1689 964 1689 930 1689 932 1690 966 1690 930 1690 967 1691 931 1691 929 1691 965 1692 967 1692 929 1692 968 1693 966 1693 932 1693 934 1694 968 1694 932 1694 969 1695 933 1695 931 1695 967 1696 969 1696 931 1696 970 1697 968 1697 934 1697 936 1698 970 1698 934 1698 971 1699 935 1699 933 1699 969 1700 971 1700 933 1700 972 1701 970 1701 936 1701 938 1702 972 1702 936 1702 973 1703 937 1703 935 1703 971 1704 973 1704 935 1704 974 1705 972 1705 938 1705 940 1706 974 1706 938 1706 975 1707 939 1707 937 1707 973 1708 975 1708 937 1708 976 1709 974 1709 940 1709 942 1710 976 1710 940 1710 977 1711 941 1711 939 1711 975 1712 977 1712 939 1712 978 1713 976 1713 942 1713 944 1714 978 1714 942 1714 979 1715 943 1715 941 1715 977 1716 979 1716 941 1716 980 1717 978 1717 944 1717 946 1718 980 1718 944 1718 981 1719 945 1719 943 1719 979 1720 981 1720 943 1720 982 1721 980 1721 946 1721 948 1722 982 1722 946 1722 983 1723 947 1723 945 1723 981 1724 983 1724 945 1724 984 1725 982 1725 948 1725 950 1726 984 1726 948 1726 985 1727 949 1727 947 1727 983 1728 985 1728 947 1728 986 1729 984 1729 950 1729 952 1730 986 1730 950 1730 987 1731 951 1731 949 1731 985 1732 987 1732 949 1732 988 1733 986 1733 952 1733 954 1734 988 1734 952 1734 989 1735 953 1735 951 1735 987 1736 989 1736 951 1736 990 1737 988 1737 954 1737 956 1738 990 1738 954 1738 991 1739 955 1739 953 1739 989 1740 991 1740 953 1740 992 1741 990 1741 956 1741 958 1742 992 1742 956 1742 993 1743 957 1743 955 1743 991 1744 993 1744 955 1744 994 1745 992 1745 958 1745 959 1746 994 1746 958 1746 993 1747 995 1747 957 1747 995 1748 959 1748 957 1748 995 1749 994 1749 959 1749 996 1750 960 1750 961 1750 997 1751 996 1751 961 1751 962 1752 997 1752 961 1752 998 1753 997 1753 962 1753 964 1754 998 1754 962 1754 999 1755 963 1755 960 1755 996 1756 999 1756 960 1756 1000 1757 998 1757 964 1757 966 1758 1000 1758 964 1758 1001 1759 965 1759 963 1759 999 1760 1001 1760 963 1760 1002 1761 1000 1761 966 1761 968 1762 1002 1762 966 1762 1003 1763 967 1763 965 1763 1001 1764 1003 1764 965 1764 1004 1765 1002 1765 968 1765 970 1766 1004 1766 968 1766 1005 1767 969 1767 967 1767 1003 1768 1005 1768 967 1768 1006 1769 1004 1769 970 1769 972 1770 1006 1770 970 1770 1007 1771 971 1771 969 1771 1005 1772 1007 1772 969 1772 1008 1773 1006 1773 972 1773 974 1774 1008 1774 972 1774 1009 1775 973 1775 971 1775 1007 1776 1009 1776 971 1776 1010 1777 1008 1777 974 1777 976 1778 1010 1778 974 1778 1011 1779 975 1779 973 1779 1009 1780 1011 1780 973 1780 1012 1781 1010 1781 976 1781 978 1782 1012 1782 976 1782 1013 1783 977 1783 975 1783 1011 1784 1013 1784 975 1784 1014 1785 1012 1785 978 1785 980 1786 1014 1786 978 1786 1015 1787 979 1787 977 1787 1013 1788 1015 1788 977 1788 1016 1789 1014 1789 980 1789 982 1790 1016 1790 980 1790 1017 1791 981 1791 979 1791 1015 1792 1017 1792 979 1792 1018 1793 1016 1793 982 1793 984 1794 1018 1794 982 1794 1019 1795 983 1795 981 1795 1017 1796 1019 1796 981 1796 1020 1797 1018 1797 984 1797 986 1798 1020 1798 984 1798 1021 1799 985 1799 983 1799 1019 1800 1021 1800 983 1800 1022 1801 1020 1801 986 1801 988 1802 1022 1802 986 1802 1023 1803 987 1803 985 1803 1021 1804 1023 1804 985 1804 1024 1805 1022 1805 988 1805 990 1806 1024 1806 988 1806 1025 1807 989 1807 987 1807 1023 1808 1025 1808 987 1808 1026 1809 1024 1809 990 1809 992 1810 1026 1810 990 1810 1027 1811 991 1811 989 1811 1025 1812 1027 1812 989 1812 1028 1813 1026 1813 992 1813 994 1814 1028 1814 992 1814 1029 1815 993 1815 991 1815 1027 1816 1029 1816 991 1816 1030 1817 1028 1817 994 1817 995 1818 1030 1818 994 1818 1029 1819 1031 1819 993 1819 1031 1820 995 1820 993 1820 1031 1821 1030 1821 995 1821 1032 1822 996 1822 997 1822 1033 1823 1032 1823 997 1823 998 1824 1033 1824 997 1824 1034 1825 1033 1825 998 1825 1000 1826 1034 1826 998 1826 1035 1827 999 1827 996 1827 1032 1828 1035 1828 996 1828 1036 1829 1034 1829 1000 1829 1002 1830 1036 1830 1000 1830 1037 1831 1001 1831 999 1831 1035 1832 1037 1832 999 1832 1038 1833 1036 1833 1002 1833 1004 1834 1038 1834 1002 1834 1039 1835 1003 1835 1001 1835 1037 1836 1039 1836 1001 1836 1040 1837 1038 1837 1004 1837 1006 1838 1040 1838 1004 1838 1041 1839 1005 1839 1003 1839 1039 1840 1041 1840 1003 1840 1042 1841 1040 1841 1006 1841 1008 1842 1042 1842 1006 1842 1043 1843 1007 1843 1005 1843 1041 1844 1043 1844 1005 1844 1044 1845 1042 1845 1008 1845 1010 1846 1044 1846 1008 1846 1045 1847 1009 1847 1007 1847 1043 1848 1045 1848 1007 1848 1046 1849 1044 1849 1010 1849 1012 1850 1046 1850 1010 1850 1047 1851 1011 1851 1009 1851 1045 1852 1047 1852 1009 1852 1048 1853 1046 1853 1012 1853 1014 1854 1048 1854 1012 1854 1049 1855 1013 1855 1011 1855 1047 1856 1049 1856 1011 1856 1050 1857 1048 1857 1014 1857 1016 1858 1050 1858 1014 1858 1051 1859 1015 1859 1013 1859 1049 1860 1051 1860 1013 1860 1052 1861 1050 1861 1016 1861 1018 1862 1052 1862 1016 1862 1053 1863 1017 1863 1015 1863 1051 1864 1053 1864 1015 1864 1054 1865 1052 1865 1018 1865 1020 1866 1054 1866 1018 1866 1055 1867 1019 1867 1017 1867 1053 1868 1055 1868 1017 1868 1056 1869 1054 1869 1020 1869 1022 1870 1056 1870 1020 1870 1057 1871 1021 1871 1019 1871 1055 1872 1057 1872 1019 1872 1058 1873 1056 1873 1022 1873 1024 1874 1058 1874 1022 1874 1059 1875 1023 1875 1021 1875 1057 1876 1059 1876 1021 1876 1060 1877 1058 1877 1024 1877 1026 1878 1060 1878 1024 1878 1061 1879 1025 1879 1023 1879 1059 1880 1061 1880 1023 1880 1062 1881 1060 1881 1026 1881 1028 1882 1062 1882 1026 1882 1063 1883 1027 1883 1025 1883 1061 1884 1063 1884 1025 1884 1064 1885 1062 1885 1028 1885 1030 1886 1064 1886 1028 1886 1065 1887 1029 1887 1027 1887 1063 1888 1065 1888 1027 1888 1066 1889 1064 1889 1030 1889 1031 1890 1066 1890 1030 1890 1065 1891 1067 1891 1029 1891 1067 1892 1031 1892 1029 1892 1067 1893 1066 1893 1031 1893 1068 1894 1032 1894 1033 1894 1069 1895 1068 1895 1033 1895 1034 1896 1069 1896 1033 1896 1070 1897 1069 1897 1034 1897 1036 1898 1070 1898 1034 1898 1071 1899 1035 1899 1032 1899 1068 1900 1071 1900 1032 1900 1072 1901 1070 1901 1036 1901 1038 1902 1072 1902 1036 1902 1073 1903 1037 1903 1035 1903 1071 1904 1073 1904 1035 1904 1074 1905 1072 1905 1038 1905 1040 1906 1074 1906 1038 1906 1075 1907 1039 1907 1037 1907 1073 1908 1075 1908 1037 1908 1076 1909 1074 1909 1040 1909 1042 1910 1076 1910 1040 1910 1077 1911 1041 1911 1039 1911 1075 1912 1077 1912 1039 1912 1078 1913 1076 1913 1042 1913 1044 1914 1078 1914 1042 1914 1079 1915 1043 1915 1041 1915 1077 1916 1079 1916 1041 1916 1080 1917 1078 1917 1044 1917 1046 1918 1080 1918 1044 1918 1081 1919 1045 1919 1043 1919 1079 1920 1081 1920 1043 1920 1082 1921 1080 1921 1046 1921 1048 1922 1082 1922 1046 1922 1083 1923 1047 1923 1045 1923 1081 1924 1083 1924 1045 1924 1084 1925 1082 1925 1048 1925 1050 1926 1084 1926 1048 1926 1085 1927 1049 1927 1047 1927 1083 1928 1085 1928 1047 1928 1086 1929 1084 1929 1050 1929 1052 1930 1086 1930 1050 1930 1087 1931 1051 1931 1049 1931 1085 1932 1087 1932 1049 1932 1088 1933 1086 1933 1052 1933 1054 1934 1088 1934 1052 1934 1089 1935 1053 1935 1051 1935 1087 1936 1089 1936 1051 1936 1090 1937 1088 1937 1054 1937 1056 1938 1090 1938 1054 1938 1091 1939 1055 1939 1053 1939 1089 1940 1091 1940 1053 1940 1092 1941 1090 1941 1056 1941 1058 1942 1092 1942 1056 1942 1093 1943 1057 1943 1055 1943 1091 1944 1093 1944 1055 1944 1094 1945 1092 1945 1058 1945 1060 1946 1094 1946 1058 1946 1095 1947 1059 1947 1057 1947 1093 1948 1095 1948 1057 1948 1096 1949 1094 1949 1060 1949 1062 1950 1096 1950 1060 1950 1097 1951 1061 1951 1059 1951 1095 1952 1097 1952 1059 1952 1098 1953 1096 1953 1062 1953 1064 1954 1098 1954 1062 1954 1099 1955 1063 1955 1061 1955 1097 1956 1099 1956 1061 1956 1100 1957 1098 1957 1064 1957 1066 1958 1100 1958 1064 1958 1101 1959 1065 1959 1063 1959 1099 1960 1101 1960 1063 1960 1102 1961 1100 1961 1066 1961 1067 1962 1102 1962 1066 1962 1101 1963 1103 1963 1065 1963 1103 1964 1067 1964 1065 1964 1103 1965 1102 1965 1067 1965 1104 1966 1068 1966 1069 1966 1105 1967 1104 1967 1069 1967 1070 1968 1105 1968 1069 1968 1106 1969 1105 1969 1070 1969 1072 1970 1106 1970 1070 1970 1107 1971 1071 1971 1068 1971 1104 1972 1107 1972 1068 1972 1108 1973 1106 1973 1072 1973 1074 1974 1108 1974 1072 1974 1109 1975 1073 1975 1071 1975 1107 1976 1109 1976 1071 1976 1110 1977 1108 1977 1074 1977 1076 1978 1110 1978 1074 1978 1111 1979 1075 1979 1073 1979 1109 1980 1111 1980 1073 1980 1112 1981 1110 1981 1076 1981 1078 1982 1112 1982 1076 1982 1113 1983 1077 1983 1075 1983 1111 1984 1113 1984 1075 1984 1114 1985 1112 1985 1078 1985 1080 1986 1114 1986 1078 1986 1115 1987 1079 1987 1077 1987 1113 1988 1115 1988 1077 1988 1116 1989 1114 1989 1080 1989 1082 1990 1116 1990 1080 1990 1117 1991 1081 1991 1079 1991 1115 1992 1117 1992 1079 1992 1118 1993 1116 1993 1082 1993 1084 1994 1118 1994 1082 1994 1119 1995 1083 1995 1081 1995 1117 1996 1119 1996 1081 1996 1120 1997 1118 1997 1084 1997 1086 1998 1120 1998 1084 1998 1121 1999 1085 1999 1083 1999 1119 2000 1121 2000 1083 2000 1122 2001 1120 2001 1086 2001 1088 2002 1122 2002 1086 2002 1123 2003 1087 2003 1085 2003 1121 2004 1123 2004 1085 2004 1124 2005 1122 2005 1088 2005 1090 2006 1124 2006 1088 2006 1125 2007 1089 2007 1087 2007 1123 2008 1125 2008 1087 2008 1126 2009 1124 2009 1090 2009 1092 2010 1126 2010 1090 2010 1127 2011 1091 2011 1089 2011 1125 2012 1127 2012 1089 2012 1128 2013 1126 2013 1092 2013 1094 2014 1128 2014 1092 2014 1129 2015 1093 2015 1091 2015 1127 2016 1129 2016 1091 2016 1130 2017 1128 2017 1094 2017 1096 2018 1130 2018 1094 2018 1131 2019 1095 2019 1093 2019 1129 2020 1131 2020 1093 2020 1132 2021 1130 2021 1096 2021 1098 2022 1132 2022 1096 2022 1133 2023 1097 2023 1095 2023 1131 2024 1133 2024 1095 2024 1134 2025 1132 2025 1098 2025 1100 2026 1134 2026 1098 2026 1135 2027 1099 2027 1097 2027 1133 2028 1135 2028 1097 2028 1136 2029 1134 2029 1100 2029 1102 2030 1136 2030 1100 2030 1137 2031 1101 2031 1099 2031 1135 2032 1137 2032 1099 2032 1138 2033 1136 2033 1102 2033 1103 2034 1138 2034 1102 2034 1137 2035 1139 2035 1101 2035 1139 2036 1103 2036 1101 2036 1139 2037 1138 2037 1103 2037 1140 2038 1104 2038 1105 2038 1141 2039 1140 2039 1105 2039 1106 2040 1141 2040 1105 2040 1142 2041 1141 2041 1106 2041 1108 2042 1142 2042 1106 2042 1143 2043 1107 2043 1104 2043 1140 2044 1143 2044 1104 2044 1144 2045 1142 2045 1108 2045 1110 2046 1144 2046 1108 2046 1145 2047 1109 2047 1107 2047 1143 2048 1145 2048 1107 2048 1146 2049 1144 2049 1110 2049 1112 2050 1146 2050 1110 2050 1147 2051 1111 2051 1109 2051 1145 2052 1147 2052 1109 2052 1148 2053 1146 2053 1112 2053 1114 2054 1148 2054 1112 2054 1149 2055 1113 2055 1111 2055 1147 2056 1149 2056 1111 2056 1150 2057 1148 2057 1114 2057 1116 2058 1150 2058 1114 2058 1151 2059 1115 2059 1113 2059 1149 2060 1151 2060 1113 2060 1152 2061 1150 2061 1116 2061 1118 2062 1152 2062 1116 2062 1153 2063 1117 2063 1115 2063 1151 2064 1153 2064 1115 2064 1154 2065 1152 2065 1118 2065 1120 2066 1154 2066 1118 2066 1155 2067 1119 2067 1117 2067 1153 2068 1155 2068 1117 2068 1156 2069 1154 2069 1120 2069 1122 2070 1156 2070 1120 2070 1157 2071 1121 2071 1119 2071 1155 2072 1157 2072 1119 2072 1158 2073 1156 2073 1122 2073 1124 2074 1158 2074 1122 2074 1159 2075 1123 2075 1121 2075 1157 2076 1159 2076 1121 2076 1160 2077 1158 2077 1124 2077 1126 2078 1160 2078 1124 2078 1161 2079 1125 2079 1123 2079 1159 2080 1161 2080 1123 2080 1162 2081 1160 2081 1126 2081 1128 2082 1162 2082 1126 2082 1163 2083 1127 2083 1125 2083 1161 2084 1163 2084 1125 2084 1164 2085 1162 2085 1128 2085 1130 2086 1164 2086 1128 2086 1165 2087 1129 2087 1127 2087 1163 2088 1165 2088 1127 2088 1166 2089 1164 2089 1130 2089 1132 2090 1166 2090 1130 2090 1167 2091 1131 2091 1129 2091 1165 2092 1167 2092 1129 2092 1168 2093 1166 2093 1132 2093 1134 2094 1168 2094 1132 2094 1169 2095 1133 2095 1131 2095 1167 2096 1169 2096 1131 2096 1170 2097 1168 2097 1134 2097 1136 2098 1170 2098 1134 2098 1171 2099 1135 2099 1133 2099 1169 2100 1171 2100 1133 2100 1172 2101 1170 2101 1136 2101 1138 2102 1172 2102 1136 2102 1173 2103 1137 2103 1135 2103 1171 2104 1173 2104 1135 2104 1174 2105 1172 2105 1138 2105 1139 2106 1174 2106 1138 2106 1173 2107 1175 2107 1137 2107 1175 2108 1139 2108 1137 2108 1175 2109 1174 2109 1139 2109 1176 2110 1140 2110 1141 2110 1177 2111 1176 2111 1141 2111 1142 2112 1177 2112 1141 2112 1178 2113 1177 2113 1142 2113 1144 2114 1178 2114 1142 2114 1179 2115 1143 2115 1140 2115 1176 2116 1179 2116 1140 2116 1180 2117 1178 2117 1144 2117 1146 2118 1180 2118 1144 2118 1181 2119 1145 2119 1143 2119 1179 2120 1181 2120 1143 2120 1182 2121 1180 2121 1146 2121 1148 2122 1182 2122 1146 2122 1183 2123 1147 2123 1145 2123 1181 2124 1183 2124 1145 2124 1184 2125 1182 2125 1148 2125 1150 2126 1184 2126 1148 2126 1185 2127 1149 2127 1147 2127 1183 2128 1185 2128 1147 2128 1186 2129 1184 2129 1150 2129 1152 2130 1186 2130 1150 2130 1187 2131 1151 2131 1149 2131 1185 2132 1187 2132 1149 2132 1188 2133 1186 2133 1152 2133 1154 2134 1188 2134 1152 2134 1189 2135 1153 2135 1151 2135 1187 2136 1189 2136 1151 2136 1190 2137 1188 2137 1154 2137 1156 2138 1190 2138 1154 2138 1191 2139 1155 2139 1153 2139 1189 2140 1191 2140 1153 2140 1192 2141 1190 2141 1156 2141 1158 2142 1192 2142 1156 2142 1193 2143 1157 2143 1155 2143 1191 2144 1193 2144 1155 2144 1194 2145 1192 2145 1158 2145 1160 2146 1194 2146 1158 2146 1195 2147 1159 2147 1157 2147 1193 2148 1195 2148 1157 2148 1196 2149 1194 2149 1160 2149 1162 2150 1196 2150 1160 2150 1197 2151 1161 2151 1159 2151 1195 2152 1197 2152 1159 2152 1198 2153 1196 2153 1162 2153 1164 2154 1198 2154 1162 2154 1199 2155 1163 2155 1161 2155 1197 2156 1199 2156 1161 2156 1200 2157 1198 2157 1164 2157 1166 2158 1200 2158 1164 2158 1201 2159 1165 2159 1163 2159 1199 2160 1201 2160 1163 2160 1202 2161 1200 2161 1166 2161 1168 2162 1202 2162 1166 2162 1203 2163 1167 2163 1165 2163 1201 2164 1203 2164 1165 2164 1204 2165 1202 2165 1168 2165 1170 2166 1204 2166 1168 2166 1205 2167 1169 2167 1167 2167 1203 2168 1205 2168 1167 2168 1206 2169 1204 2169 1170 2169 1172 2170 1206 2170 1170 2170 1207 2171 1171 2171 1169 2171 1205 2172 1207 2172 1169 2172 1208 2173 1206 2173 1172 2173 1174 2174 1208 2174 1172 2174 1209 2175 1173 2175 1171 2175 1207 2176 1209 2176 1171 2176 1210 2177 1208 2177 1174 2177 1175 2178 1210 2178 1174 2178 1209 2179 1211 2179 1173 2179 1211 2180 1175 2180 1173 2180 1211 2181 1210 2181 1175 2181 1212 2182 1176 2182 1177 2182 1213 2183 1212 2183 1177 2183 1178 2184 1213 2184 1177 2184 1214 2185 1213 2185 1178 2185 1180 2186 1214 2186 1178 2186 1215 2187 1179 2187 1176 2187 1212 2188 1215 2188 1176 2188 1216 2189 1214 2189 1180 2189 1182 2190 1216 2190 1180 2190 1217 2191 1181 2191 1179 2191 1215 2192 1217 2192 1179 2192 1218 2193 1216 2193 1182 2193 1184 2194 1218 2194 1182 2194 1219 2195 1183 2195 1181 2195 1217 2196 1219 2196 1181 2196 1220 2197 1218 2197 1184 2197 1186 2198 1220 2198 1184 2198 1221 2199 1185 2199 1183 2199 1219 2200 1221 2200 1183 2200 1222 2201 1220 2201 1186 2201 1188 2202 1222 2202 1186 2202 1223 2203 1187 2203 1185 2203 1221 2204 1223 2204 1185 2204 1224 2205 1222 2205 1188 2205 1190 2206 1224 2206 1188 2206 1225 2207 1189 2207 1187 2207 1223 2208 1225 2208 1187 2208 1226 2209 1224 2209 1190 2209 1192 2210 1226 2210 1190 2210 1227 2211 1191 2211 1189 2211 1225 2212 1227 2212 1189 2212 1228 2213 1226 2213 1192 2213 1194 2214 1228 2214 1192 2214 1229 2215 1193 2215 1191 2215 1227 2216 1229 2216 1191 2216 1230 2217 1228 2217 1194 2217 1196 2218 1230 2218 1194 2218 1231 2219 1195 2219 1193 2219 1229 2220 1231 2220 1193 2220 1232 2221 1230 2221 1196 2221 1198 2222 1232 2222 1196 2222 1233 2223 1197 2223 1195 2223 1231 2224 1233 2224 1195 2224 1234 2225 1232 2225 1198 2225 1200 2226 1234 2226 1198 2226 1235 2227 1199 2227 1197 2227 1233 2228 1235 2228 1197 2228 1236 2229 1234 2229 1200 2229 1202 2230 1236 2230 1200 2230 1237 2231 1201 2231 1199 2231 1235 2232 1237 2232 1199 2232 1238 2233 1236 2233 1202 2233 1204 2234 1238 2234 1202 2234 1239 2235 1203 2235 1201 2235 1237 2236 1239 2236 1201 2236 1240 2237 1238 2237 1204 2237 1206 2238 1240 2238 1204 2238 1241 2239 1205 2239 1203 2239 1239 2240 1241 2240 1203 2240 1242 2241 1240 2241 1206 2241 1208 2242 1242 2242 1206 2242 1243 2243 1207 2243 1205 2243 1241 2244 1243 2244 1205 2244 1244 2245 1242 2245 1208 2245 1210 2246 1244 2246 1208 2246 1245 2247 1209 2247 1207 2247 1243 2248 1245 2248 1207 2248 1246 2249 1244 2249 1210 2249 1211 2250 1246 2250 1210 2250 1245 2251 1247 2251 1209 2251 1247 2252 1211 2252 1209 2252 1247 2253 1246 2253 1211 2253 1248 7 1212 7 1213 7 1214 7 1248 7 1213 7 1216 7 1248 7 1214 7 1248 2254 1215 2254 1212 2254 1218 7 1248 7 1216 7 1248 2255 1217 2255 1215 2255 1220 7 1248 7 1218 7 1248 2256 1219 2256 1217 2256 1222 7 1248 7 1220 7 1248 2257 1221 2257 1219 2257 1224 7 1248 7 1222 7 1248 2258 1223 2258 1221 2258 1226 2259 1248 2259 1224 2259 1248 2260 1225 2260 1223 2260 1228 7 1248 7 1226 7 1248 2261 1227 2261 1225 2261 1230 2262 1248 2262 1228 2262 1248 2263 1229 2263 1227 2263 1232 2264 1248 2264 1230 2264 1244 7 1246 7 1248 7 1246 7 1247 7 1248 7 1247 7 1245 7 1248 7 1238 7 1240 7 1248 7 1240 7 1242 7 1248 7 1242 7 1244 7 1248 7 1232 7 1234 7 1248 7 1234 2265 1236 2265 1248 2265 1236 7 1238 7 1248 7 1233 7 1231 7 1248 7 1231 2266 1229 2266 1248 2266 1239 7 1237 7 1248 7 1237 2267 1235 2267 1248 2267 1235 7 1233 7 1248 7 1245 2268 1243 2268 1248 2268 1243 7 1241 7 1248 7 1241 2269 1239 2269 1248 2269 1249 7 888 7 889 7 890 7 1249 7 889 7 892 2270 1249 2270 890 2270 1249 2271 891 2271 888 2271 894 7 1249 7 892 7 1249 7 893 7 891 7 896 2272 1249 2272 894 2272 1249 2273 895 2273 893 2273 898 7 1249 7 896 7 1249 2274 897 2274 895 2274 900 7 1249 7 898 7 1249 7 899 7 897 7 902 7 1249 7 900 7 1249 7 901 7 899 7 904 7 1249 7 902 7 1249 2275 903 2275 901 2275 906 2276 1249 2276 904 2276 1249 2277 905 2277 903 2277 908 2278 1249 2278 906 2278 920 2279 922 2279 1249 2279 922 7 923 7 1249 7 923 7 921 7 1249 7 914 7 916 7 1249 7 916 2280 918 2280 1249 2280 918 7 920 7 1249 7 908 7 910 7 1249 7 910 7 912 7 1249 7 912 7 914 7 1249 7 909 7 907 7 1249 7 907 2276 905 2276 1249 2276 915 7 913 7 1249 7 913 7 911 7 1249 7 911 7 909 7 1249 7 921 7 919 7 1249 7 919 7 917 7 1249 7 917 2280 915 2280 1249 2280 1250 2281 1251 2281 1252 2281 1253 2282 1254 2282 1252 2282 1254 3 1255 3 1252 3 1255 2283 1256 2283 1252 2283 1256 3 1257 3 1252 3 1257 2284 1258 2284 1252 2284 1258 2285 1259 2285 1252 2285 1259 2286 1260 2286 1252 2286 1260 3 1261 3 1252 3 1261 3 1250 3 1252 3 1251 2287 1262 2287 1252 2287 1262 3 1263 3 1252 3 1263 3 1264 3 1252 3 1265 2 1253 2 1252 2 1264 1 187 1 1252 1 187 1 188 1 1252 1 188 1 190 1 1252 1 190 2288 192 2288 1252 2288 192 2289 194 2289 1252 2289 194 1 196 1 1252 1 196 1 198 1 1252 1 198 2290 200 2290 1252 2290 200 1 202 1 1252 1 202 1 1265 1 1252 1 1266 2291 1267 2291 1264 2291 1263 3 1268 3 1264 3 1268 3 1266 3 1264 3 1267 3 1269 3 1264 3 1269 3 1270 3 1264 3 1270 3 1271 3 1264 3 1271 3 1272 3 1264 3 1272 2292 1273 2292 1264 2292 1273 3 1274 3 1264 3 1274 3 1275 3 1264 3 1275 3 1276 3 1264 3 1276 3 1277 3 1264 3 1277 5 1278 5 1264 5 1278 5 1279 5 1264 5 186 1 187 1 1264 1 201 1 199 1 1264 1 199 1 197 1 1264 1 197 1 195 1 1264 1 195 1 193 1 1264 1 193 2293 191 2293 1264 2293 191 1 189 1 1264 1 189 1 186 1 1264 1 1279 1 206 1 1264 1 206 2294 204 2294 1264 2294 204 2295 201 2295 1264 2295 208 1 1265 1 202 1 210 1 1265 1 208 1 214 1 1265 1 210 1 1279 2296 212 2296 206 2296 218 2297 1265 2297 214 2297 1279 2298 216 2298 212 2298 222 1 1265 1 218 1 1279 2299 220 2299 216 2299 226 1 1265 1 222 1 1279 2300 224 2300 220 2300 230 2301 1265 2301 226 2301 1279 2302 228 2302 224 2302 234 2303 1265 2303 230 2303 1279 2304 232 2304 228 2304 238 1 1265 1 234 1 1279 2305 236 2305 232 2305 1279 2306 1265 2306 238 2306 239 2307 1279 2307 238 2307 1279 2308 239 2308 236 2308 1280 2 1253 2 1265 2 1281 6 1282 6 1265 6 1282 6 1283 6 1265 6 1283 2309 1284 2309 1265 2309 1279 6 1285 6 1265 6 1285 2310 1286 2310 1265 2310 1286 6 1281 6 1265 6 1284 2311 1287 2311 1265 2311 1287 6 1288 6 1265 6 1288 6 1289 6 1265 6 1289 6 1290 6 1265 6 1290 2312 1291 2312 1265 2312 1291 2313 1280 2313 1265 2313 1292 6 1293 6 1279 6 1294 6 1292 6 1279 6 1293 6 1295 6 1279 6 1295 2314 1296 2314 1279 2314 1296 2315 1297 2315 1279 2315 1297 2316 1298 2316 1279 2316 1298 6 1299 6 1279 6 1299 6 1300 6 1279 6 1278 2317 1301 2317 1279 2317 1301 2318 1302 2318 1279 2318 1302 6 1294 6 1279 6 1300 6 1303 6 1279 6 1303 6 1285 6 1279 6 1304 1 1268 1 1305 1 1268 1 1263 1 1305 1 1263 2319 1262 2319 1305 2319 1262 2320 1306 2320 1305 2320 1307 2321 1304 2321 1305 2321 1306 2322 1307 2322 1305 2322 1308 2323 1268 2323 1304 2323 1309 2324 1308 2324 1304 2324 1310 2325 1309 2325 1304 2325 1307 2321 1310 2321 1304 2321 1308 2326 1266 2326 1268 2326 1311 2319 1286 2319 1285 2319 1312 2327 1311 2327 1285 2327 1313 1 1312 1 1285 1 1303 1 1313 1 1285 1 1300 2326 1313 2326 1303 2326 1314 2328 1315 2328 1312 2328 1313 2329 1314 2329 1312 2329 1316 2330 1311 2330 1312 2330 1315 2331 1316 2331 1312 2331 1300 2332 1317 2332 1313 2332 1317 2333 1314 2333 1313 2333 1262 2334 1251 2334 1306 2334 1251 2335 1318 2335 1306 2335 1318 2336 1319 2336 1306 2336 1319 2337 1307 2337 1306 2337 1320 2338 1266 2338 1308 2338 1309 2339 1321 2339 1308 2339 1321 2340 1320 2340 1308 2340 1320 2341 1267 2341 1266 2341 1322 2342 1281 2342 1286 2342 1311 2343 1322 2343 1286 2343 1299 2344 1317 2344 1300 2344 1316 2345 1323 2345 1311 2345 1323 2346 1322 2346 1311 2346 1299 2344 1324 2344 1317 2344 1324 2347 1325 2347 1317 2347 1325 2348 1314 2348 1317 2348 1326 2349 1310 2349 1307 2349 1319 2350 1326 2350 1307 2350 1327 2351 1328 2351 1310 2351 1328 2352 1309 2352 1310 2352 1326 2353 1327 2353 1310 2353 1329 2354 1330 2354 1315 2354 1314 2355 1329 2355 1315 2355 1330 2356 1331 2356 1315 2356 1331 2357 1316 2357 1315 2357 1325 2358 1329 2358 1314 2358 1332 2359 1333 2359 1319 2359 1333 2360 1326 2360 1319 2360 1318 2361 1332 2361 1319 2361 1334 2362 1321 2362 1309 2362 1328 2363 1334 2363 1309 2363 1335 2364 1323 2364 1316 2364 1331 2365 1335 2365 1316 2365 1336 2366 1337 2366 1325 2366 1337 2367 1329 2367 1325 2367 1324 2368 1336 2368 1325 2368 1251 2369 1250 2369 1318 2369 1250 2370 1338 2370 1318 2370 1338 2371 1332 2371 1318 2371 1339 2372 1267 2372 1320 2372 1321 2373 1340 2373 1320 2373 1340 2374 1339 2374 1320 2374 1339 2375 1269 2375 1267 2375 1341 2376 1282 2376 1281 2376 1322 2377 1341 2377 1281 2377 1298 2378 1324 2378 1299 2378 1323 2379 1342 2379 1322 2379 1342 2380 1341 2380 1322 2380 1298 2381 1343 2381 1324 2381 1343 2382 1336 2382 1324 2382 1344 2383 1327 2383 1326 2383 1333 2384 1344 2384 1326 2384 1345 2385 1346 2385 1327 2385 1346 2386 1328 2386 1327 2386 1344 2387 1345 2387 1327 2387 1347 2388 1348 2388 1330 2388 1329 2389 1347 2389 1330 2389 1348 2390 1349 2390 1330 2390 1349 2391 1331 2391 1330 2391 1337 2392 1347 2392 1329 2392 1350 2393 1351 2393 1332 2393 1351 2394 1333 2394 1332 2394 1338 2395 1350 2395 1332 2395 1334 2396 1352 2396 1321 2396 1352 2397 1340 2397 1321 2397 1335 2398 1353 2398 1323 2398 1353 2399 1342 2399 1323 2399 1354 2400 1355 2400 1336 2400 1355 2401 1337 2401 1336 2401 1343 2402 1354 2402 1336 2402 1351 2403 1356 2403 1333 2403 1356 2404 1344 2404 1333 2404 1346 2405 1357 2405 1328 2405 1357 2406 1334 2406 1328 2406 1349 2407 1358 2407 1331 2407 1358 2408 1335 2408 1331 2408 1355 2409 1359 2409 1337 2409 1359 2410 1347 2410 1337 2410 1360 2411 1361 2411 1351 2411 1361 2412 1356 2412 1351 2412 1350 2413 1360 2413 1351 2413 1362 2414 1352 2414 1334 2414 1357 2415 1362 2415 1334 2415 1363 2416 1353 2416 1335 2416 1358 2417 1363 2417 1335 2417 1364 2418 1365 2418 1355 2418 1365 2419 1359 2419 1355 2419 1354 2420 1364 2420 1355 2420 1250 2421 1261 2421 1338 2421 1261 2422 1366 2422 1338 2422 1366 2423 1350 2423 1338 2423 1367 2424 1269 2424 1339 2424 1340 2425 1368 2425 1339 2425 1368 2426 1367 2426 1339 2426 1367 2427 1270 2427 1269 2427 1369 2428 1283 2428 1282 2428 1341 2429 1369 2429 1282 2429 1297 2430 1343 2430 1298 2430 1342 2431 1370 2431 1341 2431 1370 2432 1369 2432 1341 2432 1297 2433 1371 2433 1343 2433 1371 2434 1354 2434 1343 2434 1372 2435 1360 2435 1350 2435 1366 2436 1372 2436 1350 2436 1352 2437 1373 2437 1340 2437 1373 2438 1368 2438 1340 2438 1353 2439 1374 2439 1342 2439 1374 2440 1370 2440 1342 2440 1375 2441 1364 2441 1354 2441 1371 2442 1375 2442 1354 2442 1376 2443 1345 2443 1344 2443 1356 2444 1376 2444 1344 2444 1377 2445 1378 2445 1345 2445 1378 2446 1346 2446 1345 2446 1376 2443 1377 2443 1345 2443 1379 2447 1380 2447 1348 2447 1347 2448 1379 2448 1348 2448 1380 2449 1381 2449 1348 2449 1381 2450 1349 2450 1348 2450 1359 2451 1379 2451 1347 2451 1361 2452 1382 2452 1356 2452 1382 2453 1376 2453 1356 2453 1378 2454 1383 2454 1346 2454 1383 2455 1357 2455 1346 2455 1381 2456 1384 2456 1349 2456 1384 2457 1358 2457 1349 2457 1365 2458 1385 2458 1359 2458 1385 2459 1379 2459 1359 2459 1386 2460 1387 2460 1360 2460 1387 2461 1361 2461 1360 2461 1372 2462 1386 2462 1360 2462 1362 2463 1388 2463 1352 2463 1388 2464 1373 2464 1352 2464 1363 2465 1389 2465 1353 2465 1389 2466 1374 2466 1353 2466 1390 2467 1391 2467 1364 2467 1391 2468 1365 2468 1364 2468 1375 2469 1390 2469 1364 2469 1387 2470 1392 2470 1361 2470 1392 2471 1382 2471 1361 2471 1383 2472 1393 2472 1357 2472 1393 2473 1362 2473 1357 2473 1384 2474 1394 2474 1358 2474 1394 2475 1363 2475 1358 2475 1391 2476 1395 2476 1365 2476 1395 2477 1385 2477 1365 2477 1261 2478 1260 2478 1366 2478 1260 2479 1396 2479 1366 2479 1396 2480 1372 2480 1366 2480 1397 2481 1270 2481 1367 2481 1368 2482 1398 2482 1367 2482 1398 2483 1397 2483 1367 2483 1397 2484 1271 2484 1270 2484 1399 2485 1284 2485 1283 2485 1369 2486 1399 2486 1283 2486 1296 2487 1371 2487 1297 2487 1370 2488 1400 2488 1369 2488 1400 2489 1399 2489 1369 2489 1296 2490 1401 2490 1371 2490 1401 2491 1375 2491 1371 2491 1402 2492 1386 2492 1372 2492 1396 2493 1402 2493 1372 2493 1373 2494 1403 2494 1368 2494 1403 2495 1398 2495 1368 2495 1374 2496 1404 2496 1370 2496 1404 2497 1400 2497 1370 2497 1405 2498 1390 2498 1375 2498 1401 2499 1405 2499 1375 2499 1406 2500 1407 2500 1387 2500 1407 2501 1392 2501 1387 2501 1386 2502 1406 2502 1387 2502 1408 2503 1388 2503 1362 2503 1393 2504 1408 2504 1362 2504 1409 2505 1389 2505 1363 2505 1394 2506 1409 2506 1363 2506 1410 2507 1411 2507 1391 2507 1411 2508 1395 2508 1391 2508 1390 2509 1410 2509 1391 2509 1412 2510 1377 2510 1376 2510 1382 2511 1412 2511 1376 2511 1413 2512 1414 2512 1377 2512 1414 2513 1378 2513 1377 2513 1412 2514 1413 2514 1377 2514 1415 2515 1416 2515 1380 2515 1379 2516 1415 2516 1380 2516 1416 2517 1417 2517 1380 2517 1417 2518 1381 2518 1380 2518 1385 2519 1415 2519 1379 2519 1418 2520 1406 2520 1386 2520 1402 2521 1418 2521 1386 2521 1388 2522 1419 2522 1373 2522 1419 2523 1403 2523 1373 2523 1389 2524 1420 2524 1374 2524 1420 2525 1404 2525 1374 2525 1421 2526 1410 2526 1390 2526 1405 2527 1421 2527 1390 2527 1392 2528 1422 2528 1382 2528 1422 2529 1412 2529 1382 2529 1414 2530 1423 2530 1378 2530 1423 2531 1383 2531 1378 2531 1417 2532 1424 2532 1381 2532 1424 2533 1384 2533 1381 2533 1395 2534 1425 2534 1385 2534 1425 2535 1415 2535 1385 2535 1407 2536 1426 2536 1392 2536 1426 2537 1422 2537 1392 2537 1423 2538 1427 2538 1383 2538 1427 2539 1393 2539 1383 2539 1424 2540 1428 2540 1384 2540 1428 2541 1394 2541 1384 2541 1411 2542 1429 2542 1395 2542 1429 2543 1425 2543 1395 2543 1260 2544 1259 2544 1396 2544 1259 2545 1430 2545 1396 2545 1430 2546 1402 2546 1396 2546 1431 2547 1271 2547 1397 2547 1398 2548 1432 2548 1397 2548 1432 2549 1431 2549 1397 2549 1431 2550 1272 2550 1271 2550 1433 2551 1287 2551 1284 2551 1399 2545 1433 2545 1284 2545 1295 2552 1401 2552 1296 2552 1400 2553 1434 2553 1399 2553 1434 2554 1433 2554 1399 2554 1295 2555 1435 2555 1401 2555 1435 2556 1405 2556 1401 2556 1436 2557 1437 2557 1406 2557 1437 2558 1407 2558 1406 2558 1418 2559 1436 2559 1406 2559 1408 2560 1438 2560 1388 2560 1438 2561 1419 2561 1388 2561 1409 2562 1439 2562 1389 2562 1439 2563 1420 2563 1389 2563 1440 2564 1441 2564 1410 2564 1441 2565 1411 2565 1410 2565 1421 2566 1440 2566 1410 2566 1442 2567 1418 2567 1402 2567 1430 2568 1442 2568 1402 2568 1403 2569 1443 2569 1398 2569 1443 2570 1432 2570 1398 2570 1404 2571 1444 2571 1400 2571 1444 2572 1434 2572 1400 2572 1445 2573 1421 2573 1405 2573 1435 2574 1445 2574 1405 2574 1437 2575 1446 2575 1407 2575 1446 2576 1426 2576 1407 2576 1427 2577 1447 2577 1393 2577 1447 2578 1408 2578 1393 2578 1428 2579 1448 2579 1394 2579 1448 2580 1409 2580 1394 2580 1441 2581 1449 2581 1411 2581 1449 2582 1429 2582 1411 2582 1450 2583 1436 2583 1418 2583 1442 2584 1450 2584 1418 2584 1419 2585 1451 2585 1403 2585 1451 2586 1443 2586 1403 2586 1420 2587 1452 2587 1404 2587 1452 2588 1444 2588 1404 2588 1453 2589 1440 2589 1421 2589 1445 2590 1453 2590 1421 2590 1454 2591 1413 2591 1412 2591 1422 2592 1454 2592 1412 2592 1455 2593 1456 2593 1413 2593 1456 2594 1414 2594 1413 2594 1454 2595 1455 2595 1413 2595 1457 2596 1458 2596 1416 2596 1415 2597 1457 2597 1416 2597 1458 2598 1459 2598 1416 2598 1459 2599 1417 2599 1416 2599 1425 2600 1457 2600 1415 2600 1426 2601 1460 2601 1422 2601 1460 2602 1454 2602 1422 2602 1456 2603 1461 2603 1414 2603 1461 2604 1423 2604 1414 2604 1459 2605 1462 2605 1417 2605 1462 2606 1424 2606 1417 2606 1429 2607 1463 2607 1425 2607 1463 2608 1457 2608 1425 2608 1464 2609 1465 2609 1437 2609 1465 2610 1446 2610 1437 2610 1436 2611 1464 2611 1437 2611 1466 2612 1438 2612 1408 2612 1447 2613 1466 2613 1408 2613 1467 2614 1439 2614 1409 2614 1448 2615 1467 2615 1409 2615 1468 2616 1469 2616 1441 2616 1469 2617 1449 2617 1441 2617 1440 2618 1468 2618 1441 2618 1470 2619 1464 2619 1436 2619 1450 2620 1470 2620 1436 2620 1438 2621 1471 2621 1419 2621 1471 2622 1451 2622 1419 2622 1439 2623 1472 2623 1420 2623 1472 2624 1452 2624 1420 2624 1473 2625 1468 2625 1440 2625 1453 2626 1473 2626 1440 2626 1446 2627 1474 2627 1426 2627 1474 2628 1460 2628 1426 2628 1461 2629 1475 2629 1423 2629 1475 2630 1427 2630 1423 2630 1462 2631 1476 2631 1424 2631 1476 2632 1428 2632 1424 2632 1449 2633 1477 2633 1429 2633 1477 2634 1463 2634 1429 2634 1259 2635 1258 2635 1430 2635 1258 2636 1478 2636 1430 2636 1478 2637 1442 2637 1430 2637 1479 2638 1272 2638 1431 2638 1432 2639 1480 2639 1431 2639 1480 2640 1479 2640 1431 2640 1479 2641 1273 2641 1272 2641 1481 2642 1288 2642 1287 2642 1433 2643 1481 2643 1287 2643 1293 2644 1435 2644 1295 2644 1434 2645 1482 2645 1433 2645 1482 2646 1481 2646 1433 2646 1293 2647 1483 2647 1435 2647 1483 2648 1445 2648 1435 2648 1484 2649 1450 2649 1442 2649 1478 2650 1484 2650 1442 2650 1443 2651 1485 2651 1432 2651 1485 2652 1480 2652 1432 2652 1444 2653 1486 2653 1434 2653 1486 2654 1482 2654 1434 2654 1487 2655 1453 2655 1445 2655 1483 2656 1487 2656 1445 2656 1465 2657 1488 2657 1446 2657 1488 2658 1474 2658 1446 2658 1475 2659 1489 2659 1427 2659 1489 2660 1447 2660 1427 2660 1476 2661 1490 2661 1428 2661 1490 2662 1448 2662 1428 2662 1469 2663 1491 2663 1449 2663 1491 2664 1477 2664 1449 2664 1492 2665 1470 2665 1450 2665 1484 2666 1492 2666 1450 2666 1451 2667 1493 2667 1443 2667 1493 2668 1485 2668 1443 2668 1452 2669 1494 2669 1444 2669 1494 2670 1486 2670 1444 2670 1495 2671 1473 2671 1453 2671 1487 2672 1495 2672 1453 2672 1496 2673 1497 2673 1464 2673 1497 2674 1465 2674 1464 2674 1470 2675 1496 2675 1464 2675 1466 2676 1498 2676 1438 2676 1498 2677 1471 2677 1438 2677 1467 2678 1499 2678 1439 2678 1499 2679 1472 2679 1439 2679 1500 2680 1501 2680 1468 2680 1501 2681 1469 2681 1468 2681 1473 2682 1500 2682 1468 2682 1497 2683 1502 2683 1465 2683 1502 2684 1488 2684 1465 2684 1489 2685 1503 2685 1447 2685 1503 2686 1466 2686 1447 2686 1490 2687 1504 2687 1448 2687 1504 2688 1467 2688 1448 2688 1501 2689 1505 2689 1469 2689 1505 2690 1491 2690 1469 2690 1506 2691 1496 2691 1470 2691 1492 2692 1506 2692 1470 2692 1471 2693 1507 2693 1451 2693 1507 2694 1493 2694 1451 2694 1472 2695 1508 2695 1452 2695 1508 2696 1494 2696 1452 2696 1509 2697 1500 2697 1473 2697 1495 2698 1509 2698 1473 2698 1510 2699 1455 2699 1454 2699 1460 2700 1510 2700 1454 2700 1511 2701 1512 2701 1455 2701 1512 2702 1456 2702 1455 2702 1510 2703 1511 2703 1455 2703 1513 2704 1514 2704 1458 2704 1457 2705 1513 2705 1458 2705 1514 2706 1515 2706 1458 2706 1515 2707 1459 2707 1458 2707 1463 2708 1513 2708 1457 2708 1474 2709 1516 2709 1460 2709 1516 2710 1510 2710 1460 2710 1512 2711 1517 2711 1456 2711 1517 2712 1461 2712 1456 2712 1515 2713 1518 2713 1459 2713 1518 2714 1462 2714 1459 2714 1477 2715 1519 2715 1463 2715 1519 2716 1513 2716 1463 2716 1488 2717 1520 2717 1474 2717 1520 2718 1516 2718 1474 2718 1517 2719 1521 2719 1461 2719 1521 2720 1475 2720 1461 2720 1518 2721 1522 2721 1462 2721 1522 2722 1476 2722 1462 2722 1491 2723 1523 2723 1477 2723 1523 2724 1519 2724 1477 2724 1496 2725 1524 2725 1497 2725 1524 2726 1525 2726 1497 2726 1525 2727 1502 2727 1497 2727 1526 2728 1498 2728 1466 2728 1503 2729 1526 2729 1466 2729 1527 2730 1499 2730 1467 2730 1504 2731 1527 2731 1467 2731 1500 2732 1528 2732 1501 2732 1528 2733 1529 2733 1501 2733 1529 2734 1505 2734 1501 2734 1258 2735 1257 2735 1478 2735 1257 2736 1530 2736 1478 2736 1530 2737 1484 2737 1478 2737 1531 2738 1273 2738 1479 2738 1480 2739 1532 2739 1479 2739 1532 2740 1531 2740 1479 2740 1531 2741 1274 2741 1273 2741 1533 2742 1289 2742 1288 2742 1481 2743 1533 2743 1288 2743 1292 2744 1483 2744 1293 2744 1482 2745 1534 2745 1481 2745 1534 2746 1533 2746 1481 2746 1292 2747 1535 2747 1483 2747 1535 2748 1487 2748 1483 2748 1506 2749 1536 2749 1496 2749 1536 2750 1524 2750 1496 2750 1498 2751 1537 2751 1471 2751 1537 2752 1507 2752 1471 2752 1499 2753 1538 2753 1472 2753 1538 2754 1508 2754 1472 2754 1509 2755 1539 2755 1500 2755 1539 2756 1528 2756 1500 2756 1540 2757 1492 2757 1484 2757 1530 2758 1540 2758 1484 2758 1485 2759 1541 2759 1480 2759 1541 2760 1532 2760 1480 2760 1486 2761 1542 2761 1482 2761 1542 2762 1534 2762 1482 2762 1543 2763 1495 2763 1487 2763 1535 2764 1543 2764 1487 2764 1502 2765 1544 2765 1488 2765 1544 2766 1520 2766 1488 2766 1521 2767 1545 2767 1475 2767 1545 2768 1489 2768 1475 2768 1522 2769 1546 2769 1476 2769 1546 2770 1490 2770 1476 2770 1505 2771 1547 2771 1491 2771 1547 2772 1523 2772 1491 2772 1548 2773 1506 2773 1492 2773 1540 2774 1548 2774 1492 2774 1493 2775 1549 2775 1485 2775 1549 2776 1541 2776 1485 2776 1494 2777 1550 2777 1486 2777 1550 2778 1542 2778 1486 2778 1551 2779 1509 2779 1495 2779 1543 2780 1551 2780 1495 2780 1525 2781 1552 2781 1502 2781 1552 2782 1544 2782 1502 2782 1545 2783 1553 2783 1489 2783 1553 2784 1503 2784 1489 2784 1546 2785 1554 2785 1490 2785 1554 2786 1504 2786 1490 2786 1529 2787 1555 2787 1505 2787 1555 2788 1547 2788 1505 2788 1548 2789 1556 2789 1506 2789 1556 2790 1536 2790 1506 2790 1507 2791 1557 2791 1493 2791 1557 2792 1549 2792 1493 2792 1508 2793 1558 2793 1494 2793 1558 2794 1550 2794 1494 2794 1551 2795 1559 2795 1509 2795 1559 2796 1539 2796 1509 2796 1560 2797 1525 2797 1524 2797 1561 2798 1560 2798 1524 2798 1536 2799 1561 2799 1524 2799 1526 2800 1562 2800 1498 2800 1562 2801 1537 2801 1498 2801 1527 2802 1563 2802 1499 2802 1563 2803 1538 2803 1499 2803 1564 2804 1529 2804 1528 2804 1565 2805 1564 2805 1528 2805 1539 2806 1565 2806 1528 2806 1566 2807 1552 2807 1525 2807 1560 2808 1566 2808 1525 2808 1553 2809 1567 2809 1503 2809 1567 2810 1526 2810 1503 2810 1554 2811 1568 2811 1504 2811 1568 2812 1527 2812 1504 2812 1569 2813 1555 2813 1529 2813 1564 2814 1569 2814 1529 2814 1570 2815 1561 2815 1536 2815 1556 2816 1570 2816 1536 2816 1537 2817 1571 2817 1507 2817 1571 2818 1557 2818 1507 2818 1538 2819 1572 2819 1508 2819 1572 2820 1558 2820 1508 2820 1573 2821 1565 2821 1539 2821 1559 2822 1573 2822 1539 2822 1574 2823 1511 2823 1510 2823 1516 2824 1574 2824 1510 2824 1575 2825 1576 2825 1511 2825 1576 2826 1512 2826 1511 2826 1574 2827 1575 2827 1511 2827 1577 2828 1578 2828 1514 2828 1513 2829 1577 2829 1514 2829 1578 2830 1579 2830 1514 2830 1579 2831 1515 2831 1514 2831 1519 2832 1577 2832 1513 2832 1520 2833 1580 2833 1516 2833 1580 2834 1574 2834 1516 2834 1576 2835 1581 2835 1512 2835 1581 2836 1517 2836 1512 2836 1579 2837 1582 2837 1515 2837 1582 2838 1518 2838 1515 2838 1523 2839 1583 2839 1519 2839 1583 2840 1577 2840 1519 2840 1544 2841 1584 2841 1520 2841 1584 2842 1580 2842 1520 2842 1581 2843 1585 2843 1517 2843 1585 2844 1521 2844 1517 2844 1582 2845 1586 2845 1518 2845 1586 2846 1522 2846 1518 2846 1547 2847 1587 2847 1523 2847 1587 2848 1583 2848 1523 2848 1257 2849 1256 2849 1530 2849 1256 2850 1588 2850 1530 2850 1588 2851 1540 2851 1530 2851 1589 2852 1274 2852 1531 2852 1532 2853 1590 2853 1531 2853 1590 2854 1589 2854 1531 2854 1589 2855 1275 2855 1274 2855 1591 2856 1290 2856 1289 2856 1533 2856 1591 2856 1289 2856 1294 2857 1535 2857 1292 2857 1534 2858 1592 2858 1533 2858 1592 2859 1591 2859 1533 2859 1294 2857 1593 2857 1535 2857 1593 2860 1543 2860 1535 2860 1552 2861 1594 2861 1544 2861 1594 2862 1584 2862 1544 2862 1585 2863 1595 2863 1521 2863 1595 2864 1545 2864 1521 2864 1586 2865 1596 2865 1522 2865 1596 2866 1546 2866 1522 2866 1555 2867 1597 2867 1547 2867 1597 2868 1587 2868 1547 2868 1598 2869 1548 2869 1540 2869 1588 2870 1598 2870 1540 2870 1541 2871 1599 2871 1532 2871 1599 2872 1590 2872 1532 2872 1542 2873 1600 2873 1534 2873 1600 2874 1592 2874 1534 2874 1601 2875 1551 2875 1543 2875 1593 2876 1601 2876 1543 2876 1602 2877 1566 2877 1560 2877 1603 2878 1602 2878 1560 2878 1561 2879 1603 2879 1560 2879 1604 2880 1562 2880 1526 2880 1567 2881 1604 2881 1526 2881 1605 2882 1563 2882 1527 2882 1568 2883 1605 2883 1527 2883 1606 2884 1569 2884 1564 2884 1607 2885 1606 2885 1564 2885 1565 2886 1607 2886 1564 2886 1608 2887 1603 2887 1561 2887 1570 2888 1608 2888 1561 2888 1562 2889 1609 2889 1537 2889 1609 2890 1571 2890 1537 2890 1563 2891 1610 2891 1538 2891 1610 2892 1572 2892 1538 2892 1611 2893 1607 2893 1565 2893 1573 2894 1611 2894 1565 2894 1598 2895 1612 2895 1548 2895 1612 2896 1556 2896 1548 2896 1549 2897 1613 2897 1541 2897 1613 2898 1599 2898 1541 2898 1550 2899 1614 2899 1542 2899 1614 2900 1600 2900 1542 2900 1601 2901 1615 2901 1551 2901 1615 2902 1559 2902 1551 2902 1616 2903 1594 2903 1552 2903 1566 2904 1616 2904 1552 2904 1595 2905 1617 2905 1545 2905 1617 2906 1553 2906 1545 2906 1596 2907 1618 2907 1546 2907 1618 2908 1554 2908 1546 2908 1619 2909 1597 2909 1555 2909 1569 2910 1619 2910 1555 2910 1620 2911 1570 2911 1556 2911 1612 2912 1620 2912 1556 2912 1557 2913 1621 2913 1549 2913 1621 2914 1613 2914 1549 2914 1558 2915 1622 2915 1550 2915 1622 2916 1614 2916 1550 2916 1623 2917 1573 2917 1559 2917 1615 2918 1623 2918 1559 2918 1624 2919 1616 2919 1566 2919 1602 2920 1624 2920 1566 2920 1617 2921 1625 2921 1553 2921 1625 2922 1567 2922 1553 2922 1618 2923 1626 2923 1554 2923 1626 2924 1568 2924 1554 2924 1627 2925 1619 2925 1569 2925 1606 2926 1627 2926 1569 2926 1628 2927 1608 2927 1570 2927 1620 2928 1628 2928 1570 2928 1571 2929 1629 2929 1557 2929 1629 2930 1621 2930 1557 2930 1572 2931 1630 2931 1558 2931 1630 2932 1622 2932 1558 2932 1631 2933 1611 2933 1573 2933 1623 2934 1631 2934 1573 2934 1632 2935 1602 2935 1603 2935 1633 2936 1632 2936 1603 2936 1608 2937 1633 2937 1603 2937 1604 2938 1634 2938 1562 2938 1634 2939 1609 2939 1562 2939 1605 2940 1635 2940 1563 2940 1635 2941 1610 2941 1563 2941 1636 2942 1606 2942 1607 2942 1637 2943 1636 2943 1607 2943 1611 2944 1637 2944 1607 2944 1638 2945 1624 2945 1602 2945 1632 2946 1638 2946 1602 2946 1625 2947 1639 2947 1567 2947 1639 2948 1604 2948 1567 2948 1626 2949 1640 2949 1568 2949 1640 2950 1605 2950 1568 2950 1641 2951 1627 2951 1606 2951 1636 2952 1641 2952 1606 2952 1642 2953 1633 2953 1608 2953 1628 2954 1642 2954 1608 2954 1609 2955 1643 2955 1571 2955 1643 2956 1629 2956 1571 2956 1610 2957 1644 2957 1572 2957 1644 2958 1630 2958 1572 2958 1645 2959 1637 2959 1611 2959 1631 2960 1645 2960 1611 2960 1646 2961 1575 2961 1574 2961 1580 2962 1646 2962 1574 2962 1647 2963 1576 2963 1575 2963 1646 2964 1647 2964 1575 2964 1648 2965 1649 2965 1578 2965 1577 2966 1648 2966 1578 2966 1649 2967 1579 2967 1578 2967 1583 2968 1648 2968 1577 2968 1584 2969 1646 2969 1580 2969 1647 2970 1581 2970 1576 2970 1649 2971 1582 2971 1579 2971 1587 2972 1648 2972 1583 2972 1594 2973 1646 2973 1584 2973 1647 2974 1585 2974 1581 2974 1649 2975 1586 2975 1582 2975 1597 2976 1648 2976 1587 2976 1256 2977 1255 2977 1588 2977 1255 2978 1650 2978 1588 2978 1650 2979 1598 2979 1588 2979 1651 2980 1275 2980 1589 2980 1590 2981 1652 2981 1589 2981 1652 2982 1651 2982 1589 2982 1651 2983 1276 2983 1275 2983 1653 2984 1291 2984 1290 2984 1591 2985 1653 2985 1290 2985 1302 2986 1593 2986 1294 2986 1592 2987 1654 2987 1591 2987 1654 2988 1653 2988 1591 2988 1302 2989 1655 2989 1593 2989 1655 2990 1601 2990 1593 2990 1656 2991 1638 2991 1632 2991 1657 2992 1656 2992 1632 2992 1633 2993 1657 2993 1632 2993 1658 2994 1634 2994 1604 2994 1639 2995 1658 2995 1604 2995 1659 2996 1635 2996 1605 2996 1640 2997 1659 2997 1605 2997 1660 2998 1641 2998 1636 2998 1661 2999 1660 2999 1636 2999 1637 3000 1661 3000 1636 3000 1616 3001 1646 3001 1594 3001 1647 3002 1595 3002 1585 3002 1649 3003 1596 3003 1586 3003 1619 3004 1648 3004 1597 3004 1662 3005 1657 3005 1633 3005 1642 3006 1662 3006 1633 3006 1634 3007 1663 3007 1609 3007 1663 3008 1643 3008 1609 3008 1635 3009 1664 3009 1610 3009 1664 3010 1644 3010 1610 3010 1665 3011 1661 3011 1637 3011 1645 3012 1665 3012 1637 3012 1650 3013 1666 3013 1598 3013 1666 3014 1612 3014 1598 3014 1599 3015 1667 3015 1590 3015 1667 3016 1652 3016 1590 3016 1600 3017 1668 3017 1592 3017 1668 3018 1654 3018 1592 3018 1655 3019 1669 3019 1601 3019 1669 3020 1615 3020 1601 3020 1670 3021 1620 3021 1612 3021 1666 3022 1670 3022 1612 3022 1613 3023 1671 3023 1599 3023 1671 3024 1667 3024 1599 3024 1614 3025 1672 3025 1600 3025 1672 3026 1668 3026 1600 3026 1673 3027 1623 3027 1615 3027 1669 3028 1673 3028 1615 3028 1624 3029 1646 3029 1616 3029 1647 3030 1617 3030 1595 3030 1649 3031 1618 3031 1596 3031 1627 3032 1648 3032 1619 3032 1674 3033 1628 3033 1620 3033 1670 3034 1674 3034 1620 3034 1621 3035 1675 3035 1613 3035 1675 3036 1671 3036 1613 3036 1622 3037 1676 3037 1614 3037 1676 3038 1672 3038 1614 3038 1677 3039 1631 3039 1623 3039 1673 3040 1677 3040 1623 3040 1638 3041 1646 3041 1624 3041 1647 3042 1625 3042 1617 3042 1649 3043 1626 3043 1618 3043 1641 3044 1648 3044 1627 3044 1678 3045 1642 3045 1628 3045 1674 3046 1678 3046 1628 3046 1629 3047 1679 3047 1621 3047 1679 3048 1675 3048 1621 3048 1630 3049 1680 3049 1622 3049 1680 3050 1676 3050 1622 3050 1681 3051 1645 3051 1631 3051 1677 3052 1681 3052 1631 3052 1682 3053 1656 3053 1657 3053 1683 3054 1682 3054 1657 3054 1662 3055 1683 3055 1657 3055 1658 3056 1684 3056 1634 3056 1684 3057 1663 3057 1634 3057 1659 3058 1685 3058 1635 3058 1685 3059 1664 3059 1635 3059 1686 3060 1660 3060 1661 3060 1687 3061 1686 3061 1661 3061 1665 3062 1687 3062 1661 3062 1656 3063 1646 3063 1638 3063 1647 3064 1639 3064 1625 3064 1649 3065 1640 3065 1626 3065 1660 3066 1648 3066 1641 3066 1688 3067 1662 3067 1642 3067 1678 3068 1688 3068 1642 3068 1643 3069 1689 3069 1629 3069 1689 3070 1679 3070 1629 3070 1644 3071 1690 3071 1630 3071 1690 3072 1680 3072 1630 3072 1691 3073 1665 3073 1645 3073 1681 3074 1691 3074 1645 3074 1682 3075 1646 3075 1656 3075 1647 3076 1658 3076 1639 3076 1649 3077 1659 3077 1640 3077 1686 3078 1648 3078 1660 3078 1692 3079 1683 3079 1662 3079 1688 3080 1692 3080 1662 3080 1663 3081 1693 3081 1643 3081 1693 3082 1689 3082 1643 3082 1664 3083 1694 3083 1644 3083 1694 3084 1690 3084 1644 3084 1695 3085 1687 3085 1665 3085 1691 3086 1695 3086 1665 3086 1696 3087 1646 3087 1682 3087 1683 3088 1696 3088 1682 3088 1647 3089 1684 3089 1658 3089 1649 3090 1685 3090 1659 3090 1697 3091 1648 3091 1686 3091 1687 3092 1697 3092 1686 3092 1698 3093 1696 3093 1683 3093 1692 3094 1698 3094 1683 3094 1684 3095 1699 3095 1663 3095 1699 3096 1693 3096 1663 3096 1685 3097 1700 3097 1664 3097 1700 3098 1694 3098 1664 3098 1701 3099 1697 3099 1687 3099 1695 3100 1701 3100 1687 3100 1702 3101 1646 3101 1696 3101 1698 3102 1702 3102 1696 3102 1647 3103 1699 3103 1684 3103 1649 3104 1700 3104 1685 3104 1703 3105 1648 3105 1697 3105 1701 3106 1703 3106 1697 3106 1704 3 1705 3 1646 3 1705 3 1647 3 1646 3 1702 3107 1704 3107 1646 3107 1705 3108 1706 3108 1647 3108 1706 3108 1699 3108 1647 3108 1707 3107 1704 3107 1702 3107 1698 3109 1707 3109 1702 3109 1706 3110 1708 3110 1699 3110 1708 3110 1693 3110 1699 3110 1709 3109 1707 3109 1698 3109 1692 3111 1709 3111 1698 3111 1708 3112 1710 3112 1693 3112 1710 3113 1689 3113 1693 3113 1711 3114 1709 3114 1692 3114 1688 3115 1711 3115 1692 3115 1710 3116 1712 3116 1689 3116 1712 3117 1679 3117 1689 3117 1713 3118 1711 3118 1688 3118 1678 3119 1713 3119 1688 3119 1712 3120 1714 3120 1679 3120 1714 3120 1675 3120 1679 3120 1715 3119 1713 3119 1678 3119 1674 3121 1715 3121 1678 3121 1714 59 1716 59 1675 59 1716 3122 1671 3122 1675 3122 1717 66 1715 66 1674 66 1670 3123 1717 3123 1674 3123 1716 3124 1718 3124 1671 3124 1718 3124 1667 3124 1671 3124 1719 3123 1717 3123 1670 3123 1666 3125 1719 3125 1670 3125 1718 3126 1720 3126 1667 3126 1720 3127 1652 3127 1667 3127 1721 3128 1719 3128 1666 3128 1650 3129 1721 3129 1666 3129 1720 3130 1722 3130 1652 3130 1722 76 1651 76 1652 76 1255 2 1723 2 1650 2 1723 3131 1721 3131 1650 3131 1722 5 1724 5 1651 5 1724 5 1276 5 1651 5 1254 2 1723 2 1255 2 1724 3 1277 3 1276 3 1725 6 1280 6 1291 6 1653 2 1725 2 1291 2 1726 5 1655 5 1302 5 1301 5 1726 5 1302 5 1727 2 1725 2 1653 2 1654 3132 1727 3132 1653 3132 1728 3133 1669 3133 1655 3133 1726 3134 1728 3134 1655 3134 1668 3135 1729 3135 1654 3135 1729 3136 1727 3136 1654 3136 1730 3137 1673 3137 1669 3137 1728 3138 1730 3138 1669 3138 1672 3139 1731 3139 1668 3139 1731 3140 1729 3140 1668 3140 1732 3141 1677 3141 1673 3141 1730 3142 1732 3142 1673 3142 1676 3143 1733 3143 1672 3143 1733 3144 1731 3144 1672 3144 1734 3145 1681 3145 1677 3145 1732 3146 1734 3146 1677 3146 1680 3147 1735 3147 1676 3147 1735 3148 1733 3148 1676 3148 1736 3149 1691 3149 1681 3149 1734 3149 1736 3149 1681 3149 1690 3150 1737 3150 1680 3150 1737 3147 1735 3147 1680 3147 1738 3151 1695 3151 1691 3151 1736 3152 1738 3152 1691 3152 1694 3153 1739 3153 1690 3153 1739 3154 1737 3154 1690 3154 1740 3155 1701 3155 1695 3155 1738 3156 1740 3156 1695 3156 1700 3157 1741 3157 1694 3157 1741 3158 1739 3158 1694 3158 1742 3159 1703 3159 1701 3159 1740 3159 1742 3159 1701 3159 1649 3160 1743 3160 1700 3160 1743 3157 1741 3157 1700 3157 1744 3161 1648 3161 1703 3161 1742 3161 1744 3161 1703 3161 1744 6 1745 6 1649 6 1648 6 1744 6 1649 6 1745 3160 1743 3160 1649 3160 1746 3162 1705 3162 1704 3162 1747 3163 1748 3163 1704 3163 1707 3164 1747 3164 1704 3164 1749 3165 1750 3165 1704 3165 1750 3166 1751 3166 1704 3166 1751 3167 1752 3167 1704 3167 1752 3168 1753 3168 1704 3168 1753 3169 1754 3169 1704 3169 1754 3170 1755 3170 1704 3170 1755 3171 1746 3171 1704 3171 1748 3172 1749 3172 1704 3172 1756 3173 1757 3173 1705 3173 1758 3174 1756 3174 1705 3174 1759 3175 1760 3175 1705 3175 1760 3176 1761 3176 1705 3176 1761 3177 1762 3177 1705 3177 1762 3178 1763 3178 1705 3178 1763 3179 1764 3179 1705 3179 1764 3180 1765 3180 1705 3180 1765 3181 1706 3181 1705 3181 1757 3182 1759 3182 1705 3182 1746 3183 1758 3183 1705 3183 1766 3184 1747 3184 1707 3184 1709 3185 1766 3185 1707 3185 1765 3186 1708 3186 1706 3186 1767 3187 1766 3187 1709 3187 1711 3188 1767 3188 1709 3188 1765 3189 1768 3189 1708 3189 1768 3190 1710 3190 1708 3190 1769 3191 1767 3191 1711 3191 1713 3192 1769 3192 1711 3192 1768 3193 1770 3193 1710 3193 1770 3194 1712 3194 1710 3194 1771 3195 1769 3195 1713 3195 1715 3196 1771 3196 1713 3196 1770 3197 1772 3197 1712 3197 1772 3198 1714 3198 1712 3198 1773 3199 1771 3199 1715 3199 1717 3200 1773 3200 1715 3200 1772 3201 1774 3201 1714 3201 1774 3202 1716 3202 1714 3202 1775 3203 1773 3203 1717 3203 1719 3204 1775 3204 1717 3204 1774 3205 1776 3205 1716 3205 1776 3206 1718 3206 1716 3206 1777 3207 1775 3207 1719 3207 1721 3208 1777 3208 1719 3208 1776 3209 1778 3209 1718 3209 1778 3210 1720 3210 1718 3210 1779 3211 1777 3211 1721 3211 1723 3212 1779 3212 1721 3212 1780 3213 1722 3213 1720 3213 1778 3214 1780 3214 1720 3214 1254 3215 1781 3215 1723 3215 1781 3216 1779 3216 1723 3216 1782 3217 1724 3217 1722 3217 1780 3218 1782 3218 1722 3218 1253 3219 1781 3219 1254 3219 1783 3 1277 3 1724 3 1782 3220 1783 3220 1724 3220 1784 3221 1280 3221 1725 3221 1785 3222 1784 3222 1725 3222 1727 3223 1785 3223 1725 3223 1278 3224 1786 3224 1301 3224 1786 3225 1726 3225 1301 3225 1787 3226 1785 3226 1727 3226 1729 3227 1787 3227 1727 3227 1786 3228 1788 3228 1726 3228 1788 3229 1728 3229 1726 3229 1731 3230 1789 3230 1729 3230 1789 3231 1787 3231 1729 3231 1790 3232 1730 3232 1728 3232 1788 3233 1790 3233 1728 3233 1733 3234 1791 3234 1731 3234 1791 3235 1789 3235 1731 3235 1792 3236 1732 3236 1730 3236 1790 3237 1792 3237 1730 3237 1735 3238 1793 3238 1733 3238 1793 3239 1791 3239 1733 3239 1794 3240 1734 3240 1732 3240 1792 3241 1794 3241 1732 3241 1737 3242 1795 3242 1735 3242 1795 3243 1793 3243 1735 3243 1796 3244 1736 3244 1734 3244 1794 3245 1796 3245 1734 3245 1739 3246 1797 3246 1737 3246 1797 3247 1795 3247 1737 3247 1798 3248 1738 3248 1736 3248 1796 3249 1798 3249 1736 3249 1741 3250 1799 3250 1739 3250 1799 3251 1797 3251 1739 3251 1800 3252 1740 3252 1738 3252 1798 3253 1800 3253 1738 3253 1743 3254 1801 3254 1741 3254 1801 3255 1799 3255 1741 3255 1802 3256 1742 3256 1740 3256 1800 3257 1802 3257 1740 3257 1745 3258 1801 3258 1743 3258 1803 3259 1744 3259 1742 3259 1802 3260 1803 3260 1742 3260 1804 3261 1805 3261 1745 3261 1806 3262 1804 3262 1745 3262 1807 3263 1808 3263 1745 3263 1808 3264 1809 3264 1745 3264 1809 3265 1810 3265 1745 3265 1810 3266 1811 3266 1745 3266 1811 3267 1812 3267 1745 3267 1812 3268 1801 3268 1745 3268 1805 3269 1807 3269 1745 3269 1744 3270 1813 3270 1745 3270 1813 3271 1806 3271 1745 3271 1803 3272 1814 3272 1744 3272 1815 3273 1816 3273 1744 3273 1816 3274 1817 3274 1744 3274 1817 3275 1818 3275 1744 3275 1818 3276 1819 3276 1744 3276 1819 3277 1820 3277 1744 3277 1820 3278 1821 3278 1744 3278 1821 3279 1813 3279 1744 3279 1814 3280 1815 3280 1744 3280 1822 3281 1748 3281 1747 3281 1766 3282 1822 3282 1747 3282 1764 3283 1768 3283 1765 3283 1812 3284 1799 3284 1801 3284 1823 3285 1814 3285 1803 3285 1802 3286 1823 3286 1803 3286 1824 3287 1822 3287 1766 3287 1767 3288 1824 3288 1766 3288 1764 3289 1825 3289 1768 3289 1825 3290 1770 3290 1768 3290 1812 3291 1826 3291 1799 3291 1826 3292 1797 3292 1799 3292 1827 3293 1823 3293 1802 3293 1800 3294 1827 3294 1802 3294 1822 3295 1828 3295 1748 3295 1828 3296 1749 3296 1748 3296 1763 3297 1825 3297 1764 3297 1811 3298 1826 3298 1812 3298 1823 3299 1829 3299 1814 3299 1829 3300 1815 3300 1814 3300 1830 3301 1824 3301 1767 3301 1769 3302 1830 3302 1767 3302 1825 3303 1831 3303 1770 3303 1831 3304 1772 3304 1770 3304 1826 3305 1832 3305 1797 3305 1832 3306 1795 3306 1797 3306 1833 3307 1827 3307 1800 3307 1798 3308 1833 3308 1800 3308 1834 3309 1750 3309 1749 3309 1828 3310 1834 3310 1749 3310 1762 3311 1835 3311 1763 3311 1835 3312 1825 3312 1763 3312 1810 3313 1836 3313 1811 3313 1836 3314 1826 3314 1811 3314 1837 3315 1816 3315 1815 3315 1829 3316 1837 3316 1815 3316 1838 3317 1830 3317 1769 3317 1771 3318 1838 3318 1769 3318 1831 3319 1839 3319 1772 3319 1839 3320 1774 3320 1772 3320 1832 3321 1840 3321 1795 3321 1840 3322 1793 3322 1795 3322 1841 3323 1833 3323 1798 3323 1796 3324 1841 3324 1798 3324 1842 3325 1751 3325 1750 3325 1834 3326 1842 3326 1750 3326 1761 3327 1843 3327 1762 3327 1843 3328 1835 3328 1762 3328 1809 3329 1844 3329 1810 3329 1844 3330 1836 3330 1810 3330 1845 3331 1817 3331 1816 3331 1837 3332 1845 3332 1816 3332 1846 3333 1828 3333 1822 3333 1824 3334 1846 3334 1822 3334 1835 3335 1831 3335 1825 3335 1836 3336 1832 3336 1826 3336 1847 3337 1829 3337 1823 3337 1827 3338 1847 3338 1823 3338 1848 3339 1838 3339 1771 3339 1773 3340 1848 3340 1771 3340 1839 3341 1849 3341 1774 3341 1849 3342 1776 3342 1774 3342 1840 3343 1850 3343 1793 3343 1850 3344 1791 3344 1793 3344 1851 3345 1841 3345 1796 3345 1794 3346 1851 3346 1796 3346 1852 3347 1752 3347 1751 3347 1842 3348 1852 3348 1751 3348 1760 3349 1853 3349 1761 3349 1853 3350 1843 3350 1761 3350 1808 3351 1854 3351 1809 3351 1854 3352 1844 3352 1809 3352 1855 3353 1818 3353 1817 3353 1845 3354 1855 3354 1817 3354 1856 3355 1848 3355 1773 3355 1775 3356 1856 3356 1773 3356 1849 3357 1857 3357 1776 3357 1857 3358 1778 3358 1776 3358 1850 3359 1858 3359 1791 3359 1858 3360 1789 3360 1791 3360 1859 3361 1851 3361 1794 3361 1792 3362 1859 3362 1794 3362 1860 3363 1753 3363 1752 3363 1852 3364 1860 3364 1752 3364 1759 3365 1861 3365 1760 3365 1861 3366 1853 3366 1760 3366 1807 3367 1862 3367 1808 3367 1862 3368 1854 3368 1808 3368 1863 3369 1819 3369 1818 3369 1855 3370 1863 3370 1818 3370 1864 3371 1856 3371 1775 3371 1777 3372 1864 3372 1775 3372 1865 3373 1780 3373 1778 3373 1857 3374 1865 3374 1778 3374 1866 3375 1787 3375 1789 3375 1858 3376 1866 3376 1789 3376 1867 3377 1859 3377 1792 3377 1790 3378 1867 3378 1792 3378 1868 3379 1864 3379 1777 3379 1779 3380 1868 3380 1777 3380 1865 3381 1869 3381 1780 3381 1869 3382 1782 3382 1780 3382 1866 3383 1870 3383 1787 3383 1870 3384 1785 3384 1787 3384 1871 3385 1867 3385 1790 3385 1788 3386 1871 3386 1790 3386 1872 3387 1846 3387 1824 3387 1830 3388 1872 3388 1824 3388 1835 3389 1873 3389 1831 3389 1873 3390 1839 3390 1831 3390 1836 3391 1874 3391 1832 3391 1874 3392 1840 3392 1832 3392 1875 3393 1847 3393 1827 3393 1833 3394 1875 3394 1827 3394 1876 3395 1754 3395 1753 3395 1860 3396 1876 3396 1753 3396 1877 3397 1861 3397 1759 3397 1757 3398 1877 3398 1759 3398 1878 3399 1862 3399 1807 3399 1805 3400 1878 3400 1807 3400 1879 3401 1820 3401 1819 3401 1863 3402 1879 3402 1819 3402 1846 3403 1880 3403 1828 3403 1880 3404 1834 3404 1828 3404 1843 3405 1873 3405 1835 3405 1844 3406 1874 3406 1836 3406 1847 3407 1881 3407 1829 3407 1881 3408 1837 3408 1829 3408 1781 3409 1882 3409 1779 3409 1882 3410 1868 3410 1779 3410 1883 3411 1783 3411 1782 3411 1869 3412 1883 3412 1782 3412 1253 3413 1882 3413 1781 3413 1884 3 1277 3 1783 3 1883 3414 1884 3414 1783 3414 1885 6 1280 6 1784 6 1886 3415 1885 3415 1784 3415 1785 3415 1886 3415 1784 3415 1278 6 1887 6 1786 6 1887 3416 1788 3416 1786 3416 1870 3417 1886 3417 1785 3417 1887 3416 1871 3416 1788 3416 1888 3418 1755 3418 1754 3418 1876 3419 1888 3419 1754 3419 1889 3420 1877 3420 1757 3420 1756 3421 1889 3421 1757 3421 1890 3422 1878 3422 1805 3422 1804 3423 1890 3423 1805 3423 1891 3424 1821 3424 1820 3424 1879 3425 1891 3425 1820 3425 1892 3426 1746 3426 1755 3426 1888 3427 1892 3427 1755 3427 1893 3428 1889 3428 1756 3428 1758 3429 1893 3429 1756 3429 1894 3430 1890 3430 1804 3430 1806 3431 1894 3431 1804 3431 1895 3432 1813 3432 1821 3432 1891 3433 1895 3433 1821 3433 1892 3434 1758 3434 1746 3434 1896 3435 1893 3435 1758 3435 1892 3434 1896 3434 1758 3434 1897 3436 1894 3436 1806 3436 1813 3437 1895 3437 1806 3437 1895 3437 1897 3437 1806 3437 1898 3438 1872 3438 1830 3438 1838 3439 1898 3439 1830 3439 1873 3440 1899 3440 1839 3440 1899 3441 1849 3441 1839 3441 1874 3442 1900 3442 1840 3442 1900 3443 1850 3443 1840 3443 1901 3444 1875 3444 1833 3444 1841 3445 1901 3445 1833 3445 1902 3446 1842 3446 1834 3446 1880 3447 1902 3447 1834 3447 1853 3448 1903 3448 1843 3448 1903 3449 1873 3449 1843 3449 1854 3450 1904 3450 1844 3450 1904 3451 1874 3451 1844 3451 1905 3452 1845 3452 1837 3452 1881 3453 1905 3453 1837 3453 1906 3454 1880 3454 1846 3454 1872 3455 1906 3455 1846 3455 1903 3456 1899 3456 1873 3456 1904 3457 1900 3457 1874 3457 1907 3458 1881 3458 1847 3458 1875 3459 1907 3459 1847 3459 1908 3460 1898 3460 1838 3460 1848 3461 1908 3461 1838 3461 1899 3462 1909 3462 1849 3462 1909 3463 1857 3463 1849 3463 1900 3464 1910 3464 1850 3464 1910 3465 1858 3465 1850 3465 1911 3466 1901 3466 1841 3466 1851 3467 1911 3467 1841 3467 1912 3468 1852 3468 1842 3468 1902 3469 1912 3469 1842 3469 1861 3470 1913 3470 1853 3470 1913 3471 1903 3471 1853 3471 1862 3472 1914 3472 1854 3472 1914 3473 1904 3473 1854 3473 1915 3474 1855 3474 1845 3474 1905 3475 1915 3475 1845 3475 1916 3476 1908 3476 1848 3476 1856 3477 1916 3477 1848 3477 1917 3478 1865 3478 1857 3478 1909 3479 1917 3479 1857 3479 1918 3480 1866 3480 1858 3480 1910 3481 1918 3481 1858 3481 1919 3482 1911 3482 1851 3482 1859 3483 1919 3483 1851 3483 1920 3484 1860 3484 1852 3484 1912 3485 1920 3485 1852 3485 1921 3486 1913 3486 1861 3486 1877 3487 1921 3487 1861 3487 1922 3488 1914 3488 1862 3488 1878 3489 1922 3489 1862 3489 1923 3490 1863 3490 1855 3490 1915 3491 1923 3491 1855 3491 1924 3492 1916 3492 1856 3492 1864 3493 1924 3493 1856 3493 1917 3494 1925 3494 1865 3494 1925 3495 1869 3495 1865 3495 1918 3496 1926 3496 1866 3496 1926 3497 1870 3497 1866 3497 1927 3498 1919 3498 1859 3498 1867 3499 1927 3499 1859 3499 1928 3500 1906 3500 1872 3500 1898 3501 1928 3501 1872 3501 1903 3502 1929 3502 1899 3502 1929 3503 1909 3503 1899 3503 1904 3504 1930 3504 1900 3504 1930 3505 1910 3505 1900 3505 1931 3506 1907 3506 1875 3506 1901 3507 1931 3507 1875 3507 1906 3508 1932 3508 1880 3508 1932 3509 1902 3509 1880 3509 1913 3510 1929 3510 1903 3510 1914 3511 1930 3511 1904 3511 1907 3512 1933 3512 1881 3512 1933 3513 1905 3513 1881 3513 1934 3514 1924 3514 1864 3514 1868 3515 1934 3515 1864 3515 1925 3516 1935 3516 1869 3516 1935 3517 1883 3517 1869 3517 1926 3518 1936 3518 1870 3518 1936 3519 1886 3519 1870 3519 1937 3520 1927 3520 1867 3520 1871 3521 1937 3521 1867 3521 1938 3522 1876 3522 1860 3522 1920 3523 1938 3523 1860 3523 1939 3524 1921 3524 1877 3524 1889 3525 1939 3525 1877 3525 1940 3526 1922 3526 1878 3526 1890 3527 1940 3527 1878 3527 1941 3528 1879 3528 1863 3528 1923 3529 1941 3529 1863 3529 1882 3530 1942 3530 1868 3530 1942 3531 1934 3531 1868 3531 1943 3532 1884 3532 1883 3532 1935 3533 1943 3533 1883 3533 1253 3534 1942 3534 1882 3534 1944 3 1277 3 1884 3 1943 3535 1944 3535 1884 3535 1945 6 1280 6 1885 6 1946 3536 1945 3536 1885 3536 1886 3537 1946 3537 1885 3537 1278 3538 1947 3538 1887 3538 1947 3539 1871 3539 1887 3539 1936 3540 1946 3540 1886 3540 1947 3541 1937 3541 1871 3541 1948 3542 1888 3542 1876 3542 1938 3543 1948 3543 1876 3543 1949 3544 1939 3544 1889 3544 1893 3545 1949 3545 1889 3545 1950 3546 1940 3546 1890 3546 1894 3547 1950 3547 1890 3547 1951 3548 1891 3548 1879 3548 1941 3549 1951 3549 1879 3549 1952 3550 1892 3550 1888 3550 1948 3551 1952 3551 1888 3551 1953 3552 1949 3552 1893 3552 1896 3553 1953 3553 1893 3553 1954 3554 1950 3554 1894 3554 1897 3555 1954 3555 1894 3555 1955 3556 1895 3556 1891 3556 1951 3557 1955 3557 1891 3557 1952 3558 1896 3558 1892 3558 1956 3559 1953 3559 1896 3559 1952 3560 1956 3560 1896 3560 1957 3561 1954 3561 1897 3561 1895 3562 1955 3562 1897 3562 1955 3563 1957 3563 1897 3563 1958 3564 1928 3564 1898 3564 1908 3565 1958 3565 1898 3565 1959 3566 1917 3566 1909 3566 1929 3567 1959 3567 1909 3567 1960 3568 1918 3568 1910 3568 1930 3569 1960 3569 1910 3569 1961 3570 1931 3570 1901 3570 1911 3571 1961 3571 1901 3571 1962 3572 1912 3572 1902 3572 1932 3573 1962 3573 1902 3573 1963 3574 1929 3574 1913 3574 1921 3575 1963 3575 1913 3575 1964 3576 1930 3576 1914 3576 1922 3577 1964 3577 1914 3577 1965 3578 1915 3578 1905 3578 1933 3579 1965 3579 1905 3579 1966 3580 1932 3580 1906 3580 1928 3581 1966 3581 1906 3581 1963 3582 1959 3582 1929 3582 1964 3583 1960 3583 1930 3583 1967 3584 1933 3584 1907 3584 1931 3585 1967 3585 1907 3585 1968 3586 1958 3586 1908 3586 1916 3587 1968 3587 1908 3587 1959 3588 1969 3588 1917 3588 1969 3589 1925 3589 1917 3589 1960 3590 1970 3590 1918 3590 1970 3591 1926 3591 1918 3591 1971 3592 1961 3592 1911 3592 1919 3593 1971 3593 1911 3593 1972 3594 1920 3594 1912 3594 1962 3595 1972 3595 1912 3595 1973 3596 1963 3596 1921 3596 1939 3597 1973 3597 1921 3597 1974 3598 1964 3598 1922 3598 1940 3599 1974 3599 1922 3599 1975 3600 1923 3600 1915 3600 1965 3601 1975 3601 1915 3601 1976 3602 1968 3602 1916 3602 1924 3603 1976 3603 1916 3603 1969 3604 1977 3604 1925 3604 1977 3605 1935 3605 1925 3605 1970 3606 1978 3606 1926 3606 1978 3607 1936 3607 1926 3607 1979 3608 1971 3608 1919 3608 1927 3609 1979 3609 1919 3609 1980 3610 1938 3610 1920 3610 1972 3611 1980 3611 1920 3611 1981 3612 1973 3612 1939 3612 1949 3613 1981 3613 1939 3613 1982 3614 1974 3614 1940 3614 1950 3615 1982 3615 1940 3615 1983 3616 1941 3616 1923 3616 1975 3617 1983 3617 1923 3617 1984 3618 1976 3618 1924 3618 1934 3619 1984 3619 1924 3619 1977 3620 1985 3620 1935 3620 1985 3621 1943 3621 1935 3621 1978 3622 1986 3622 1936 3622 1986 3623 1946 3623 1936 3623 1987 3624 1979 3624 1927 3624 1937 3625 1987 3625 1927 3625 1988 3626 1966 3626 1928 3626 1958 3627 1988 3627 1928 3627 1963 3628 1989 3628 1959 3628 1989 3629 1969 3629 1959 3629 1964 3630 1990 3630 1960 3630 1990 3631 1970 3631 1960 3631 1991 3632 1967 3632 1931 3632 1961 3633 1991 3633 1931 3633 1942 3634 1992 3634 1934 3634 1992 3635 1984 3635 1934 3635 1993 3636 1944 3636 1943 3636 1985 3637 1993 3637 1943 3637 1253 3638 1992 3638 1942 3638 1994 3639 1277 3639 1944 3639 1993 3640 1994 3640 1944 3640 1995 6 1280 6 1945 6 1996 3641 1995 3641 1945 3641 1946 3642 1996 3642 1945 3642 1278 3643 1997 3643 1947 3643 1997 3644 1937 3644 1947 3644 1986 3645 1996 3645 1946 3645 1997 3646 1987 3646 1937 3646 1966 3647 1998 3647 1932 3647 1998 3648 1962 3648 1932 3648 1973 3649 1989 3649 1963 3649 1974 3650 1990 3650 1964 3650 1967 3651 1999 3651 1933 3651 1999 3652 1965 3652 1933 3652 2000 3653 1948 3653 1938 3653 1980 3654 2000 3654 1938 3654 2001 3655 1981 3655 1949 3655 1953 3656 2001 3656 1949 3656 2002 3657 1982 3657 1950 3657 1954 3658 2002 3658 1950 3658 2003 3659 1951 3659 1941 3659 1983 3660 2003 3660 1941 3660 2004 3661 1952 3661 1948 3661 2000 3662 2004 3662 1948 3662 2005 3663 2001 3663 1953 3663 1956 3664 2005 3664 1953 3664 2006 3665 2002 3665 1954 3665 1957 3666 2006 3666 1954 3666 2007 3667 1955 3667 1951 3667 2003 3668 2007 3668 1951 3668 2004 3669 1956 3669 1952 3669 2008 3670 2005 3670 1956 3670 2004 3671 2008 3671 1956 3671 2009 3672 2006 3672 1957 3672 1955 3673 2007 3673 1957 3673 2007 3674 2009 3674 1957 3674 2010 3675 1988 3675 1958 3675 1968 3676 2010 3676 1958 3676 1989 3677 2011 3677 1969 3677 2011 3678 1977 3678 1969 3678 1990 3679 2012 3679 1970 3679 2012 3680 1978 3680 1970 3680 2013 3681 1991 3681 1961 3681 1971 3682 2013 3682 1961 3682 2014 3683 1972 3683 1962 3683 1998 3684 2014 3684 1962 3684 2015 3685 1989 3685 1973 3685 1981 3686 2015 3686 1973 3686 2016 3687 1990 3687 1974 3687 1982 3688 2016 3688 1974 3688 2017 3689 1975 3689 1965 3689 1999 3690 2017 3690 1965 3690 2018 3691 1998 3691 1966 3691 1988 3692 2018 3692 1966 3692 2015 3693 2011 3693 1989 3693 2016 3694 2012 3694 1990 3694 2019 3695 1999 3695 1967 3695 1991 3696 2019 3696 1967 3696 2020 3697 2010 3697 1968 3697 1976 3698 2020 3698 1968 3698 2011 3699 2021 3699 1977 3699 2021 3700 1985 3700 1977 3700 2012 3701 2022 3701 1978 3701 2022 3702 1986 3702 1978 3702 2023 3703 2013 3703 1971 3703 1979 3704 2023 3704 1971 3704 2024 3705 1980 3705 1972 3705 2014 3706 2024 3706 1972 3706 2025 3707 2015 3707 1981 3707 2001 3708 2025 3708 1981 3708 2026 3709 2016 3709 1982 3709 2002 3710 2026 3710 1982 3710 2027 3711 1983 3711 1975 3711 2017 3712 2027 3712 1975 3712 2028 3713 2020 3713 1976 3713 1984 3714 2028 3714 1976 3714 2021 3715 2029 3715 1985 3715 2029 3716 1993 3716 1985 3716 2022 3717 2030 3717 1986 3717 2030 3718 1996 3718 1986 3718 2031 3719 2023 3719 1979 3719 1987 3720 2031 3720 1979 3720 1992 3721 2032 3721 1984 3721 2032 3722 2028 3722 1984 3722 2033 3723 1994 3723 1993 3723 2029 3724 2033 3724 1993 3724 1253 3725 2032 3725 1992 3725 2034 3 1277 3 1994 3 2033 3726 2034 3726 1994 3726 2035 2311 1280 2311 1995 2311 2036 3727 2035 3727 1995 3727 1996 3722 2036 3722 1995 3722 1278 3728 2037 3728 1997 3728 2037 3729 1987 3729 1997 3729 2030 3730 2036 3730 1996 3730 2037 3731 2031 3731 1987 3731 2038 3732 2000 3732 1980 3732 2024 3733 2038 3733 1980 3733 2039 3734 2025 3734 2001 3734 2005 3735 2039 3735 2001 3735 2040 3736 2026 3736 2002 3736 2006 3737 2040 3737 2002 3737 2041 3738 2003 3738 1983 3738 2027 3739 2041 3739 1983 3739 2042 3740 2018 3740 1988 3740 2010 3741 2042 3741 1988 3741 2015 3742 2043 3742 2011 3742 2043 3743 2021 3743 2011 3743 2016 3744 2044 3744 2012 3744 2044 3745 2022 3745 2012 3745 2045 3746 2019 3746 1991 3746 2013 3747 2045 3747 1991 3747 2018 3748 2046 3748 1998 3748 2046 3749 2014 3749 1998 3749 2025 3750 2043 3750 2015 3750 2026 3751 2044 3751 2016 3751 2019 3752 2047 3752 1999 3752 2047 3753 2017 3753 1999 3753 2048 3754 2004 3754 2000 3754 2038 3755 2048 3755 2000 3755 2049 3756 2039 3756 2005 3756 2008 3757 2049 3757 2005 3757 2050 3758 2040 3758 2006 3758 2009 3759 2050 3759 2006 3759 2051 3760 2007 3760 2003 3760 2041 3761 2051 3761 2003 3761 2048 3762 2008 3762 2004 3762 2052 3763 2049 3763 2008 3763 2048 3764 2052 3764 2008 3764 2053 3765 2050 3765 2009 3765 2007 3766 2051 3766 2009 3766 2051 3767 2053 3767 2009 3767 2054 3768 2042 3768 2010 3768 2020 3769 2054 3769 2010 3769 2043 3770 2055 3770 2021 3770 2055 3771 2029 3771 2021 3771 2044 3772 2056 3772 2022 3772 2056 3773 2030 3773 2022 3773 2057 3774 2045 3774 2013 3774 2023 3775 2057 3775 2013 3775 2058 3776 2024 3776 2014 3776 2046 3777 2058 3777 2014 3777 2059 3778 2043 3778 2025 3778 2039 3779 2059 3779 2025 3779 2060 3780 2044 3780 2026 3780 2040 3781 2060 3781 2026 3781 2061 3782 2027 3782 2017 3782 2047 3783 2061 3783 2017 3783 2062 3784 2054 3784 2020 3784 2028 3785 2062 3785 2020 3785 2055 3786 2063 3786 2029 3786 2063 3787 2033 3787 2029 3787 2056 3788 2064 3788 2030 3788 2064 3789 2036 3789 2030 3789 2065 3790 2057 3790 2023 3790 2031 3791 2065 3791 2023 3791 2066 3792 2046 3792 2018 3792 2042 3793 2066 3793 2018 3793 2059 3794 2055 3794 2043 3794 2060 3795 2056 3795 2044 3795 2067 3796 2047 3796 2019 3796 2045 3797 2067 3797 2019 3797 2032 3798 2068 3798 2028 3798 2068 3799 2062 3799 2028 3799 2069 3800 2034 3800 2033 3800 2063 3801 2069 3801 2033 3801 1253 3802 2068 3802 2032 3802 2070 3803 1277 3803 2034 3803 2069 3804 2070 3804 2034 3804 2071 6 1280 6 2035 6 2072 3805 2071 3805 2035 3805 2036 3806 2072 3806 2035 3806 1278 3807 2073 3807 2037 3807 2073 3808 2031 3808 2037 3808 2064 3809 2072 3809 2036 3809 2073 3810 2065 3810 2031 3810 2074 3811 2038 3811 2024 3811 2058 3812 2074 3812 2024 3812 2075 3813 2059 3813 2039 3813 2049 3814 2075 3814 2039 3814 2076 3815 2060 3815 2040 3815 2050 3816 2076 3816 2040 3816 2077 3817 2041 3817 2027 3817 2061 3818 2077 3818 2027 3818 2078 3819 2048 3819 2038 3819 2074 3820 2078 3820 2038 3820 2079 3821 2075 3821 2049 3821 2052 3822 2079 3822 2049 3822 2080 3823 2076 3823 2050 3823 2053 3824 2080 3824 2050 3824 2081 3825 2051 3825 2041 3825 2077 3826 2081 3826 2041 3826 2082 3827 2066 3827 2042 3827 2054 3828 2082 3828 2042 3828 2059 3829 2083 3829 2055 3829 2083 3830 2063 3830 2055 3830 2060 3831 2084 3831 2056 3831 2084 3832 2064 3832 2056 3832 2085 3833 2067 3833 2045 3833 2057 3834 2085 3834 2045 3834 2078 3835 2052 3835 2048 3835 2086 3836 2079 3836 2052 3836 2078 3837 2086 3837 2052 3837 2087 3838 2080 3838 2053 3838 2051 3839 2081 3839 2053 3839 2081 3840 2087 3840 2053 3840 2066 3841 2088 3841 2046 3841 2088 3842 2058 3842 2046 3842 2075 3843 2083 3843 2059 3843 2076 3844 2084 3844 2060 3844 2067 3845 2089 3845 2047 3845 2089 3846 2061 3846 2047 3846 2090 3847 2082 3847 2054 3847 2062 3848 2090 3848 2054 3848 2083 3849 2091 3849 2063 3849 2091 3850 2069 3850 2063 3850 2084 3851 2092 3851 2064 3851 2092 3852 2072 3852 2064 3852 2093 3853 2085 3853 2057 3853 2065 3854 2093 3854 2057 3854 2068 3855 2094 3855 2062 3855 2094 3856 2090 3856 2062 3856 2095 3857 2070 3857 2069 3857 2091 3858 2095 3858 2069 3858 1253 3859 2094 3859 2068 3859 2096 3 1277 3 2070 3 2095 3860 2096 3860 2070 3860 2097 2316 1280 2316 2071 2316 2098 3861 2097 3861 2071 3861 2072 3862 2098 3862 2071 3862 1278 3863 2099 3863 2073 3863 2099 3864 2065 3864 2073 3864 2092 3865 2098 3865 2072 3865 2099 3866 2093 3866 2065 3866 2100 3867 2074 3867 2058 3867 2088 3868 2100 3868 2058 3868 2101 3869 2083 3869 2075 3869 2079 3870 2101 3870 2075 3870 2102 3871 2084 3871 2076 3871 2080 3872 2102 3872 2076 3872 2103 3873 2077 3873 2061 3873 2089 3874 2103 3874 2061 3874 2104 3875 2088 3875 2066 3875 2082 3876 2104 3876 2066 3876 2101 3877 2091 3877 2083 3877 2102 3878 2092 3878 2084 3878 2105 3879 2089 3879 2067 3879 2085 3880 2105 3880 2067 3880 2106 3881 2078 3881 2074 3881 2100 3882 2106 3882 2074 3882 2107 3883 2101 3883 2079 3883 2086 3884 2107 3884 2079 3884 2108 3885 2102 3885 2080 3885 2087 3886 2108 3886 2080 3886 2109 3887 2081 3887 2077 3887 2103 3888 2109 3888 2077 3888 2106 3889 2086 3889 2078 3889 2110 3890 2107 3890 2086 3890 2106 3891 2110 3891 2086 3891 2111 3892 2108 3892 2087 3892 2081 3893 2109 3893 2087 3893 2109 3894 2111 3894 2087 3894 2112 3895 2104 3895 2082 3895 2090 3896 2112 3896 2082 3896 2101 3897 2113 3897 2091 3897 2113 3898 2095 3898 2091 3898 2102 3899 2114 3899 2092 3899 2114 3900 2098 3900 2092 3900 2115 3901 2105 3901 2085 3901 2093 3902 2115 3902 2085 3902 2094 3903 2116 3903 2090 3903 2116 3904 2112 3904 2090 3904 2117 3905 2096 3905 2095 3905 2113 3906 2117 3906 2095 3906 1253 3907 2116 3907 2094 3907 2118 3 1277 3 2096 3 2117 3908 2118 3908 2096 3908 2119 6 1280 6 2097 6 2120 3909 2119 3909 2097 3909 2098 3910 2120 3910 2097 3910 1278 3911 2121 3911 2099 3911 2121 3912 2093 3912 2099 3912 2114 3913 2120 3913 2098 3913 2121 3914 2115 3914 2093 3914 2104 3915 2122 3915 2088 3915 2122 3916 2100 3916 2088 3916 2107 3917 2113 3917 2101 3917 2108 3918 2114 3918 2102 3918 2105 3919 2123 3919 2089 3919 2123 3920 2103 3920 2089 3920 2124 3921 2106 3921 2100 3921 2122 3922 2124 3922 2100 3922 2125 3923 2113 3923 2107 3923 2110 3924 2125 3924 2107 3924 2126 3925 2114 3925 2108 3925 2111 3926 2126 3926 2108 3926 2127 3927 2109 3927 2103 3927 2123 3928 2127 3928 2103 3928 2128 3929 2122 3929 2104 3929 2112 3930 2128 3930 2104 3930 2125 3931 2117 3931 2113 3931 2126 3932 2120 3932 2114 3932 2129 3933 2123 3933 2105 3933 2115 3934 2129 3934 2105 3934 2124 3935 2110 3935 2106 3935 2130 3936 2125 3936 2110 3936 2124 3937 2130 3937 2110 3937 2131 3938 2126 3938 2111 3938 2109 3939 2127 3939 2111 3939 2127 3940 2131 3940 2111 3940 2116 3941 2132 3941 2112 3941 2132 3942 2128 3942 2112 3942 2133 3943 2118 3943 2117 3943 2125 3944 2133 3944 2117 3944 1253 3 2132 3 2116 3 2134 3 1277 3 2118 3 2133 3945 2134 3945 2118 3945 2135 6 1280 6 2119 6 2136 3946 2135 3946 2119 3946 2120 3947 2136 3947 2119 3947 1278 3948 2137 3948 2121 3948 2137 3949 2115 3949 2121 3949 2126 3950 2136 3950 2120 3950 2137 3951 2129 3951 2115 3951 2128 3952 2138 3952 2122 3952 2138 3953 2124 3953 2122 3953 2130 3954 2133 3954 2125 3954 2131 3955 2136 3955 2126 3955 2129 3956 2139 3956 2123 3956 2139 3957 2127 3957 2123 3957 2138 3958 2130 3958 2124 3958 2140 3959 2133 3959 2130 3959 2138 3958 2140 3958 2130 3958 2141 3960 2136 3960 2131 3960 2127 3961 2139 3961 2131 3961 2139 3962 2141 3962 2131 3962 2132 3963 2142 3963 2128 3963 2142 3964 2138 3964 2128 3964 2140 3965 2134 3965 2133 3965 1253 3966 2142 3966 2132 3966 2143 3967 1277 3967 2134 3967 2140 3968 2143 3968 2134 3968 2144 6 1280 6 2135 6 2141 3969 2144 3969 2135 3969 2136 3970 2141 3970 2135 3970 1278 3971 2145 3971 2137 3971 2145 3972 2129 3972 2137 3972 2145 3973 2139 3973 2129 3973 2142 7 2140 7 2138 7 2142 7 2143 7 2140 7 1277 3 2143 3 2142 3 1253 3 1277 3 2142 3 1278 6 1280 6 2144 6 2145 6 1278 6 2144 6 2141 7 2145 7 2144 7 2141 7 2139 7 2145 7 2146 3974 2147 3974 1253 3974 1280 7 2146 7 1253 7 2147 3975 2148 3975 1253 3975 2148 7 2149 7 1253 7 2149 7 2150 7 1253 7 2150 7 2151 7 1253 7 2151 7 2152 7 1253 7 2152 7 2153 7 1253 7 2153 7 2154 7 1253 7 2154 7 2155 7 1253 7 2155 7 1277 7 1253 7 2156 7 2157 7 1277 7 2157 7 2158 7 1277 7 2158 7 2159 7 1277 7 2159 7 2160 7 1277 7 2161 7 1278 7 1277 7 2162 3975 2161 3975 1277 3975 2160 7 2162 7 1277 7 2155 7 2163 7 1277 7 2163 7 2156 7 1277 7 2164 3976 2163 3976 2155 3976 2154 3977 2165 3977 2155 3977 2165 3978 2164 3978 2155 3978 2153 3979 2166 3979 2154 3979 2166 3980 2165 3980 2154 3980 2164 3981 2167 3981 2163 3981 2167 3982 2156 3982 2163 3982 2152 3983 2168 3983 2153 3983 2168 3979 2166 3979 2153 3979 2167 3984 2169 3984 2156 3984 2169 3985 2157 3985 2156 3985 2151 3986 2170 3986 2152 3986 2170 3987 2168 3987 2152 3987 2169 3988 2171 3988 2157 3988 2171 3988 2158 3988 2157 3988 2150 3989 2172 3989 2151 3989 2172 3986 2170 3986 2151 3986 2171 3990 2173 3990 2158 3990 2173 3991 2159 3991 2158 3991 2149 3992 2174 3992 2150 3992 2174 3993 2172 3993 2150 3993 2173 3994 2175 3994 2159 3994 2175 3995 2160 3995 2159 3995 2148 3996 2176 3996 2149 3996 2176 3997 2174 3997 2149 3997 2175 3998 2177 3998 2160 3998 2177 3999 2162 3999 2160 3999 2147 4000 2178 4000 2148 4000 2178 4001 2176 4001 2148 4001 2177 4002 2179 4002 2162 4002 2179 4003 2161 4003 2162 4003 2146 4004 2180 4004 2147 4004 2180 4005 2178 4005 2147 4005 2181 4006 1278 4006 2161 4006 2179 4007 2182 4007 2161 4007 2182 4007 2181 4007 2161 4007 2183 4008 1278 4008 2181 4008 2182 4009 2184 4009 2181 4009 2184 4010 2183 4010 2181 4010 1280 4011 2185 4011 2146 4011 2185 4012 2186 4012 2146 4012 2186 4004 2180 4004 2146 4004 1280 4013 2187 4013 2185 4013 2187 4014 2188 4014 2185 4014 2188 4015 2186 4015 2185 4015 2189 4013 1278 4013 2183 4013 2184 4016 2190 4016 2183 4016 2190 4017 2189 4017 2183 4017 1280 4018 2191 4018 2187 4018 2191 4019 2192 4019 2187 4019 2192 4020 2188 4020 2187 4020 2193 7 1278 7 2189 7 2190 4021 2194 4021 2189 4021 2194 4022 2193 4022 2189 4022 1280 4023 2195 4023 2191 4023 2195 4024 2196 4024 2191 4024 2196 4025 2192 4025 2191 4025 2197 7 1278 7 2193 7 2194 4026 2198 4026 2193 4026 2198 4027 2197 4027 2193 4027 1280 4028 2199 4028 2195 4028 2199 3147 2200 3147 2195 3147 2200 4029 2196 4029 2195 4029 2201 7 1278 7 2197 7 2198 4030 2202 4030 2197 4030 2202 4031 2201 4031 2197 4031 1280 7 2203 7 2199 7 2203 4032 2204 4032 2199 4032 2204 4033 2200 4033 2199 4033 2205 7 1278 7 2201 7 2202 4034 2206 4034 2201 4034 2206 4035 2205 4035 2201 4035 1280 4036 2207 4036 2203 4036 2207 4037 2208 4037 2203 4037 2208 4038 2204 4038 2203 4038 2209 7 1278 7 2205 7 2206 4039 2210 4039 2205 4039 2210 4040 2209 4040 2205 4040 1280 4041 2211 4041 2207 4041 2211 4042 2212 4042 2207 4042 2212 4043 2208 4043 2207 4043 2213 7 1278 7 2209 7 2210 4044 2214 4044 2209 4044 2214 4045 2213 4045 2209 4045 1280 4046 2215 4046 2211 4046 2215 4047 2216 4047 2211 4047 2216 4042 2212 4042 2211 4042 2215 7 1278 7 2213 7 2214 4048 2217 4048 2213 4048 2217 4049 2215 4049 2213 4049 2217 4050 2216 4050 2215 4050 1280 7 1278 7 2215 7 2218 4051 2164 4051 2165 4051 2219 4052 2218 4052 2165 4052 2166 4053 2219 4053 2165 4053 2220 4054 2219 4054 2166 4054 2168 4055 2220 4055 2166 4055 2221 4056 2167 4056 2164 4056 2218 4057 2221 4057 2164 4057 2222 4058 2220 4058 2168 4058 2170 4059 2222 4059 2168 4059 2223 4060 2169 4060 2167 4060 2221 4061 2223 4061 2167 4061 2224 4062 2222 4062 2170 4062 2172 4063 2224 4063 2170 4063 2225 4064 2171 4064 2169 4064 2223 4065 2225 4065 2169 4065 2226 4066 2224 4066 2172 4066 2174 4067 2226 4067 2172 4067 2227 4068 2173 4068 2171 4068 2225 4069 2227 4069 2171 4069 2228 4070 2226 4070 2174 4070 2176 4071 2228 4071 2174 4071 2229 4072 2175 4072 2173 4072 2227 4073 2229 4073 2173 4073 2230 4074 2228 4074 2176 4074 2178 4075 2230 4075 2176 4075 2231 4076 2177 4076 2175 4076 2229 4077 2231 4077 2175 4077 2232 4078 2230 4078 2178 4078 2180 4079 2232 4079 2178 4079 2233 4080 2179 4080 2177 4080 2231 4081 2233 4081 2177 4081 2234 4082 2232 4082 2180 4082 2186 4083 2234 4083 2180 4083 2235 4084 2182 4084 2179 4084 2233 4085 2235 4085 2179 4085 2236 4086 2234 4086 2186 4086 2188 4087 2236 4087 2186 4087 2237 4088 2184 4088 2182 4088 2235 4089 2237 4089 2182 4089 2238 4090 2236 4090 2188 4090 2192 4091 2238 4091 2188 4091 2239 4092 2190 4092 2184 4092 2237 4093 2239 4093 2184 4093 2240 4094 2238 4094 2192 4094 2196 4095 2240 4095 2192 4095 2241 4096 2194 4096 2190 4096 2239 4097 2241 4097 2190 4097 2242 4098 2240 4098 2196 4098 2200 4099 2242 4099 2196 4099 2243 4100 2198 4100 2194 4100 2241 4101 2243 4101 2194 4101 2244 4102 2242 4102 2200 4102 2204 4103 2244 4103 2200 4103 2245 4104 2202 4104 2198 4104 2243 4105 2245 4105 2198 4105 2246 4106 2244 4106 2204 4106 2208 4107 2246 4107 2204 4107 2247 4108 2206 4108 2202 4108 2245 4109 2247 4109 2202 4109 2248 4110 2246 4110 2208 4110 2212 4111 2248 4111 2208 4111 2249 4112 2210 4112 2206 4112 2247 4113 2249 4113 2206 4113 2250 4114 2248 4114 2212 4114 2216 4115 2250 4115 2212 4115 2251 4116 2214 4116 2210 4116 2249 4117 2251 4117 2210 4117 2252 4118 2250 4118 2216 4118 2217 4119 2252 4119 2216 4119 2251 4120 2253 4120 2214 4120 2253 4121 2217 4121 2214 4121 2253 4122 2252 4122 2217 4122 2254 4123 2218 4123 2219 4123 2255 4124 2254 4124 2219 4124 2220 4125 2255 4125 2219 4125 2256 4126 2255 4126 2220 4126 2222 4127 2256 4127 2220 4127 2257 4128 2221 4128 2218 4128 2254 4129 2257 4129 2218 4129 2258 4130 2256 4130 2222 4130 2224 4131 2258 4131 2222 4131 2259 4132 2223 4132 2221 4132 2257 4133 2259 4133 2221 4133 2260 4134 2258 4134 2224 4134 2226 4135 2260 4135 2224 4135 2261 4136 2225 4136 2223 4136 2259 4137 2261 4137 2223 4137 2262 4138 2260 4138 2226 4138 2228 4139 2262 4139 2226 4139 2263 4140 2227 4140 2225 4140 2261 4141 2263 4141 2225 4141 2264 4142 2262 4142 2228 4142 2230 4143 2264 4143 2228 4143 2265 4144 2229 4144 2227 4144 2263 4145 2265 4145 2227 4145 2266 4146 2264 4146 2230 4146 2232 4147 2266 4147 2230 4147 2267 4148 2231 4148 2229 4148 2265 4149 2267 4149 2229 4149 2268 4150 2266 4150 2232 4150 2234 4151 2268 4151 2232 4151 2269 4152 2233 4152 2231 4152 2267 4153 2269 4153 2231 4153 2270 4154 2268 4154 2234 4154 2236 4155 2270 4155 2234 4155 2271 4156 2235 4156 2233 4156 2269 4157 2271 4157 2233 4157 2272 4158 2270 4158 2236 4158 2238 4159 2272 4159 2236 4159 2273 4160 2237 4160 2235 4160 2271 4161 2273 4161 2235 4161 2274 4162 2272 4162 2238 4162 2240 4163 2274 4163 2238 4163 2275 4164 2239 4164 2237 4164 2273 4165 2275 4165 2237 4165 2276 4166 2274 4166 2240 4166 2242 4167 2276 4167 2240 4167 2277 4168 2241 4168 2239 4168 2275 4169 2277 4169 2239 4169 2278 4170 2276 4170 2242 4170 2244 4171 2278 4171 2242 4171 2279 4172 2243 4172 2241 4172 2277 4173 2279 4173 2241 4173 2280 4174 2278 4174 2244 4174 2246 4175 2280 4175 2244 4175 2281 4176 2245 4176 2243 4176 2279 4177 2281 4177 2243 4177 2282 4178 2280 4178 2246 4178 2248 4179 2282 4179 2246 4179 2283 4180 2247 4180 2245 4180 2281 4181 2283 4181 2245 4181 2284 4182 2282 4182 2248 4182 2250 4183 2284 4183 2248 4183 2285 4184 2249 4184 2247 4184 2283 4185 2285 4185 2247 4185 2286 4186 2284 4186 2250 4186 2252 4187 2286 4187 2250 4187 2287 4188 2251 4188 2249 4188 2285 4189 2287 4189 2249 4189 2288 4190 2286 4190 2252 4190 2253 4191 2288 4191 2252 4191 2287 4192 2289 4192 2251 4192 2289 4193 2253 4193 2251 4193 2289 4194 2288 4194 2253 4194 2290 4195 2254 4195 2255 4195 2291 4196 2290 4196 2255 4196 2256 4197 2291 4197 2255 4197 2292 4198 2291 4198 2256 4198 2258 4199 2292 4199 2256 4199 2293 4200 2257 4200 2254 4200 2290 4201 2293 4201 2254 4201 2294 4202 2292 4202 2258 4202 2260 4203 2294 4203 2258 4203 2295 4204 2259 4204 2257 4204 2293 4205 2295 4205 2257 4205 2296 4206 2294 4206 2260 4206 2262 4207 2296 4207 2260 4207 2297 4208 2261 4208 2259 4208 2295 4209 2297 4209 2259 4209 2298 4210 2296 4210 2262 4210 2264 4211 2298 4211 2262 4211 2299 4212 2263 4212 2261 4212 2297 4213 2299 4213 2261 4213 2300 4214 2298 4214 2264 4214 2266 4215 2300 4215 2264 4215 2301 4216 2265 4216 2263 4216 2299 4217 2301 4217 2263 4217 2302 4218 2300 4218 2266 4218 2268 4219 2302 4219 2266 4219 2303 4220 2267 4220 2265 4220 2301 4221 2303 4221 2265 4221 2304 4222 2302 4222 2268 4222 2270 4223 2304 4223 2268 4223 2305 4224 2269 4224 2267 4224 2303 4225 2305 4225 2267 4225 2306 4226 2304 4226 2270 4226 2272 4227 2306 4227 2270 4227 2307 4228 2271 4228 2269 4228 2305 4229 2307 4229 2269 4229 2308 4230 2306 4230 2272 4230 2274 4231 2308 4231 2272 4231 2309 4232 2273 4232 2271 4232 2307 4233 2309 4233 2271 4233 2310 4234 2308 4234 2274 4234 2276 4235 2310 4235 2274 4235 2311 4236 2275 4236 2273 4236 2309 4237 2311 4237 2273 4237 2312 4238 2310 4238 2276 4238 2278 4239 2312 4239 2276 4239 2313 4240 2277 4240 2275 4240 2311 4241 2313 4241 2275 4241 2314 4242 2312 4242 2278 4242 2280 4243 2314 4243 2278 4243 2315 4244 2279 4244 2277 4244 2313 4245 2315 4245 2277 4245 2316 4246 2314 4246 2280 4246 2282 4247 2316 4247 2280 4247 2317 4248 2281 4248 2279 4248 2315 4249 2317 4249 2279 4249 2318 4250 2316 4250 2282 4250 2284 4251 2318 4251 2282 4251 2319 4252 2283 4252 2281 4252 2317 4253 2319 4253 2281 4253 2320 4254 2318 4254 2284 4254 2286 4255 2320 4255 2284 4255 2321 4256 2285 4256 2283 4256 2319 4257 2321 4257 2283 4257 2322 4258 2320 4258 2286 4258 2288 4259 2322 4259 2286 4259 2323 4260 2287 4260 2285 4260 2321 4261 2323 4261 2285 4261 2324 4262 2322 4262 2288 4262 2289 4263 2324 4263 2288 4263 2323 4264 2325 4264 2287 4264 2325 4265 2289 4265 2287 4265 2325 4266 2324 4266 2289 4266 2326 4267 2290 4267 2291 4267 2327 4268 2326 4268 2291 4268 2292 4269 2327 4269 2291 4269 2328 4270 2327 4270 2292 4270 2294 4271 2328 4271 2292 4271 2329 4272 2293 4272 2290 4272 2326 4273 2329 4273 2290 4273 2330 4274 2328 4274 2294 4274 2296 4275 2330 4275 2294 4275 2331 4276 2295 4276 2293 4276 2329 4277 2331 4277 2293 4277 2332 4278 2330 4278 2296 4278 2298 4279 2332 4279 2296 4279 2333 4280 2297 4280 2295 4280 2331 4281 2333 4281 2295 4281 2334 4282 2332 4282 2298 4282 2300 4283 2334 4283 2298 4283 2335 4284 2299 4284 2297 4284 2333 4285 2335 4285 2297 4285 2336 4286 2334 4286 2300 4286 2302 4287 2336 4287 2300 4287 2337 4288 2301 4288 2299 4288 2335 4289 2337 4289 2299 4289 2338 4290 2336 4290 2302 4290 2304 4291 2338 4291 2302 4291 2339 4292 2303 4292 2301 4292 2337 4293 2339 4293 2301 4293 2340 4294 2338 4294 2304 4294 2306 4295 2340 4295 2304 4295 2341 4296 2305 4296 2303 4296 2339 4297 2341 4297 2303 4297 2342 4298 2340 4298 2306 4298 2308 4299 2342 4299 2306 4299 2343 4300 2307 4300 2305 4300 2341 4301 2343 4301 2305 4301 2344 4302 2342 4302 2308 4302 2310 4303 2344 4303 2308 4303 2345 4304 2309 4304 2307 4304 2343 4305 2345 4305 2307 4305 2346 4306 2344 4306 2310 4306 2312 4307 2346 4307 2310 4307 2347 4308 2311 4308 2309 4308 2345 4309 2347 4309 2309 4309 2348 4310 2346 4310 2312 4310 2314 4311 2348 4311 2312 4311 2349 4312 2313 4312 2311 4312 2347 4313 2349 4313 2311 4313 2350 4314 2348 4314 2314 4314 2316 4315 2350 4315 2314 4315 2351 4316 2315 4316 2313 4316 2349 4317 2351 4317 2313 4317 2352 4318 2350 4318 2316 4318 2318 4319 2352 4319 2316 4319 2353 4320 2317 4320 2315 4320 2351 4321 2353 4321 2315 4321 2354 4322 2352 4322 2318 4322 2320 4323 2354 4323 2318 4323 2355 4324 2319 4324 2317 4324 2353 4325 2355 4325 2317 4325 2356 4326 2354 4326 2320 4326 2322 4327 2356 4327 2320 4327 2357 4328 2321 4328 2319 4328 2355 4329 2357 4329 2319 4329 2358 4330 2356 4330 2322 4330 2324 4331 2358 4331 2322 4331 2359 4332 2323 4332 2321 4332 2357 4333 2359 4333 2321 4333 2360 4334 2358 4334 2324 4334 2325 4335 2360 4335 2324 4335 2359 4336 2361 4336 2323 4336 2361 4337 2325 4337 2323 4337 2361 4338 2360 4338 2325 4338 2362 4339 2326 4339 2327 4339 2363 4340 2362 4340 2327 4340 2328 4341 2363 4341 2327 4341 2364 4342 2363 4342 2328 4342 2330 4343 2364 4343 2328 4343 2365 4344 2329 4344 2326 4344 2362 4345 2365 4345 2326 4345 2366 4346 2364 4346 2330 4346 2332 4347 2366 4347 2330 4347 2367 4348 2331 4348 2329 4348 2365 4349 2367 4349 2329 4349 2368 4350 2366 4350 2332 4350 2334 4351 2368 4351 2332 4351 2369 4352 2333 4352 2331 4352 2367 4353 2369 4353 2331 4353 2370 4354 2368 4354 2334 4354 2336 4355 2370 4355 2334 4355 2371 4356 2335 4356 2333 4356 2369 4357 2371 4357 2333 4357 2372 4358 2370 4358 2336 4358 2338 4359 2372 4359 2336 4359 2373 4360 2337 4360 2335 4360 2371 4361 2373 4361 2335 4361 2374 4362 2372 4362 2338 4362 2340 4363 2374 4363 2338 4363 2375 4364 2339 4364 2337 4364 2373 4365 2375 4365 2337 4365 2376 4366 2374 4366 2340 4366 2342 4367 2376 4367 2340 4367 2377 4368 2341 4368 2339 4368 2375 4369 2377 4369 2339 4369 2378 4370 2376 4370 2342 4370 2344 4371 2378 4371 2342 4371 2379 4372 2343 4372 2341 4372 2377 4373 2379 4373 2341 4373 2380 4374 2378 4374 2344 4374 2346 4375 2380 4375 2344 4375 2381 4376 2345 4376 2343 4376 2379 4377 2381 4377 2343 4377 2382 4378 2380 4378 2346 4378 2348 4379 2382 4379 2346 4379 2383 4380 2347 4380 2345 4380 2381 4381 2383 4381 2345 4381 2384 4382 2382 4382 2348 4382 2350 4383 2384 4383 2348 4383 2385 4384 2349 4384 2347 4384 2383 4385 2385 4385 2347 4385 2386 4386 2384 4386 2350 4386 2352 4387 2386 4387 2350 4387 2387 4388 2351 4388 2349 4388 2385 4389 2387 4389 2349 4389 2388 4390 2386 4390 2352 4390 2354 4391 2388 4391 2352 4391 2389 4392 2353 4392 2351 4392 2387 4393 2389 4393 2351 4393 2390 4394 2388 4394 2354 4394 2356 4395 2390 4395 2354 4395 2391 4396 2355 4396 2353 4396 2389 4397 2391 4397 2353 4397 2392 4398 2390 4398 2356 4398 2358 4399 2392 4399 2356 4399 2393 4400 2357 4400 2355 4400 2391 4401 2393 4401 2355 4401 2394 4402 2392 4402 2358 4402 2360 4403 2394 4403 2358 4403 2395 4404 2359 4404 2357 4404 2393 4405 2395 4405 2357 4405 2396 4406 2394 4406 2360 4406 2361 4407 2396 4407 2360 4407 2395 4408 2397 4408 2359 4408 2397 4409 2361 4409 2359 4409 2397 4410 2396 4410 2361 4410 2398 4411 2362 4411 2363 4411 2399 4412 2398 4412 2363 4412 2364 4413 2399 4413 2363 4413 2400 4414 2399 4414 2364 4414 2366 4415 2400 4415 2364 4415 2401 4416 2365 4416 2362 4416 2398 4417 2401 4417 2362 4417 2402 4418 2400 4418 2366 4418 2368 4419 2402 4419 2366 4419 2403 4420 2367 4420 2365 4420 2401 4421 2403 4421 2365 4421 2404 4422 2402 4422 2368 4422 2370 4423 2404 4423 2368 4423 2405 4424 2369 4424 2367 4424 2403 4425 2405 4425 2367 4425 2406 4426 2404 4426 2370 4426 2372 4427 2406 4427 2370 4427 2407 4428 2371 4428 2369 4428 2405 4429 2407 4429 2369 4429 2408 4430 2406 4430 2372 4430 2374 4431 2408 4431 2372 4431 2409 4432 2373 4432 2371 4432 2407 4433 2409 4433 2371 4433 2410 4434 2408 4434 2374 4434 2376 4435 2410 4435 2374 4435 2411 4436 2375 4436 2373 4436 2409 4437 2411 4437 2373 4437 2412 4438 2410 4438 2376 4438 2378 4439 2412 4439 2376 4439 2413 4440 2377 4440 2375 4440 2411 4441 2413 4441 2375 4441 2414 4442 2412 4442 2378 4442 2380 4443 2414 4443 2378 4443 2415 4444 2379 4444 2377 4444 2413 4445 2415 4445 2377 4445 2416 4446 2414 4446 2380 4446 2382 4447 2416 4447 2380 4447 2417 4448 2381 4448 2379 4448 2415 4449 2417 4449 2379 4449 2418 4450 2416 4450 2382 4450 2384 4451 2418 4451 2382 4451 2419 4452 2383 4452 2381 4452 2417 4453 2419 4453 2381 4453 2420 4454 2418 4454 2384 4454 2386 4455 2420 4455 2384 4455 2421 4456 2385 4456 2383 4456 2419 4457 2421 4457 2383 4457 2422 4458 2420 4458 2386 4458 2388 4459 2422 4459 2386 4459 2423 4460 2387 4460 2385 4460 2421 4461 2423 4461 2385 4461 2424 4462 2422 4462 2388 4462 2390 4463 2424 4463 2388 4463 2425 4464 2389 4464 2387 4464 2423 4465 2425 4465 2387 4465 2426 4466 2424 4466 2390 4466 2392 4467 2426 4467 2390 4467 2427 4468 2391 4468 2389 4468 2425 4469 2427 4469 2389 4469 2428 4470 2426 4470 2392 4470 2394 4471 2428 4471 2392 4471 2429 4472 2393 4472 2391 4472 2427 4473 2429 4473 2391 4473 2430 4474 2428 4474 2394 4474 2396 4475 2430 4475 2394 4475 2431 4476 2395 4476 2393 4476 2429 4477 2431 4477 2393 4477 2432 4478 2430 4478 2396 4478 2397 4479 2432 4479 2396 4479 2431 4480 2433 4480 2395 4480 2433 4481 2397 4481 2395 4481 2433 4482 2432 4482 2397 4482 2434 4483 2398 4483 2399 4483 2435 4484 2434 4484 2399 4484 2400 4485 2435 4485 2399 4485 2436 4486 2435 4486 2400 4486 2402 4487 2436 4487 2400 4487 2437 4488 2401 4488 2398 4488 2434 4489 2437 4489 2398 4489 2438 4490 2436 4490 2402 4490 2404 4491 2438 4491 2402 4491 2439 4492 2403 4492 2401 4492 2437 4493 2439 4493 2401 4493 2440 4494 2438 4494 2404 4494 2406 4495 2440 4495 2404 4495 2441 4496 2405 4496 2403 4496 2439 4497 2441 4497 2403 4497 2442 4498 2440 4498 2406 4498 2408 4499 2442 4499 2406 4499 2443 4500 2407 4500 2405 4500 2441 4501 2443 4501 2405 4501 2444 4502 2442 4502 2408 4502 2410 4503 2444 4503 2408 4503 2445 4504 2409 4504 2407 4504 2443 4505 2445 4505 2407 4505 2446 4506 2444 4506 2410 4506 2412 4507 2446 4507 2410 4507 2447 4508 2411 4508 2409 4508 2445 4509 2447 4509 2409 4509 2448 4510 2446 4510 2412 4510 2414 4511 2448 4511 2412 4511 2449 4512 2413 4512 2411 4512 2447 4513 2449 4513 2411 4513 2450 4514 2448 4514 2414 4514 2416 4515 2450 4515 2414 4515 2451 4516 2415 4516 2413 4516 2449 4517 2451 4517 2413 4517 2452 4518 2450 4518 2416 4518 2418 4519 2452 4519 2416 4519 2453 4520 2417 4520 2415 4520 2451 4521 2453 4521 2415 4521 2454 4522 2452 4522 2418 4522 2420 4523 2454 4523 2418 4523 2455 4524 2419 4524 2417 4524 2453 4525 2455 4525 2417 4525 2456 4526 2454 4526 2420 4526 2422 4527 2456 4527 2420 4527 2457 4528 2421 4528 2419 4528 2455 4529 2457 4529 2419 4529 2458 4530 2456 4530 2422 4530 2424 4531 2458 4531 2422 4531 2459 4532 2423 4532 2421 4532 2457 4533 2459 4533 2421 4533 2460 4534 2458 4534 2424 4534 2426 4535 2460 4535 2424 4535 2461 4536 2425 4536 2423 4536 2459 4537 2461 4537 2423 4537 2462 4538 2460 4538 2426 4538 2428 4539 2462 4539 2426 4539 2463 4540 2427 4540 2425 4540 2461 4541 2463 4541 2425 4541 2464 4542 2462 4542 2428 4542 2430 4543 2464 4543 2428 4543 2465 4544 2429 4544 2427 4544 2463 4545 2465 4545 2427 4545 2466 4546 2464 4546 2430 4546 2432 4547 2466 4547 2430 4547 2467 4548 2431 4548 2429 4548 2465 4549 2467 4549 2429 4549 2468 4550 2466 4550 2432 4550 2433 4551 2468 4551 2432 4551 2467 4552 2469 4552 2431 4552 2469 4553 2433 4553 2431 4553 2469 4554 2468 4554 2433 4554 2470 4555 2434 4555 2435 4555 2471 4556 2470 4556 2435 4556 2436 4557 2471 4557 2435 4557 2472 4558 2471 4558 2436 4558 2438 4559 2472 4559 2436 4559 2473 4560 2437 4560 2434 4560 2470 4561 2473 4561 2434 4561 2474 4562 2472 4562 2438 4562 2440 4563 2474 4563 2438 4563 2475 4564 2439 4564 2437 4564 2473 4565 2475 4565 2437 4565 2476 4566 2474 4566 2440 4566 2442 4567 2476 4567 2440 4567 2477 4568 2441 4568 2439 4568 2475 4569 2477 4569 2439 4569 2478 4570 2476 4570 2442 4570 2444 4571 2478 4571 2442 4571 2479 4572 2443 4572 2441 4572 2477 4573 2479 4573 2441 4573 2480 4574 2478 4574 2444 4574 2446 4575 2480 4575 2444 4575 2481 4576 2445 4576 2443 4576 2479 4577 2481 4577 2443 4577 2482 4578 2480 4578 2446 4578 2448 4579 2482 4579 2446 4579 2483 4580 2447 4580 2445 4580 2481 4581 2483 4581 2445 4581 2484 4582 2482 4582 2448 4582 2450 4583 2484 4583 2448 4583 2485 4584 2449 4584 2447 4584 2483 4585 2485 4585 2447 4585 2486 4586 2484 4586 2450 4586 2452 4587 2486 4587 2450 4587 2487 4588 2451 4588 2449 4588 2485 4589 2487 4589 2449 4589 2488 4590 2486 4590 2452 4590 2454 4591 2488 4591 2452 4591 2489 4592 2453 4592 2451 4592 2487 4593 2489 4593 2451 4593 2490 4594 2488 4594 2454 4594 2456 4595 2490 4595 2454 4595 2491 4596 2455 4596 2453 4596 2489 4597 2491 4597 2453 4597 2492 4598 2490 4598 2456 4598 2458 4599 2492 4599 2456 4599 2493 4600 2457 4600 2455 4600 2491 4601 2493 4601 2455 4601 2494 4602 2492 4602 2458 4602 2460 4603 2494 4603 2458 4603 2495 4604 2459 4604 2457 4604 2493 4605 2495 4605 2457 4605 2496 4606 2494 4606 2460 4606 2462 4607 2496 4607 2460 4607 2497 4608 2461 4608 2459 4608 2495 4609 2497 4609 2459 4609 2498 4610 2496 4610 2462 4610 2464 4611 2498 4611 2462 4611 2499 4612 2463 4612 2461 4612 2497 4613 2499 4613 2461 4613 2500 4614 2498 4614 2464 4614 2466 4615 2500 4615 2464 4615 2501 4616 2465 4616 2463 4616 2499 4617 2501 4617 2463 4617 2502 4618 2500 4618 2466 4618 2468 4619 2502 4619 2466 4619 2503 4620 2467 4620 2465 4620 2501 4621 2503 4621 2465 4621 2504 4622 2502 4622 2468 4622 2469 4623 2504 4623 2468 4623 2503 4624 2505 4624 2467 4624 2505 4625 2469 4625 2467 4625 2505 4626 2504 4626 2469 4626 2506 4627 2470 4627 2471 4627 2507 4628 2506 4628 2471 4628 2472 4629 2507 4629 2471 4629 2508 4630 2507 4630 2472 4630 2474 4631 2508 4631 2472 4631 2509 4632 2473 4632 2470 4632 2506 4633 2509 4633 2470 4633 2510 4634 2508 4634 2474 4634 2476 4635 2510 4635 2474 4635 2511 4636 2475 4636 2473 4636 2509 4637 2511 4637 2473 4637 2512 4638 2510 4638 2476 4638 2478 4639 2512 4639 2476 4639 2513 4640 2477 4640 2475 4640 2511 4641 2513 4641 2475 4641 2514 4642 2512 4642 2478 4642 2480 4643 2514 4643 2478 4643 2515 4644 2479 4644 2477 4644 2513 4645 2515 4645 2477 4645 2516 4646 2514 4646 2480 4646 2482 4647 2516 4647 2480 4647 2517 4648 2481 4648 2479 4648 2515 4649 2517 4649 2479 4649 2518 4650 2516 4650 2482 4650 2484 4651 2518 4651 2482 4651 2519 4652 2483 4652 2481 4652 2517 4653 2519 4653 2481 4653 2520 4654 2518 4654 2484 4654 2486 4655 2520 4655 2484 4655 2521 4656 2485 4656 2483 4656 2519 4657 2521 4657 2483 4657 2522 4658 2520 4658 2486 4658 2488 4659 2522 4659 2486 4659 2523 4660 2487 4660 2485 4660 2521 4661 2523 4661 2485 4661 2524 4662 2522 4662 2488 4662 2490 4663 2524 4663 2488 4663 2525 4664 2489 4664 2487 4664 2523 4665 2525 4665 2487 4665 2526 4666 2524 4666 2490 4666 2492 4667 2526 4667 2490 4667 2527 4668 2491 4668 2489 4668 2525 4669 2527 4669 2489 4669 2528 4670 2526 4670 2492 4670 2494 4671 2528 4671 2492 4671 2529 4672 2493 4672 2491 4672 2527 4673 2529 4673 2491 4673 2530 4674 2528 4674 2494 4674 2496 4675 2530 4675 2494 4675 2531 4676 2495 4676 2493 4676 2529 4677 2531 4677 2493 4677 2532 4678 2530 4678 2496 4678 2498 4679 2532 4679 2496 4679 2533 4680 2497 4680 2495 4680 2531 4681 2533 4681 2495 4681 2534 4682 2532 4682 2498 4682 2500 4683 2534 4683 2498 4683 2535 4684 2499 4684 2497 4684 2533 4685 2535 4685 2497 4685 2536 4686 2534 4686 2500 4686 2502 4687 2536 4687 2500 4687 2537 4688 2501 4688 2499 4688 2535 4689 2537 4689 2499 4689 2538 4690 2536 4690 2502 4690 2504 4691 2538 4691 2502 4691 2539 4692 2503 4692 2501 4692 2537 4693 2539 4693 2501 4693 2540 4694 2538 4694 2504 4694 2505 4695 2540 4695 2504 4695 2539 4696 2541 4696 2503 4696 2541 4697 2505 4697 2503 4697 2541 4698 2540 4698 2505 4698 2542 7 2506 7 2507 7 2508 7 2542 7 2507 7 2510 7 2542 7 2508 7 2542 7 2509 7 2506 7 2512 7 2542 7 2510 7 2542 7 2511 7 2509 7 2514 7 2542 7 2512 7 2542 4699 2513 4699 2511 4699 2516 7 2542 7 2514 7 2542 4700 2515 4700 2513 4700 2518 7 2542 7 2516 7 2542 4701 2517 4701 2515 4701 2520 7 2542 7 2518 7 2542 4702 2519 4702 2517 4702 2522 7 2542 7 2520 7 2542 4703 2521 4703 2519 4703 2524 7 2542 7 2522 7 2542 4704 2523 4704 2521 4704 2526 7 2542 7 2524 7 2538 7 2540 7 2542 7 2540 7 2541 7 2542 7 2541 7 2539 7 2542 7 2532 7 2534 7 2542 7 2534 7 2536 7 2542 7 2536 7 2538 7 2542 7 2526 7 2528 7 2542 7 2528 7 2530 7 2542 7 2530 7 2532 7 2542 7 2527 7 2525 7 2542 7 2525 7 2523 7 2542 7 2533 7 2531 7 2542 7 2531 4705 2529 4705 2542 4705 2529 4706 2527 4706 2542 4706 2539 7 2537 7 2542 7 2537 7 2535 7 2542 7 2535 7 2533 7 2542 7</p>
        </triangles>
      </mesh>
    </geometry>
  </library_geometries>
  <library_materials>
    <material id="m_grey20" name="grey20">
      <instance_effect url="#m_grey20-fx"/>
    </material>
  </library_materials>
  <library_effects>
    <effect id="m_grey20-fx" name="grey20">
      <profile_COMMON>
        <technique sid="standard">
          <phong>
            <ambient>
              <color sid="ambient">0.2 0.2 0.2 1</color>
            </ambient>
            <diffuse>
              <color sid="diffuse">0.2 0.2 0.2 1</color>
            </diffuse>
            <specular>
              <color sid="specular">0.2 0.2 0.2 1</color>
            </specular>
          </phong>
        </technique>
      </profile_COMMON>
    </effect>
  </library_effects>

  <library_visual_scenes>
    <visual_scene id="Scene" name="Scene">
      <node id="M-MAT" name="M-MAT" type="NODE">
        <matrix sid="transform">0.001 0 0 -0.38 0 -4.37114e-11 -0.001 0.18 0 0.001 -4.37114e-11 0 0 0 0 1</matrix>
        <instance_geometry url="#M-MAT-mesh" name="M-MAT">
        <bind_material>
          <technique_common>
            <instance_material symbol="grey20" target="#m_grey20"/>
          </technique_common>
        </bind_material>
      </instance_geometry>
      </node>
      <node id="Camera" name="Camera" type="NODE">
        <matrix sid="transform">0.6859207 -0.3240135 0.6515582 7.358891 0.7276763 0.3054208 -0.6141704 -6.925791 0 0.8953956 0.4452714 4.958309 0 0 0 1</matrix>
        <instance_camera url="#Camera-camera"/>
      </node>
      <node id="Light" name="Light" type="NODE">
        <matrix sid="transform">-0.2908646 -0.7711008 0.5663932 4.076245 0.9551712 -0.1998834 0.2183912 1.005454 -0.05518906 0.6045247 0.7946723 5.903862 0 0 0 1</matrix>
        <instance_light url="#Light-light"/>
      </node>
    </visual_scene>
  </library_visual_scenes>
  <scene>
    <instance_visual_scene url="#Scene"/>
  </scene>
</COLLADA>